1753946590010	geckodriver	INFO	Listening on 127.0.0.1:50605
1753946593043	mozrunner::runner	INFO	Running command: "C:\\Program Files\\Mozilla Firefox\\firefox.exe" "--marionette" "--headless" "--remote-debugging-port" "506 ... " "--remote-allow-hosts" "localhost" "-no-remote" "-profile" "C:\\Users\\Atomix\\AppData\\Local\\Temp\\rust_mozprofile9sf9DP"
*** You are running in headless mode.
console.warn: services.settings: Ignoring preference override of remote settings server
console.warn: services.settings: Allow by setting MOZ_REMOTE_SETTINGS_DEVTOOLS=1 in the environment
Dynamically enable window occlusion 0
1753946593406	Marionette	INFO	Marionette enabled
1753946593530	Marionette	INFO	Listening on port 50616
WebDriver BiDi listening on ws://127.0.0.1:50606
Read port: 50616
1753946593701	RemoteAgent	WARN	TLS certificate errors will be ignored for this session
[GFX1-]: RenderCompositorSWGL failed mapping default framebuffer, no dt
console.error: services.settings: 
  main/query-stripping Signature failed  InvalidSignatureError: Invalid content signature (main/query-stripping) using 'remote-settings.content-signature.mozilla.org-2025-09-08-21-33-59.chain'
console.error: services.settings: 
  main/query-stripping local data was corrupted
console.warn: services.settings: main/query-stripping Signature verified failed. Retry from scratch
console.error: services.settings: 
  main/fingerprinting-protection-overrides Signature failed  InvalidSignatureError: Invalid content signature (main/fingerprinting-protection-overrides) using 'remote-settings.content-signature.mozilla.org-2025-09-08-21-33-59.chain'
console.error: services.settings: 
  main/fingerprinting-protection-overrides local data was corrupted
console.warn: services.settings: main/fingerprinting-protection-overrides Signature verified failed. Retry from scratch
console.error: services.settings: 
  main/query-stripping Signature failed again InvalidSignatureError: Invalid content signature (main/query-stripping) using 'remote-settings.content-signature.mozilla.org-2025-09-08-21-33-59.chain'
console.error: (new InvalidSignatureError("Invalid content signature (main/query-stripping) using 'remote-settings.content-signature.mozilla.org-2025-09-08-21-33-59.chain'", "resource://services-settings/RemoteSettingsClient.sys.mjs", 165))
console.error: services.settings: 
  main/fingerprinting-protection-overrides Signature failed again InvalidSignatureError: Invalid content signature (main/fingerprinting-protection-overrides) using 'remote-settings.content-signature.mozilla.org-2025-09-08-21-33-59.chain'
console.error: (new InvalidSignatureError("Invalid content signature (main/fingerprinting-protection-overrides) using 'remote-settings.content-signature.mozilla.org-2025-09-08-21-33-59.chain'", "resource://services-settings/RemoteSettingsClient.sys.mjs", 165))
console.error: ({})
DevTools listening on ws://127.0.0.1:50606/devtools/browser/ada634dd-792c-4395-86e9-2a773df6ff52
console.error: services.settings: 
  main/partitioning-exempt-urls Signature failed  InvalidSignatureError: Invalid content signature (main/partitioning-exempt-urls) using 'remote-settings.content-signature.mozilla.org-2025-09-08-21-33-59.chain'
console.error: services.settings: 
  main/partitioning-exempt-urls local data was corrupted
console.warn: services.settings: main/partitioning-exempt-urls Signature verified failed. Retry from scratch
console.error: services.settings: 
  main/partitioning-exempt-urls Signature failed again InvalidSignatureError: Invalid content signature (main/partitioning-exempt-urls) using 'remote-settings.content-signature.mozilla.org-2025-09-08-21-33-59.chain'
console.error: (new InvalidSignatureError("Invalid content signature (main/partitioning-exempt-urls) using 'remote-settings.content-signature.mozilla.org-2025-09-08-21-33-59.chain'", "resource://services-settings/RemoteSettingsClient.sys.mjs", 165))
JavaScript warning: https://sbb0yj0bjho-496ff2e9c6d22116-0-colab.googleusercontent.com/outputframe.html?vrz=colab_20250729-060053_RC00_788359736, line 239: Using //@ to indicate sourceURL pragmas is deprecated. Use //# instead
JavaScript warning: https://mkrrzav9yqo-496ff2e9c6d22116-0-colab.googleusercontent.com/outputframe.html?vrz=colab_20250729-060053_RC00_788359736, line 239: Using //@ to indicate sourceURL pragmas is deprecated. Use //# instead
JavaScript warning: https://mkrrzav9yqo-496ff2e9c6d22116-0-colab.googleusercontent.com/outputframe.html?vrz=colab_20250729-060053_RC00_788359736, line 239: Using //@ to indicate sourceURL pragmas is deprecated. Use //# instead
JavaScript warning: https://www.google.com/js/bg/0qnx2Gb82MY1wqpIt-pJ8z32LEcFDaWHqPgsrVnGetI.js, line 1503: unreachable code after return statement
JavaScript warning: https://www.google.com/js/bg/0qnx2Gb82MY1wqpIt-pJ8z32LEcFDaWHqPgsrVnGetI.js, line 1503: unreachable code after return statement
JavaScript warning: https://www.google.com/js/bg/0qnx2Gb82MY1wqpIt-pJ8z32LEcFDaWHqPgsrVnGetI.js, line 1503: unreachable code after return statement
JavaScript warning: https://www.google.com/js/bg/0qnx2Gb82MY1wqpIt-pJ8z32LEcFDaWHqPgsrVnGetI.js, line 1503: unreachable code after return statement
JavaScript warning: https://www.google.com/js/bg/0qnx2Gb82MY1wqpIt-pJ8z32LEcFDaWHqPgsrVnGetI.js, line 1503: unreachable code after return statement
JavaScript warning: https://www.google.com/js/bg/0qnx2Gb82MY1wqpIt-pJ8z32LEcFDaWHqPgsrVnGetI.js, line 1503: unreachable code after return statement
JavaScript warning: https://www.google.com/js/bg/0qnx2Gb82MY1wqpIt-pJ8z32LEcFDaWHqPgsrVnGetI.js, line 1503: unreachable code after return statement
JavaScript warning: https://www.google.com/js/bg/0qnx2Gb82MY1wqpIt-pJ8z32LEcFDaWHqPgsrVnGetI.js line 2 > eval, line 1503: unreachable code after return statement
JavaScript warning: https://www.google.com/js/bg/0qnx2Gb82MY1wqpIt-pJ8z32LEcFDaWHqPgsrVnGetI.js line 2 > eval, line 1503: unreachable code after return statement
JavaScript warning: https://www.google.com/js/bg/0qnx2Gb82MY1wqpIt-pJ8z32LEcFDaWHqPgsrVnGetI.js line 2 > eval, line 1503: unreachable code after return statement
JavaScript warning: https://www.google.com/js/bg/0qnx2Gb82MY1wqpIt-pJ8z32LEcFDaWHqPgsrVnGetI.js line 2 > eval, line 1503: unreachable code after return statement
JavaScript warning: https://www.google.com/js/bg/0qnx2Gb82MY1wqpIt-pJ8z32LEcFDaWHqPgsrVnGetI.js line 2 > eval, line 1: unreachable code after return statement
JavaScript warning: https://www.google.com/js/bg/0qnx2Gb82MY1wqpIt-pJ8z32LEcFDaWHqPgsrVnGetI.js line 2 > eval line 1503 > eval, line 1: unreachable code after return statement
JavaScript warning: https://www.google.com/js/bg/0qnx2Gb82MY1wqpIt-pJ8z32LEcFDaWHqPgsrVnGetI.js line 2 > eval line 1503 > eval, line 1: unreachable code after return statement
JavaScript warning: https://www.google.com/js/bg/0qnx2Gb82MY1wqpIt-pJ8z32LEcFDaWHqPgsrVnGetI.js line 2 > eval line 1503 > eval line 1 > eval, line 1: unreachable code after return statement
JavaScript warning: https://www.google.com/js/bg/0qnx2Gb82MY1wqpIt-pJ8z32LEcFDaWHqPgsrVnGetI.js line 2 > eval line 1503 > eval, line 1: unreachable code after return statement
JavaScript warning: https://www.google.com/js/bg/0qnx2Gb82MY1wqpIt-pJ8z32LEcFDaWHqPgsrVnGetI.js line 2 > eval line 1503 > eval line 1 > eval, line 1: unreachable code after return statement
JavaScript warning: https://www.google.com/js/bg/0qnx2Gb82MY1wqpIt-pJ8z32LEcFDaWHqPgsrVnGetI.js line 2 > eval, line 1503: unreachable code after return statement
JavaScript warning: https://www.google.com/js/bg/0qnx2Gb82MY1wqpIt-pJ8z32LEcFDaWHqPgsrVnGetI.js line 2 > eval, line 1503: unreachable code after return statement
JavaScript warning: https://www.google.com/js/bg/0qnx2Gb82MY1wqpIt-pJ8z32LEcFDaWHqPgsrVnGetI.js line 2 > eval, line 1503: unreachable code after return statement
JavaScript warning: https://www.google.com/js/bg/0qnx2Gb82MY1wqpIt-pJ8z32LEcFDaWHqPgsrVnGetI.js line 2 > eval line 1503 > eval line 1 > eval, line 1: unreachable code after return statement
JavaScript warning: https://www.google.com/js/bg/0qnx2Gb82MY1wqpIt-pJ8z32LEcFDaWHqPgsrVnGetI.js line 2 > eval line 1503 > eval line 1 > eval, line 1: unreachable code after return statement
JavaScript warning: https://www.google.com/js/bg/0qnx2Gb82MY1wqpIt-pJ8z32LEcFDaWHqPgsrVnGetI.js line 2 > eval line 1503 > eval line 1 > eval, line 1: unreachable code after return statement
JavaScript warning: https://www.google.com/js/bg/0qnx2Gb82MY1wqpIt-pJ8z32LEcFDaWHqPgsrVnGetI.js line 2 > eval line 1503 > eval line 1 > eval line 1 > eval, line 1: unreachable code after return statement
JavaScript warning: https://www.google.com/js/bg/0qnx2Gb82MY1wqpIt-pJ8z32LEcFDaWHqPgsrVnGetI.js line 2 > eval line 1503 > eval line 1 > eval line 1 > eval, line 1: unreachable code after return statement
JavaScript warning: https://www.google.com/js/bg/0qnx2Gb82MY1wqpIt-pJ8z32LEcFDaWHqPgsrVnGetI.js line 2 > eval line 1503 > eval line 1 > eval line 1 > eval, line 1: unreachable code after return statement
JavaScript warning: https://mkrrzav9yqo-496ff2e9c6d22116-0-colab.googleusercontent.com/outputframe.html?vrz=colab_20250729-060053_RC00_788359736 line 13 > eval, line 972: Using //@ to indicate sourceURL pragmas is deprecated. Use //# instead
JavaScript warning: https://zxfk5i3act-496ff2e9c6d22116-0-colab.googleusercontent.com/outputframe.html?vrz=colab_20250729-060053_RC00_788359736, line 239: Using //@ to indicate sourceURL pragmas is deprecated. Use //# instead
JavaScript warning: https://1j9hijgi55a-496ff2e9c6d22116-0-colab.googleusercontent.com/outputframe.html?vrz=colab_20250729-060053_RC00_788359736, line 239: Using //@ to indicate sourceURL pragmas is deprecated. Use //# instead
JavaScript warning: https://www.google.com/js/bg/ewkwPWymqQfuUctaJ1I01ziIEjwrJG28Jgq1eVP0gew.js, line 3335: unreachable code after return statement
JavaScript warning: https://www.google.com/js/bg/ewkwPWymqQfuUctaJ1I01ziIEjwrJG28Jgq1eVP0gew.js, line 3335: unreachable code after return statement
JavaScript warning: https://www.google.com/js/bg/ewkwPWymqQfuUctaJ1I01ziIEjwrJG28Jgq1eVP0gew.js, line 3335: unreachable code after return statement
JavaScript warning: https://www.google.com/js/bg/ewkwPWymqQfuUctaJ1I01ziIEjwrJG28Jgq1eVP0gew.js line 2 > eval, line 3335: unreachable code after return statement
JavaScript warning: https://www.google.com/js/bg/ewkwPWymqQfuUctaJ1I01ziIEjwrJG28Jgq1eVP0gew.js line 2 > eval, line 3335: unreachable code after return statement
JavaScript warning: https://www.google.com/js/bg/ewkwPWymqQfuUctaJ1I01ziIEjwrJG28Jgq1eVP0gew.js line 2 > eval, line 3335: unreachable code after return statement
JavaScript warning: https://www.google.com/js/bg/ewkwPWymqQfuUctaJ1I01ziIEjwrJG28Jgq1eVP0gew.js line 2 > eval, line 1: unreachable code after return statement
JavaScript warning: https://www.google.com/js/bg/ewkwPWymqQfuUctaJ1I01ziIEjwrJG28Jgq1eVP0gew.js line 2 > eval line 3335 > eval, line 1: unreachable code after return statement
JavaScript warning: https://www.google.com/js/bg/ewkwPWymqQfuUctaJ1I01ziIEjwrJG28Jgq1eVP0gew.js line 2 > eval line 3335 > eval, line 1: unreachable code after return statement
JavaScript warning: https://www.google.com/js/bg/ewkwPWymqQfuUctaJ1I01ziIEjwrJG28Jgq1eVP0gew.js line 2 > eval line 3335 > eval line 1 > eval, line 1: unreachable code after return statement
JavaScript warning: https://www.google.com/js/bg/ewkwPWymqQfuUctaJ1I01ziIEjwrJG28Jgq1eVP0gew.js line 2 > eval line 3335 > eval line 1 > eval, line 1: unreachable code after return statement
JavaScript warning: https://www.google.com/js/bg/ewkwPWymqQfuUctaJ1I01ziIEjwrJG28Jgq1eVP0gew.js line 2 > eval line 3335 > eval line 1 > eval, line 1: unreachable code after return statement
JavaScript warning: https://www.google.com/js/bg/ewkwPWymqQfuUctaJ1I01ziIEjwrJG28Jgq1eVP0gew.js line 2 > eval line 3335 > eval line 1 > eval line 1 > eval, line 1: unreachable code after return statement
JavaScript warning: https://www.google.com/js/bg/ewkwPWymqQfuUctaJ1I01ziIEjwrJG28Jgq1eVP0gew.js line 2 > eval line 3335 > eval line 1 > eval line 1 > eval, line 1: unreachable code after return statement
1753946623435	addons.xpi	ERROR	System addon update list error SyntaxError: XMLHttpRequest.open: 'http://%(server)s/dummy-system-addons.xml' is not a valid URL.
console.error: services.settings: 
  blocklists/addons-bloomfilters Signature failed  InvalidSignatureError: Invalid content signature (blocklists/addons-bloomfilters) using 'remote-settings.content-signature.mozilla.org-2025-09-08-21-33-59.chain'
console.error: services.settings: 
  blocklists/addons-bloomfilters local data was corrupted
console.warn: services.settings: blocklists/addons-bloomfilters Signature verified failed. Retry from scratch
console.error: services.settings: 
  blocklists/addons-bloomfilters Signature failed again InvalidSignatureError: Invalid content signature (blocklists/addons-bloomfilters) using 'remote-settings.content-signature.mozilla.org-2025-09-08-21-33-59.chain'
console.error: services.settings: 
  Message: InvalidSignatureError: Invalid content signature (blocklists/addons-bloomfilters) using 'remote-settings.content-signature.mozilla.org-2025-09-08-21-33-59.chain'
  Stack:
    InvalidSignatureError@resource://services-settings/RemoteSettingsClient.sys.mjs:165:5
_validateCollectionSignature@resource://services-settings/RemoteSettingsClient.sys.mjs:1021:13

console.error: services.settings: 
  main/search-config-v2 Signature failed  InvalidSignatureError: Invalid content signature (main/search-config-v2) using 'remote-settings.content-signature.mozilla.org-2025-09-08-21-33-59.chain'
console.error: services.settings: 
  main/search-config-v2 local data was corrupted
console.warn: services.settings: main/search-config-v2 Signature verified failed. Retry from scratch
console.error: services.settings: 
  main/search-config-v2 Signature failed again InvalidSignatureError: Invalid content signature (main/search-config-v2) using 'remote-settings.content-signature.mozilla.org-2025-09-08-21-33-59.chain'
console.error: services.settings: 
  Message: InvalidSignatureError: Invalid content signature (main/search-config-v2) using 'remote-settings.content-signature.mozilla.org-2025-09-08-21-33-59.chain'
  Stack:
    InvalidSignatureError@resource://services-settings/RemoteSettingsClient.sys.mjs:165:5
_validateCollectionSignature@resource://services-settings/RemoteSettingsClient.sys.mjs:1021:13

console.error: services.settings: 
  main/search-telemetry-v2 Signature failed  InvalidSignatureError: Invalid content signature (main/search-telemetry-v2) using 'remote-settings.content-signature.mozilla.org-2025-09-08-21-33-59.chain'
console.error: services.settings: 
  main/search-telemetry-v2 local data was corrupted
console.warn: services.settings: main/search-telemetry-v2 Signature verified failed. Retry from scratch
console.error: services.settings: 
  main/search-telemetry-v2 Signature failed again InvalidSignatureError: Invalid content signature (main/search-telemetry-v2) using 'remote-settings.content-signature.mozilla.org-2025-09-08-21-33-59.chain'
console.error: services.settings: 
  Message: InvalidSignatureError: Invalid content signature (main/search-telemetry-v2) using 'remote-settings.content-signature.mozilla.org-2025-09-08-21-33-59.chain'
  Stack:
    InvalidSignatureError@resource://services-settings/RemoteSettingsClient.sys.mjs:165:5
_validateCollectionSignature@resource://services-settings/RemoteSettingsClient.sys.mjs:1021:13

console.error: services.settings: 
  main/translations-models Signature failed  InvalidSignatureError: Invalid content signature (main/translations-models) using 'remote-settings.content-signature.mozilla.org-2025-09-08-21-33-59.chain'
console.error: services.settings: 
  main/translations-models local data was corrupted
console.warn: services.settings: main/translations-models Signature verified failed. Retry from scratch
console.error: services.settings: 
  main/translations-models Signature failed again InvalidSignatureError: Invalid content signature (main/translations-models) using 'remote-settings.content-signature.mozilla.org-2025-09-08-21-33-59.chain'
console.error: services.settings: 
  Message: InvalidSignatureError: Invalid content signature (main/translations-models) using 'remote-settings.content-signature.mozilla.org-2025-09-08-21-33-59.chain'
  Stack:
    InvalidSignatureError@resource://services-settings/RemoteSettingsClient.sys.mjs:165:5
_validateCollectionSignature@resource://services-settings/RemoteSettingsClient.sys.mjs:1021:13

console.error: services.settings: 
  main/devtools-compatibility-browsers Signature failed  InvalidSignatureError: Invalid content signature (main/devtools-compatibility-browsers) using 'remote-settings.content-signature.mozilla.org-2025-09-08-21-33-59.chain'
console.error: services.settings: 
  main/devtools-compatibility-browsers local data was corrupted
console.warn: services.settings: main/devtools-compatibility-browsers Signature verified failed. Retry from scratch
console.error: services.settings: 
  main/devtools-compatibility-browsers Signature failed again InvalidSignatureError: Invalid content signature (main/devtools-compatibility-browsers) using 'remote-settings.content-signature.mozilla.org-2025-09-08-21-33-59.chain'
console.error: services.settings: 
  Message: InvalidSignatureError: Invalid content signature (main/devtools-compatibility-browsers) using 'remote-settings.content-signature.mozilla.org-2025-09-08-21-33-59.chain'
  Stack:
    InvalidSignatureError@resource://services-settings/RemoteSettingsClient.sys.mjs:165:5
_validateCollectionSignature@resource://services-settings/RemoteSettingsClient.sys.mjs:1021:13

console.error: services.settings: 
  main/doh-config Signature failed  InvalidSignatureError: Invalid content signature (main/doh-config) using 'remote-settings.content-signature.mozilla.org-2025-09-08-21-33-59.chain'
console.error: services.settings: 
  main/doh-config local data was corrupted
console.warn: services.settings: main/doh-config Signature verified failed. Retry from scratch
console.error: services.settings: 
  main/doh-config Signature failed again InvalidSignatureError: Invalid content signature (main/doh-config) using 'remote-settings.content-signature.mozilla.org-2025-09-08-21-33-59.chain'
console.error: services.settings: 
  Message: InvalidSignatureError: Invalid content signature (main/doh-config) using 'remote-settings.content-signature.mozilla.org-2025-09-08-21-33-59.chain'
  Stack:
    InvalidSignatureError@resource://services-settings/RemoteSettingsClient.sys.mjs:165:5
_validateCollectionSignature@resource://services-settings/RemoteSettingsClient.sys.mjs:1021:13

console.error: services.settings: 
  main/fingerprinting-protection-overrides Signature failed  InvalidSignatureError: Invalid content signature (main/fingerprinting-protection-overrides) using 'remote-settings.content-signature.mozilla.org-2025-09-08-21-33-59.chain'
console.error: services.settings: 
  main/fingerprinting-protection-overrides local data was corrupted
console.warn: services.settings: main/fingerprinting-protection-overrides Signature verified failed. Retry from scratch
console.error: services.settings: 
  main/fingerprinting-protection-overrides Signature failed again InvalidSignatureError: Invalid content signature (main/fingerprinting-protection-overrides) using 'remote-settings.content-signature.mozilla.org-2025-09-08-21-33-59.chain'
console.error: services.settings: 
  Message: InvalidSignatureError: Invalid content signature (main/fingerprinting-protection-overrides) using 'remote-settings.content-signature.mozilla.org-2025-09-08-21-33-59.chain'
  Stack:
    InvalidSignatureError@resource://services-settings/RemoteSettingsClient.sys.mjs:165:5
_validateCollectionSignature@resource://services-settings/RemoteSettingsClient.sys.mjs:1021:13

console.error: services.settings: 
  main/translations-wasm Signature failed  InvalidSignatureError: Invalid content signature (main/translations-wasm) using 'remote-settings.content-signature.mozilla.org-2025-09-08-21-33-59.chain'
console.error: services.settings: 
  main/translations-wasm local data was corrupted
console.warn: services.settings: main/translations-wasm Signature verified failed. Retry from scratch
console.error: services.settings: 
  main/translations-wasm Signature failed again InvalidSignatureError: Invalid content signature (main/translations-wasm) using 'remote-settings.content-signature.mozilla.org-2025-09-08-21-33-59.chain'
console.error: services.settings: 
  Message: InvalidSignatureError: Invalid content signature (main/translations-wasm) using 'remote-settings.content-signature.mozilla.org-2025-09-08-21-33-59.chain'
  Stack:
    InvalidSignatureError@resource://services-settings/RemoteSettingsClient.sys.mjs:165:5
_validateCollectionSignature@resource://services-settings/RemoteSettingsClient.sys.mjs:1021:13

console.error: services.settings: 
  main/partitioning-exempt-urls Signature failed  InvalidSignatureError: Invalid content signature (main/partitioning-exempt-urls) using 'remote-settings.content-signature.mozilla.org-2025-09-08-21-33-59.chain'
console.error: services.settings: 
  main/partitioning-exempt-urls local data was corrupted
console.warn: services.settings: main/partitioning-exempt-urls Signature verified failed. Retry from scratch
console.error: services.settings: 
  main/partitioning-exempt-urls Signature failed again InvalidSignatureError: Invalid content signature (main/partitioning-exempt-urls) using 'remote-settings.content-signature.mozilla.org-2025-09-08-21-33-59.chain'
console.error: services.settings: 
  Message: InvalidSignatureError: Invalid content signature (main/partitioning-exempt-urls) using 'remote-settings.content-signature.mozilla.org-2025-09-08-21-33-59.chain'
  Stack:
    InvalidSignatureError@resource://services-settings/RemoteSettingsClient.sys.mjs:165:5
_validateCollectionSignature@resource://services-settings/RemoteSettingsClient.sys.mjs:1021:13

console.error: services.settings: 
  blocklists/gfx Signature failed  InvalidSignatureError: Invalid content signature (blocklists/gfx) using 'remote-settings.content-signature.mozilla.org-2025-09-08-21-33-59.chain'
console.error: services.settings: 
  blocklists/gfx local data was corrupted
console.warn: services.settings: blocklists/gfx Signature verified failed. Retry from scratch
console.error: services.settings: 
  blocklists/gfx Signature failed again InvalidSignatureError: Invalid content signature (blocklists/gfx) using 'remote-settings.content-signature.mozilla.org-2025-09-08-21-33-59.chain'
console.error: services.settings: 
  Message: InvalidSignatureError: Invalid content signature (blocklists/gfx) using 'remote-settings.content-signature.mozilla.org-2025-09-08-21-33-59.chain'
  Stack:
    InvalidSignatureError@resource://services-settings/RemoteSettingsClient.sys.mjs:165:5
_validateCollectionSignature@resource://services-settings/RemoteSettingsClient.sys.mjs:1021:13

console.error: services.settings: 
  main/search-config-icons Signature failed  InvalidSignatureError: Invalid content signature (main/search-config-icons) using 'remote-settings.content-signature.mozilla.org-2025-09-08-21-33-59.chain'
console.error: services.settings: 
  main/search-config-icons local data was corrupted
console.warn: services.settings: main/search-config-icons Signature verified failed. Retry from scratch
console.error: services.settings: 
  main/search-config-icons Signature failed again InvalidSignatureError: Invalid content signature (main/search-config-icons) using 'remote-settings.content-signature.mozilla.org-2025-09-08-21-33-59.chain'
console.error: services.settings: 
  Message: InvalidSignatureError: Invalid content signature (main/search-config-icons) using 'remote-settings.content-signature.mozilla.org-2025-09-08-21-33-59.chain'
  Stack:
    InvalidSignatureError@resource://services-settings/RemoteSettingsClient.sys.mjs:165:5
_validateCollectionSignature@resource://services-settings/RemoteSettingsClient.sys.mjs:1021:13

console.error: services.settings: 
  main/search-default-override-allowlist Signature failed  InvalidSignatureError: Invalid content signature (main/search-default-override-allowlist) using 'remote-settings.content-signature.mozilla.org-2025-09-08-21-33-59.chain'
console.error: services.settings: 
  main/search-default-override-allowlist local data was corrupted
console.warn: services.settings: main/search-default-override-allowlist Signature verified failed. Retry from scratch
console.error: services.settings: 
  main/search-default-override-allowlist Signature failed again InvalidSignatureError: Invalid content signature (main/search-default-override-allowlist) using 'remote-settings.content-signature.mozilla.org-2025-09-08-21-33-59.chain'
console.error: services.settings: 
  Message: InvalidSignatureError: Invalid content signature (main/search-default-override-allowlist) using 'remote-settings.content-signature.mozilla.org-2025-09-08-21-33-59.chain'
  Stack:
    InvalidSignatureError@resource://services-settings/RemoteSettingsClient.sys.mjs:165:5
_validateCollectionSignature@resource://services-settings/RemoteSettingsClient.sys.mjs:1021:13

console.error: services.settings: 
  main/top-sites Signature failed  InvalidSignatureError: Invalid content signature (main/top-sites) using 'remote-settings.content-signature.mozilla.org-2025-09-08-21-33-59.chain'
console.error: services.settings: 
  main/top-sites local data was corrupted
console.warn: services.settings: main/top-sites Signature verified failed. Retry from scratch
console.error: services.settings: 
  main/top-sites Signature failed again InvalidSignatureError: Invalid content signature (main/top-sites) using 'remote-settings.content-signature.mozilla.org-2025-09-08-21-33-59.chain'
console.error: services.settings: 
  Message: InvalidSignatureError: Invalid content signature (main/top-sites) using 'remote-settings.content-signature.mozilla.org-2025-09-08-21-33-59.chain'
  Stack:
    InvalidSignatureError@resource://services-settings/RemoteSettingsClient.sys.mjs:165:5
_validateCollectionSignature@resource://services-settings/RemoteSettingsClient.sys.mjs:1021:13

console.error: services.settings: 
  main/password-rules Signature failed  InvalidSignatureError: Invalid content signature (main/password-rules) using 'remote-settings.content-signature.mozilla.org-2025-09-08-21-33-59.chain'
console.error: services.settings: 
  main/password-rules local data was corrupted
console.warn: services.settings: main/password-rules Signature verified failed. Retry from scratch
console.error: services.settings: 
  main/password-rules Signature failed again InvalidSignatureError: Invalid content signature (main/password-rules) using 'remote-settings.content-signature.mozilla.org-2025-09-08-21-33-59.chain'
console.error: services.settings: 
  Message: InvalidSignatureError: Invalid content signature (main/password-rules) using 'remote-settings.content-signature.mozilla.org-2025-09-08-21-33-59.chain'
  Stack:
    InvalidSignatureError@resource://services-settings/RemoteSettingsClient.sys.mjs:165:5
_validateCollectionSignature@resource://services-settings/RemoteSettingsClient.sys.mjs:1021:13

console.error: services.settings: 
  main/url-classifier-skip-urls Signature failed  InvalidSignatureError: Invalid content signature (main/url-classifier-skip-urls) using 'remote-settings.content-signature.mozilla.org-2025-09-08-21-33-59.chain'
console.error: services.settings: 
  main/url-classifier-skip-urls local data was corrupted
console.warn: services.settings: main/url-classifier-skip-urls Signature verified failed. Retry from scratch
console.error: services.settings: 
  main/url-classifier-skip-urls Signature failed again InvalidSignatureError: Invalid content signature (main/url-classifier-skip-urls) using 'remote-settings.content-signature.mozilla.org-2025-09-08-21-33-59.chain'
console.error: services.settings: 
  Message: InvalidSignatureError: Invalid content signature (main/url-classifier-skip-urls) using 'remote-settings.content-signature.mozilla.org-2025-09-08-21-33-59.chain'
  Stack:
    InvalidSignatureError@resource://services-settings/RemoteSettingsClient.sys.mjs:165:5
_validateCollectionSignature@resource://services-settings/RemoteSettingsClient.sys.mjs:1021:13

console.error: services.settings: 
  main/websites-with-shared-credential-backends Signature failed  InvalidSignatureError: Invalid content signature (main/websites-with-shared-credential-backends) using 'remote-settings.content-signature.mozilla.org-2025-09-08-21-33-59.chain'
console.error: services.settings: 
  main/websites-with-shared-credential-backends local data was corrupted
console.warn: services.settings: main/websites-with-shared-credential-backends Signature verified failed. Retry from scratch
console.error: services.settings: 
  main/websites-with-shared-credential-backends Signature failed again InvalidSignatureError: Invalid content signature (main/websites-with-shared-credential-backends) using 'remote-settings.content-signature.mozilla.org-2025-09-08-21-33-59.chain'
console.error: services.settings: 
  Message: InvalidSignatureError: Invalid content signature (main/websites-with-shared-credential-backends) using 'remote-settings.content-signature.mozilla.org-2025-09-08-21-33-59.chain'
  Stack:
    InvalidSignatureError@resource://services-settings/RemoteSettingsClient.sys.mjs:165:5
_validateCollectionSignature@resource://services-settings/RemoteSettingsClient.sys.mjs:1021:13

console.error: services.settings: 
  main/normandy-recipes-capabilities Signature failed  InvalidSignatureError: Invalid content signature (main/normandy-recipes-capabilities) using 'remote-settings.content-signature.mozilla.org-2025-09-08-21-33-59.chain'
console.error: services.settings: 
  main/normandy-recipes-capabilities local data was corrupted
console.warn: services.settings: main/normandy-recipes-capabilities Signature verified failed. Retry from scratch
console.error: services.settings: 
  main/normandy-recipes-capabilities Signature failed again InvalidSignatureError: Invalid content signature (main/normandy-recipes-capabilities) using 'remote-settings.content-signature.mozilla.org-2025-09-08-21-33-59.chain'
console.error: services.settings: 
  Message: InvalidSignatureError: Invalid content signature (main/normandy-recipes-capabilities) using 'remote-settings.content-signature.mozilla.org-2025-09-08-21-33-59.chain'
  Stack:
    InvalidSignatureError@resource://services-settings/RemoteSettingsClient.sys.mjs:165:5
_validateCollectionSignature@resource://services-settings/RemoteSettingsClient.sys.mjs:1021:13

console.error: services.settings: 
  main/cookie-banner-rules-list Signature failed  InvalidSignatureError: Invalid content signature (main/cookie-banner-rules-list) using 'remote-settings.content-signature.mozilla.org-2025-09-08-21-33-59.chain'
console.error: services.settings: 
  main/cookie-banner-rules-list local data was corrupted
console.warn: services.settings: main/cookie-banner-rules-list Signature verified failed. Retry from scratch
console.error: services.settings: 
  main/cookie-banner-rules-list Signature failed again InvalidSignatureError: Invalid content signature (main/cookie-banner-rules-list) using 'remote-settings.content-signature.mozilla.org-2025-09-08-21-33-59.chain'
console.error: services.settings: 
  Message: InvalidSignatureError: Invalid content signature (main/cookie-banner-rules-list) using 'remote-settings.content-signature.mozilla.org-2025-09-08-21-33-59.chain'
  Stack:
    InvalidSignatureError@resource://services-settings/RemoteSettingsClient.sys.mjs:165:5
_validateCollectionSignature@resource://services-settings/RemoteSettingsClient.sys.mjs:1021:13

console.warn: services.settings: main/search-config Signature verified failed. Retry from scratch
console.error: services.settings: 
  main/search-config Signature failed again InvalidSignatureError: Invalid content signature (main/search-config) using 'remote-settings.content-signature.mozilla.org-2025-09-08-21-33-59.chain'
console.error: services.settings: 
  Message: InvalidSignatureError: Invalid content signature (main/search-config) using 'remote-settings.content-signature.mozilla.org-2025-09-08-21-33-59.chain'
  Stack:
    InvalidSignatureError@resource://services-settings/RemoteSettingsClient.sys.mjs:165:5
_validateCollectionSignature@resource://services-settings/RemoteSettingsClient.sys.mjs:1021:13

console.warn: services.settings: main/search-config-overrides Signature verified failed. Retry from scratch
console.error: services.settings: 
  main/search-config-overrides Signature failed again InvalidSignatureError: Invalid content signature (main/search-config-overrides) using 'remote-settings.content-signature.mozilla.org-2025-09-08-21-33-59.chain'
console.error: services.settings: 
  Message: InvalidSignatureError: Invalid content signature (main/search-config-overrides) using 'remote-settings.content-signature.mozilla.org-2025-09-08-21-33-59.chain'
  Stack:
    InvalidSignatureError@resource://services-settings/RemoteSettingsClient.sys.mjs:165:5
_validateCollectionSignature@resource://services-settings/RemoteSettingsClient.sys.mjs:1021:13

console.error: services.settings: 
  main/query-stripping Signature failed  InvalidSignatureError: Invalid content signature (main/query-stripping) using 'remote-settings.content-signature.mozilla.org-2025-09-08-21-33-59.chain'
console.error: services.settings: 
  main/query-stripping local data was corrupted
console.warn: services.settings: main/query-stripping Signature verified failed. Retry from scratch
console.error: services.settings: 
  main/query-stripping Signature failed again InvalidSignatureError: Invalid content signature (main/query-stripping) using 'remote-settings.content-signature.mozilla.org-2025-09-08-21-33-59.chain'
console.error: services.settings: 
  Message: InvalidSignatureError: Invalid content signature (main/query-stripping) using 'remote-settings.content-signature.mozilla.org-2025-09-08-21-33-59.chain'
  Stack:
    InvalidSignatureError@resource://services-settings/RemoteSettingsClient.sys.mjs:165:5
_validateCollectionSignature@resource://services-settings/RemoteSettingsClient.sys.mjs:1021:13

console.error: services.settings: 
  main/addons-manager-settings Signature failed  InvalidSignatureError: Invalid content signature (main/addons-manager-settings) using 'remote-settings.content-signature.mozilla.org-2025-09-08-21-33-59.chain'
console.error: services.settings: 
  main/addons-manager-settings local data was corrupted
console.warn: services.settings: main/addons-manager-settings Signature verified failed. Retry from scratch
console.error: services.settings: 
  main/addons-manager-settings Signature failed again InvalidSignatureError: Invalid content signature (main/addons-manager-settings) using 'remote-settings.content-signature.mozilla.org-2025-09-08-21-33-59.chain'
console.error: services.settings: 
  Message: InvalidSignatureError: Invalid content signature (main/addons-manager-settings) using 'remote-settings.content-signature.mozilla.org-2025-09-08-21-33-59.chain'
  Stack:
    InvalidSignatureError@resource://services-settings/RemoteSettingsClient.sys.mjs:165:5
_validateCollectionSignature@resource://services-settings/RemoteSettingsClient.sys.mjs:1021:13

console.error: services.settings: 
  main/doh-providers Signature failed  InvalidSignatureError: Invalid content signature (main/doh-providers) using 'remote-settings.content-signature.mozilla.org-2025-09-08-21-33-59.chain'
console.error: services.settings: 
  main/doh-providers local data was corrupted
console.warn: services.settings: main/doh-providers Signature verified failed. Retry from scratch
console.error: services.settings: 
  main/doh-providers Signature failed again InvalidSignatureError: Invalid content signature (main/doh-providers) using 'remote-settings.content-signature.mozilla.org-2025-09-08-21-33-59.chain'
console.error: services.settings: 
  Message: InvalidSignatureError: Invalid content signature (main/doh-providers) using 'remote-settings.content-signature.mozilla.org-2025-09-08-21-33-59.chain'
  Stack:
    InvalidSignatureError@resource://services-settings/RemoteSettingsClient.sys.mjs:165:5
_validateCollectionSignature@resource://services-settings/RemoteSettingsClient.sys.mjs:1021:13

console.error: services.settings: 
  main/pioneer-study-addons-v1 Signature failed  InvalidSignatureError: Invalid content signature (main/pioneer-study-addons-v1) using 'remote-settings.content-signature.mozilla.org-2025-09-08-21-33-59.chain'
console.error: services.settings: 
  main/pioneer-study-addons-v1 local data was corrupted
console.warn: services.settings: main/pioneer-study-addons-v1 Signature verified failed. Retry from scratch
console.error: services.settings: 
  main/pioneer-study-addons-v1 Signature failed again InvalidSignatureError: Invalid content signature (main/pioneer-study-addons-v1) using 'remote-settings.content-signature.mozilla.org-2025-09-08-21-33-59.chain'
console.error: services.settings: 
  Message: InvalidSignatureError: Invalid content signature (main/pioneer-study-addons-v1) using 'remote-settings.content-signature.mozilla.org-2025-09-08-21-33-59.chain'
  Stack:
    InvalidSignatureError@resource://services-settings/RemoteSettingsClient.sys.mjs:165:5
_validateCollectionSignature@resource://services-settings/RemoteSettingsClient.sys.mjs:1021:13

console.warn: services.settings: main/hijack-blocklists Signature verified failed. Retry from scratch
console.error: services.settings: 
  main/hijack-blocklists Signature failed again InvalidSignatureError: Invalid content signature (main/hijack-blocklists) using 'remote-settings.content-signature.mozilla.org-2025-09-08-21-33-59.chain'
console.error: services.settings: 
  Message: InvalidSignatureError: Invalid content signature (main/hijack-blocklists) using 'remote-settings.content-signature.mozilla.org-2025-09-08-21-33-59.chain'
  Stack:
    InvalidSignatureError@resource://services-settings/RemoteSettingsClient.sys.mjs:165:5
_validateCollectionSignature@resource://services-settings/RemoteSettingsClient.sys.mjs:1021:13

console.warn: services.settings: main/anti-tracking-url-decoration Signature verified failed. Retry from scratch
console.error: services.settings: 
  main/anti-tracking-url-decoration Signature failed again InvalidSignatureError: Invalid content signature (main/anti-tracking-url-decoration) using 'remote-settings.content-signature.mozilla.org-2025-09-08-21-33-59.chain'
console.error: services.settings: 
  Message: InvalidSignatureError: Invalid content signature (main/anti-tracking-url-decoration) using 'remote-settings.content-signature.mozilla.org-2025-09-08-21-33-59.chain'
  Stack:
    InvalidSignatureError@resource://services-settings/RemoteSettingsClient.sys.mjs:165:5
_validateCollectionSignature@resource://services-settings/RemoteSettingsClient.sys.mjs:1021:13

console.error: (new InvalidSignatureError("Invalid content signature (blocklists/addons-bloomfilters) using 'remote-settings.content-signature.mozilla.org-2025-09-08-21-33-59.chain'", "resource://services-settings/RemoteSettingsClient.sys.mjs", 165))
JavaScript warning: https://www.google.com/js/bg/ewkwPWymqQfuUctaJ1I01ziIEjwrJG28Jgq1eVP0gew.js line 2 > eval line 3335 > eval line 1 > eval line 1 > eval, line 1: unreachable code after return statement
JavaScript warning: https://www.google.com/js/bg/ewkwPWymqQfuUctaJ1I01ziIEjwrJG28Jgq1eVP0gew.js line 2 > eval line 3335 > eval line 1 > eval line 1 > eval, line 1: unreachable code after return statement
JavaScript warning: https://1j9hijgi55a-496ff2e9c6d22116-0-colab.googleusercontent.com/outputframe.html?vrz=colab_20250729-060053_RC00_788359736, line 239: Using //@ to indicate sourceURL pragmas is deprecated. Use //# instead
JavaScript warning: https://1j9hijgi55a-496ff2e9c6d22116-0-colab.googleusercontent.com/outputframe.html?vrz=colab_20250729-060053_RC00_788359736, line 239: Using //@ to indicate sourceURL pragmas is deprecated. Use //# instead
JavaScript warning: https://1j9hijgi55a-496ff2e9c6d22116-0-colab.googleusercontent.com/outputframe.html?vrz=colab_20250729-060053_RC00_788359736, line 239: Using //@ to indicate sourceURL pragmas is deprecated. Use //# instead
JavaScript warning: https://1j9hijgi55a-496ff2e9c6d22116-0-colab.googleusercontent.com/outputframe.html?vrz=colab_20250729-060053_RC00_788359736, line 239: Using //@ to indicate sourceURL pragmas is deprecated. Use //# instead
JavaScript warning: https://1j9hijgi55a-496ff2e9c6d22116-0-colab.googleusercontent.com/outputframe.html?vrz=colab_20250729-060053_RC00_788359736, line 239: Using //@ to indicate sourceURL pragmas is deprecated. Use //# instead
JavaScript warning: https://www.google.com/js/bg/ewkwPWymqQfuUctaJ1I01ziIEjwrJG28Jgq1eVP0gew.js, line 3970: unreachable code after return statement
JavaScript warning: https://www.google.com/js/bg/ewkwPWymqQfuUctaJ1I01ziIEjwrJG28Jgq1eVP0gew.js, line 3970: unreachable code after return statement
JavaScript warning: https://www.google.com/js/bg/ewkwPWymqQfuUctaJ1I01ziIEjwrJG28Jgq1eVP0gew.js, line 3970: unreachable code after return statement
JavaScript warning: https://www.google.com/js/bg/ewkwPWymqQfuUctaJ1I01ziIEjwrJG28Jgq1eVP0gew.js line 2 > eval, line 3970: unreachable code after return statement
JavaScript warning: https://www.google.com/js/bg/ewkwPWymqQfuUctaJ1I01ziIEjwrJG28Jgq1eVP0gew.js line 2 > eval, line 3970: unreachable code after return statement
JavaScript warning: https://www.google.com/js/bg/ewkwPWymqQfuUctaJ1I01ziIEjwrJG28Jgq1eVP0gew.js line 2 > eval, line 3970: unreachable code after return statement
JavaScript warning: https://www.google.com/js/bg/ewkwPWymqQfuUctaJ1I01ziIEjwrJG28Jgq1eVP0gew.js line 2 > eval, line 1: unreachable code after return statement
JavaScript warning: https://www.google.com/js/bg/ewkwPWymqQfuUctaJ1I01ziIEjwrJG28Jgq1eVP0gew.js line 2 > eval line 3970 > eval, line 1: unreachable code after return statement
JavaScript warning: https://www.google.com/js/bg/ewkwPWymqQfuUctaJ1I01ziIEjwrJG28Jgq1eVP0gew.js line 2 > eval, line 1: unreachable code after return statement
JavaScript warning: https://www.google.com/js/bg/ewkwPWymqQfuUctaJ1I01ziIEjwrJG28Jgq1eVP0gew.js line 2 > eval line 3970 > eval, line 1: unreachable code after return statement
JavaScript warning: https://www.google.com/js/bg/ewkwPWymqQfuUctaJ1I01ziIEjwrJG28Jgq1eVP0gew.js line 2 > eval line 3970 > eval line 1 > eval, line 1: unreachable code after return statement
JavaScript warning: https://www.google.com/js/bg/ewkwPWymqQfuUctaJ1I01ziIEjwrJG28Jgq1eVP0gew.js line 2 > eval line 3970 > eval line 1 > eval, line 1: unreachable code after return statement
JavaScript warning: https://www.google.com/js/bg/ewkwPWymqQfuUctaJ1I01ziIEjwrJG28Jgq1eVP0gew.js line 2 > eval line 3970 > eval line 1 > eval line 1 > eval, line 1: unreachable code after return statement
JavaScript warning: https://www.google.com/js/bg/ewkwPWymqQfuUctaJ1I01ziIEjwrJG28Jgq1eVP0gew.js line 2 > eval line 3970 > eval line 1 > eval line 1 > eval, line 1: unreachable code after return statement
JavaScript warning: https://www.google.com/js/bg/0qnx2Gb82MY1wqpIt-pJ8z32LEcFDaWHqPgsrVnGetI.js, line 4445: unreachable code after return statement
JavaScript warning: https://www.google.com/js/bg/0qnx2Gb82MY1wqpIt-pJ8z32LEcFDaWHqPgsrVnGetI.js, line 4445: unreachable code after return statement
JavaScript warning: https://www.google.com/js/bg/0qnx2Gb82MY1wqpIt-pJ8z32LEcFDaWHqPgsrVnGetI.js, line 4445: unreachable code after return statement
JavaScript warning: https://www.google.com/js/bg/0qnx2Gb82MY1wqpIt-pJ8z32LEcFDaWHqPgsrVnGetI.js, line 4445: unreachable code after return statement
JavaScript warning: https://www.google.com/js/bg/0qnx2Gb82MY1wqpIt-pJ8z32LEcFDaWHqPgsrVnGetI.js, line 4445: unreachable code after return statement
JavaScript warning: https://www.google.com/js/bg/0qnx2Gb82MY1wqpIt-pJ8z32LEcFDaWHqPgsrVnGetI.js, line 4445: unreachable code after return statement
JavaScript warning: https://www.google.com/js/bg/0qnx2Gb82MY1wqpIt-pJ8z32LEcFDaWHqPgsrVnGetI.js, line 4445: unreachable code after return statement
JavaScript warning: https://www.google.com/js/bg/0qnx2Gb82MY1wqpIt-pJ8z32LEcFDaWHqPgsrVnGetI.js line 2 > eval, line 4445: unreachable code after return statement
JavaScript warning: https://www.google.com/js/bg/0qnx2Gb82MY1wqpIt-pJ8z32LEcFDaWHqPgsrVnGetI.js line 2 > eval, line 4445: unreachable code after return statement
JavaScript warning: https://www.google.com/js/bg/0qnx2Gb82MY1wqpIt-pJ8z32LEcFDaWHqPgsrVnGetI.js line 2 > eval, line 4445: unreachable code after return statement
JavaScript warning: https://www.google.com/js/bg/0qnx2Gb82MY1wqpIt-pJ8z32LEcFDaWHqPgsrVnGetI.js line 2 > eval, line 4445: unreachable code after return statement
JavaScript warning: https://www.google.com/js/bg/0qnx2Gb82MY1wqpIt-pJ8z32LEcFDaWHqPgsrVnGetI.js line 2 > eval, line 1: unreachable code after return statement
JavaScript warning: https://www.google.com/js/bg/0qnx2Gb82MY1wqpIt-pJ8z32LEcFDaWHqPgsrVnGetI.js line 2 > eval line 4445 > eval, line 1: unreachable code after return statement
JavaScript warning: https://www.google.com/js/bg/0qnx2Gb82MY1wqpIt-pJ8z32LEcFDaWHqPgsrVnGetI.js line 2 > eval, line 1: unreachable code after return statement
JavaScript warning: https://www.google.com/js/bg/0qnx2Gb82MY1wqpIt-pJ8z32LEcFDaWHqPgsrVnGetI.js line 2 > eval line 4445 > eval, line 1: unreachable code after return statement
JavaScript warning: https://www.google.com/js/bg/0qnx2Gb82MY1wqpIt-pJ8z32LEcFDaWHqPgsrVnGetI.js line 2 > eval, line 1: unreachable code after return statement
JavaScript warning: https://www.google.com/js/bg/0qnx2Gb82MY1wqpIt-pJ8z32LEcFDaWHqPgsrVnGetI.js line 2 > eval line 4445 > eval, line 1: unreachable code after return statement
JavaScript warning: https://www.google.com/js/bg/0qnx2Gb82MY1wqpIt-pJ8z32LEcFDaWHqPgsrVnGetI.js line 2 > eval, line 4445: unreachable code after return statement
JavaScript warning: https://www.google.com/js/bg/0qnx2Gb82MY1wqpIt-pJ8z32LEcFDaWHqPgsrVnGetI.js line 2 > eval, line 4445: unreachable code after return statement
JavaScript warning: https://www.google.com/js/bg/0qnx2Gb82MY1wqpIt-pJ8z32LEcFDaWHqPgsrVnGetI.js line 2 > eval, line 4445: unreachable code after return statement
JavaScript warning: https://www.google.com/js/bg/0qnx2Gb82MY1wqpIt-pJ8z32LEcFDaWHqPgsrVnGetI.js line 2 > eval line 4445 > eval line 1 > eval, line 1: unreachable code after return statement
JavaScript warning: https://www.google.com/js/bg/0qnx2Gb82MY1wqpIt-pJ8z32LEcFDaWHqPgsrVnGetI.js line 2 > eval line 4445 > eval line 1 > eval, line 1: unreachable code after return statement
JavaScript warning: https://www.google.com/js/bg/0qnx2Gb82MY1wqpIt-pJ8z32LEcFDaWHqPgsrVnGetI.js line 2 > eval line 4445 > eval line 1 > eval, line 1: unreachable code after return statement
JavaScript warning: https://www.google.com/js/bg/0qnx2Gb82MY1wqpIt-pJ8z32LEcFDaWHqPgsrVnGetI.js line 2 > eval line 4445 > eval line 1 > eval line 1 > eval, line 1: unreachable code after return statement
JavaScript warning: https://www.google.com/js/bg/0qnx2Gb82MY1wqpIt-pJ8z32LEcFDaWHqPgsrVnGetI.js line 2 > eval line 4445 > eval line 1 > eval line 1 > eval, line 1: unreachable code after return statement
JavaScript warning: https://www.google.com/js/bg/0qnx2Gb82MY1wqpIt-pJ8z32LEcFDaWHqPgsrVnGetI.js line 2 > eval line 4445 > eval line 1 > eval line 1 > eval, line 1: unreachable code after return statement
JavaScript warning: https://www.google.com/js/bg/ewkwPWymqQfuUctaJ1I01ziIEjwrJG28Jgq1eVP0gew.js, line 325: unreachable code after return statement
JavaScript warning: https://www.google.com/js/bg/ewkwPWymqQfuUctaJ1I01ziIEjwrJG28Jgq1eVP0gew.js, line 325: unreachable code after return statement
JavaScript warning: https://www.google.com/js/bg/ewkwPWymqQfuUctaJ1I01ziIEjwrJG28Jgq1eVP0gew.js, line 325: unreachable code after return statement
JavaScript warning: https://www.google.com/js/bg/ewkwPWymqQfuUctaJ1I01ziIEjwrJG28Jgq1eVP0gew.js line 2 > eval, line 325: unreachable code after return statement
JavaScript warning: https://www.google.com/js/bg/ewkwPWymqQfuUctaJ1I01ziIEjwrJG28Jgq1eVP0gew.js line 2 > eval, line 325: unreachable code after return statement
JavaScript warning: https://www.google.com/js/bg/ewkwPWymqQfuUctaJ1I01ziIEjwrJG28Jgq1eVP0gew.js line 2 > eval, line 325: unreachable code after return statement
JavaScript warning: https://www.google.com/js/bg/ewkwPWymqQfuUctaJ1I01ziIEjwrJG28Jgq1eVP0gew.js line 2 > eval, line 1: unreachable code after return statement
JavaScript warning: https://www.google.com/js/bg/ewkwPWymqQfuUctaJ1I01ziIEjwrJG28Jgq1eVP0gew.js line 2 > eval line 325 > eval, line 1: unreachable code after return statement
JavaScript warning: https://www.google.com/js/bg/ewkwPWymqQfuUctaJ1I01ziIEjwrJG28Jgq1eVP0gew.js line 2 > eval, line 1: unreachable code after return statement
JavaScript warning: https://www.google.com/js/bg/ewkwPWymqQfuUctaJ1I01ziIEjwrJG28Jgq1eVP0gew.js line 2 > eval line 325 > eval, line 1: unreachable code after return statement
JavaScript warning: https://www.google.com/js/bg/ewkwPWymqQfuUctaJ1I01ziIEjwrJG28Jgq1eVP0gew.js line 2 > eval line 325 > eval line 1 > eval, line 1: unreachable code after return statement
JavaScript warning: https://www.google.com/js/bg/ewkwPWymqQfuUctaJ1I01ziIEjwrJG28Jgq1eVP0gew.js line 2 > eval line 325 > eval line 1 > eval, line 1: unreachable code after return statement
JavaScript warning: https://www.google.com/js/bg/ewkwPWymqQfuUctaJ1I01ziIEjwrJG28Jgq1eVP0gew.js line 2 > eval line 325 > eval line 1 > eval line 1 > eval, line 1: unreachable code after return statement
JavaScript warning: https://www.google.com/js/bg/ewkwPWymqQfuUctaJ1I01ziIEjwrJG28Jgq1eVP0gew.js line 2 > eval line 325 > eval line 1 > eval line 1 > eval, line 1: unreachable code after return statement
locklists/addons-bloomfilters Signature failed  InvalidSignatureError: Invalid content signature (blocklists/addons-bloomfilters) using 'remote-settings.content-signature.mozilla.org-2025-09-08-21-33-59.chain'
console.error: services.settings: 
  blocklists/addons-bloomfilters local data was corrupted
console.warn: services.settings: blocklists/addons-bloomfilters Signature verified failed. Retry from scratch
console.error: services.settings: 
  blocklists/addons-bloomfilters Signature failed again InvalidSignatureError: Invalid content signature (blocklists/addons-bloomfilters) using 'remote-settings.content-signature.mozilla.org-2025-09-08-21-33-59.chain'
console.error: services.settings: 
  Message: InvalidSignatureError: Invalid content signature (blocklists/addons-bloomfilters) using 'remote-settings.content-signature.mozilla.org-2025-09-08-21-33-59.chain'
  Stack:
    InvalidSignatureError@resource://services-settings/RemoteSettingsClient.sys.mjs:165:5
_validateCollectionSignature@resource://services-settings/RemoteSettingsClient.sys.mjs:1021:13

console.error: services.settings: 
  main/search-config-v2 Signature failed  InvalidSignatureError: Invalid content signature (main/search-config-v2) using 'remote-settings.content-signature.mozilla.org-2025-09-08-21-33-59.chain'
console.error: services.settings: 
  main/search-config-v2 local data was corrupted
console.warn: services.settings: main/search-config-v2 Signature verified failed. Retry from scratch
console.error: services.settings: 
  main/search-config-v2 Signature failed again InvalidSignatureError: Invalid content signature (main/search-config-v2) using 'remote-settings.content-signature.mozilla.org-2025-09-08-21-33-59.chain'
console.error: services.settings: 
  Message: InvalidSignatureError: Invalid content signature (main/search-config-v2) using 'remote-settings.content-signature.mozilla.org-2025-09-08-21-33-59.chain'
  Stack:
    InvalidSignatureError@resource://services-settings/RemoteSettingsClient.sys.mjs:165:5
_validateCollectionSignature@resource://services-settings/RemoteSettingsClient.sys.mjs:1021:13

console.error: services.settings: 
  main/search-telemetry-v2 Signature failed  InvalidSignatureError: Invalid content signature (main/search-telemetry-v2) using 'remote-settings.content-signature.mozilla.org-2025-09-08-21-33-59.chain'
console.error: services.settings: 
  main/search-telemetry-v2 local data was corrupted
console.warn: services.settings: main/search-telemetry-v2 Signature verified failed. Retry from scratch
console.error: services.settings: 
  main/search-telemetry-v2 Signature failed again InvalidSignatureError: Invalid content signature (main/search-telemetry-v2) using 'remote-settings.content-signature.mozilla.org-2025-09-08-21-33-59.chain'
console.error: services.settings: 
  Message: InvalidSignatureError: Invalid content signature (main/search-telemetry-v2) using 'remote-settings.content-signature.mozilla.org-2025-09-08-21-33-59.chain'
  Stack:
    InvalidSignatureError@resource://services-settings/RemoteSettingsClient.sys.mjs:165:5
_validateCollectionSignature@resource://services-settings/RemoteSettingsClient.sys.mjs:1021:13

console.error: services.settings: 
  main/translations-models Signature failed  InvalidSignatureError: Invalid content signature (main/translations-models) using 'remote-settings.content-signature.mozilla.org-2025-09-08-21-33-59.chain'
console.error: services.settings: 
  main/translations-models local data was corrupted
console.warn: services.settings: main/translations-models Signature verified failed. Retry from scratch
console.error: services.settings: 
  main/translations-models Signature failed again InvalidSignatureError: Invalid content signature (main/translations-models) using 'remote-settings.content-signature.mozilla.org-2025-09-08-21-33-59.chain'
console.error: services.settings: 
  Message: InvalidSignatureError: Invalid content signature (main/translations-models) using 'remote-settings.content-signature.mozilla.org-2025-09-08-21-33-59.chain'
  Stack:
    InvalidSignatureError@resource://services-settings/RemoteSettingsClient.sys.mjs:165:5
_validateCollectionSignature@resource://services-settings/RemoteSettingsClient.sys.mjs:1021:13

console.error: services.settings: 
  main/devtools-compatibility-browsers Signature failed  InvalidSignatureError: Invalid content signature (main/devtools-compatibility-browsers) using 'remote-settings.content-signature.mozilla.org-2025-09-08-21-33-59.chain'
console.error: services.settings: 
  main/devtools-compatibility-browsers local data was corrupted
console.warn: services.settings: main/devtools-compatibility-browsers Signature verified failed. Retry from scratch
console.error: services.settings: 
  main/devtools-compatibility-browsers Signature failed again InvalidSignatureError: Invalid content signature (main/devtools-compatibility-browsers) using 'remote-settings.content-signature.mozilla.org-2025-09-08-21-33-59.chain'
console.error: services.settings: 
  Message: InvalidSignatureError: Invalid content signature (main/devtools-compatibility-browsers) using 'remote-settings.content-signature.mozilla.org-2025-09-08-21-33-59.chain'
  Stack:
    InvalidSignatureError@resource://services-settings/RemoteSettingsClient.sys.mjs:165:5
_validateCollectionSignature@resource://services-settings/RemoteSettingsClient.sys.mjs:1021:13

console.error: services.settings: 
  main/doh-config Signature failed  InvalidSignatureError: Invalid content signature (main/doh-config) using 'remote-settings.content-signature.mozilla.org-2025-09-08-21-33-59.chain'
console.error: services.settings: 
  main/doh-config local data was corrupted
console.warn: services.settings: main/doh-config Signature verified failed. Retry from scratch
console.error: services.settings: 
  main/doh-config Signature failed again InvalidSignatureError: Invalid content signature (main/doh-config) using 'remote-settings.content-signature.mozilla.org-2025-09-08-21-33-59.chain'
console.error: services.settings: 
  Message: InvalidSignatureError: Invalid content signature (main/doh-config) using 'remote-settings.content-signature.mozilla.org-2025-09-08-21-33-59.chain'
  Stack:
    InvalidSignatureError@resource://services-settings/RemoteSettingsClient.sys.mjs:165:5
_validateCollectionSignature@resource://services-settings/RemoteSettingsClient.sys.mjs:1021:13

console.error: services.settings: 
  main/fingerprinting-protection-overrides Signature failed  InvalidSignatureError: Invalid content signature (main/fingerprinting-protection-overrides) using 'remote-settings.content-signature.mozilla.org-2025-09-08-21-33-59.chain'
console.error: services.settings: 
  main/fingerprinting-protection-overrides local data was corrupted
console.warn: services.settings: main/fingerprinting-protection-overrides Signature verified failed. Retry from scratch
console.error: services.settings: 
  main/fingerprinting-protection-overrides Signature failed again InvalidSignatureError: Invalid content signature (main/fingerprinting-protection-overrides) using 'remote-settings.content-signature.mozilla.org-2025-09-08-21-33-59.chain'
console.error: services.settings: 
  Message: InvalidSignatureError: Invalid content signature (main/fingerprinting-protection-overrides) using 'remote-settings.content-signature.mozilla.org-2025-09-08-21-33-59.chain'
  Stack:
    InvalidSignatureError@resource://services-settings/RemoteSettingsClient.sys.mjs:165:5
_validateCollectionSignature@resource://services-settings/RemoteSettingsClient.sys.mjs:1021:13

console.error: services.settings: 
  main/translations-wasm Signature failed  InvalidSignatureError: Invalid content signature (main/translations-wasm) using 'remote-settings.content-signature.mozilla.org-2025-09-08-21-33-59.chain'
console.error: services.settings: 
  main/translations-wasm local data was corrupted
console.warn: services.settings: main/translations-wasm Signature verified failed. Retry from scratch
console.error: services.settings: 
  main/translations-wasm Signature failed again InvalidSignatureError: Invalid content signature (main/translations-wasm) using 'remote-settings.content-signature.mozilla.org-2025-09-08-21-33-59.chain'
console.error: services.settings: 
  Message: InvalidSignatureError: Invalid content signature (main/translations-wasm) using 'remote-settings.content-signature.mozilla.org-2025-09-08-21-33-59.chain'
  Stack:
    InvalidSignatureError@resource://services-settings/RemoteSettingsClient.sys.mjs:165:5
_validateCollectionSignature@resource://services-settings/RemoteSettingsClient.sys.mjs:1021:13

console.error: services.settings: 
  main/partitioning-exempt-urls Signature failed  InvalidSignatureError: Invalid content signature (main/partitioning-exempt-urls) using 'remote-settings.content-signature.mozilla.org-2025-09-08-21-33-59.chain'
console.error: services.settings: 
  main/partitioning-exempt-urls local data was corrupted
console.warn: services.settings: main/partitioning-exempt-urls Signature verified failed. Retry from scratch
console.error: services.settings: 
  main/partitioning-exempt-urls Signature failed again InvalidSignatureError: Invalid content signature (main/partitioning-exempt-urls) using 'remote-settings.content-signature.mozilla.org-2025-09-08-21-33-59.chain'
console.error: services.settings: 
  Message: InvalidSignatureError: Invalid content signature (main/partitioning-exempt-urls) using 'remote-settings.content-signature.mozilla.org-2025-09-08-21-33-59.chain'
  Stack:
    InvalidSignatureError@resource://services-settings/RemoteSettingsClient.sys.mjs:165:5
_validateCollectionSignature@resource://services-settings/RemoteSettingsClient.sys.mjs:1021:13

console.error: services.settings: 
  blocklists/gfx Signature failed  InvalidSignatureError: Invalid content signature (blocklists/gfx) using 'remote-settings.content-signature.mozilla.org-2025-09-08-21-33-59.chain'
console.error: services.settings: 
  blocklists/gfx local data was corrupted
console.warn: services.settings: blocklists/gfx Signature verified failed. Retry from scratch
console.error: services.settings: 
  blocklists/gfx Signature failed again InvalidSignatureError: Invalid content signature (blocklists/gfx) using 'remote-settings.content-signature.mozilla.org-2025-09-08-21-33-59.chain'
console.error: services.settings: 
  Message: InvalidSignatureError: Invalid content signature (blocklists/gfx) using 'remote-settings.content-signature.mozilla.org-2025-09-08-21-33-59.chain'
  Stack:
    InvalidSignatureError@resource://services-settings/RemoteSettingsClient.sys.mjs:165:5
_validateCollectionSignature@resource://services-settings/RemoteSettingsClient.sys.mjs:1021:13

console.error: services.settings: 
  main/search-config-icons Signature failed  InvalidSignatureError: Invalid content signature (main/search-config-icons) using 'remote-settings.content-signature.mozilla.org-2025-09-08-21-33-59.chain'
console.error: services.settings: 
  main/search-config-icons local data was corrupted
console.warn: services.settings: main/search-config-icons Signature verified failed. Retry from scratch
console.error: services.settings: 
  main/search-config-icons Signature failed again InvalidSignatureError: Invalid content signature (main/search-config-icons) using 'remote-settings.content-signature.mozilla.org-2025-09-08-21-33-59.chain'
console.error: services.settings: 
  Message: InvalidSignatureError: Invalid content signature (main/search-config-icons) using 'remote-settings.content-signature.mozilla.org-2025-09-08-21-33-59.chain'
  Stack:
    InvalidSignatureError@resource://services-settings/RemoteSettingsClient.sys.mjs:165:5
_validateCollectionSignature@resource://services-settings/RemoteSettingsClient.sys.mjs:1021:13

console.error: services.settings: 
  main/search-default-override-allowlist Signature failed  InvalidSignatureError: Invalid content signature (main/search-default-override-allowlist) using 'remote-settings.content-signature.mozilla.org-2025-09-08-21-33-59.chain'
console.error: services.settings: 
  main/search-default-override-allowlist local data was corrupted
console.warn: services.settings: main/search-default-override-allowlist Signature verified failed. Retry from scratch
console.error: services.settings: 
  main/search-default-override-allowlist Signature failed again InvalidSignatureError: Invalid content signature (main/search-default-override-allowlist) using 'remote-settings.content-signature.mozilla.org-2025-09-08-21-33-59.chain'
console.error: services.settings: 
  Message: InvalidSignatureError: Invalid content signature (main/search-default-override-allowlist) using 'remote-settings.content-signature.mozilla.org-2025-09-08-21-33-59.chain'
  Stack:
    InvalidSignatureError@resource://services-settings/RemoteSettingsClient.sys.mjs:165:5
_validateCollectionSignature@resource://services-settings/RemoteSettingsClient.sys.mjs:1021:13

console.error: services.settings: 
  main/top-sites Signature failed  InvalidSignatureError: Invalid content signature (main/top-sites) using 'remote-settings.content-signature.mozilla.org-2025-09-08-21-33-59.chain'
console.error: services.settings: 
  main/top-sites local data was corrupted
console.warn: services.settings: main/top-sites Signature verified failed. Retry from scratch
console.error: services.settings: 
  main/top-sites Signature failed again InvalidSignatureError: Invalid content signature (main/top-sites) using 'remote-settings.content-signature.mozilla.org-2025-09-08-21-33-59.chain'
console.error: services.settings: 
  Message: InvalidSignatureError: Invalid content signature (main/top-sites) using 'remote-settings.content-signature.mozilla.org-2025-09-08-21-33-59.chain'
  Stack:
    InvalidSignatureError@resource://services-settings/RemoteSettingsClient.sys.mjs:165:5
_validateCollectionSignature@resource://services-settings/RemoteSettingsClient.sys.mjs:1021:13

console.error: services.settings: 
  main/password-rules Signature failed  InvalidSignatureError: Invalid content signature (main/password-rules) using 'remote-settings.content-signature.mozilla.org-2025-09-08-21-33-59.chain'
console.error: services.settings: 
  main/password-rules local data was corrupted
console.warn: services.settings: main/password-rules Signature verified failed. Retry from scratch
console.error: services.settings: 
  main/password-rules Signature failed again InvalidSignatureError: Invalid content signature (main/password-rules) using 'remote-settings.content-signature.mozilla.org-2025-09-08-21-33-59.chain'
console.error: services.settings: 
  Message: InvalidSignatureError: Invalid content signature (main/password-rules) using 'remote-settings.content-signature.mozilla.org-2025-09-08-21-33-59.chain'
  Stack:
    InvalidSignatureError@resource://services-settings/RemoteSettingsClient.sys.mjs:165:5
_validateCollectionSignature@resource://services-settings/RemoteSettingsClient.sys.mjs:1021:13

console.error: services.settings: 
  main/url-classifier-skip-urls Signature failed  InvalidSignatureError: Invalid content signature (main/url-classifier-skip-urls) using 'remote-settings.content-signature.mozilla.org-2025-09-08-21-33-59.chain'
console.error: services.settings: 
  main/url-classifier-skip-urls local data was corrupted
console.warn: services.settings: main/url-classifier-skip-urls Signature verified failed. Retry from scratch
console.error: services.settings: 
  main/url-classifier-skip-urls Signature failed again InvalidSignatureError: Invalid content signature (main/url-classifier-skip-urls) using 'remote-settings.content-signature.mozilla.org-2025-09-08-21-33-59.chain'
console.error: services.settings: 
  Message: InvalidSignatureError: Invalid content signature (main/url-classifier-skip-urls) using 'remote-settings.content-signature.mozilla.org-2025-09-08-21-33-59.chain'
  Stack:
    InvalidSignatureError@resource://services-settings/RemoteSettingsClient.sys.mjs:165:5
_validateCollectionSignature@resource://services-settings/RemoteSettingsClient.sys.mjs:1021:13

console.error: services.settings: 
  main/websites-with-shared-credential-backends Signature failed  InvalidSignatureError: Invalid content signature (main/websites-with-shared-credential-backends) using 'remote-settings.content-signature.mozilla.org-2025-09-08-21-33-59.chain'
console.error: services.settings: 
  main/websites-with-shared-credential-backends local data was corrupted
console.warn: services.settings: main/websites-with-shared-credential-backends Signature verified failed. Retry from scratch
console.error: services.settings: 
  main/websites-with-shared-credential-backends Signature failed again InvalidSignatureError: Invalid content signature (main/websites-with-shared-credential-backends) using 'remote-settings.content-signature.mozilla.org-2025-09-08-21-33-59.chain'
console.error: services.settings: 
  Message: InvalidSignatureError: Invalid content signature (main/websites-with-shared-credential-backends) using 'remote-settings.content-signature.mozilla.org-2025-09-08-21-33-59.chain'
  Stack:
    InvalidSignatureError@resource://services-settings/RemoteSettingsClient.sys.mjs:165:5
_validateCollectionSignature@resource://services-settings/RemoteSettingsClient.sys.mjs:1021:13

console.error: services.settings: 
  main/normandy-recipes-capabilities Signature failed  InvalidSignatureError: Invalid content signature (main/normandy-recipes-capabilities) using 'remote-settings.content-signature.mozilla.org-2025-09-08-21-33-59.chain'
console.error: services.settings: 
  main/normandy-recipes-capabilities local data was corrupted
console.warn: services.settings: main/normandy-recipes-capabilities Signature verified failed. Retry from scratch
console.error: services.settings: 
  main/normandy-recipes-capabilities Signature failed again InvalidSignatureError: Invalid content signature (main/normandy-recipes-capabilities) using 'remote-settings.content-signature.mozilla.org-2025-09-08-21-33-59.chain'
console.error: services.settings: 
  Message: InvalidSignatureError: Invalid content signature (main/normandy-recipes-capabilities) using 'remote-settings.content-signature.mozilla.org-2025-09-08-21-33-59.chain'
  Stack:
    InvalidSignatureError@resource://services-settings/RemoteSettingsClient.sys.mjs:165:5
_validateCollectionSignature@resource://services-settings/RemoteSettingsClient.sys.mjs:1021:13

console.error: services.settings: 
  main/cookie-banner-rules-list Signature failed  InvalidSignatureError: Invalid content signature (main/cookie-banner-rules-list) using 'remote-settings.content-signature.mozilla.org-2025-09-08-21-33-59.chain'
console.error: services.settings: 
  main/cookie-banner-rules-list local data was corrupted
console.warn: services.settings: main/cookie-banner-rules-list Signature verified failed. Retry from scratch
console.error: services.settings: 
  main/cookie-banner-rules-list Signature failed again InvalidSignatureError: Invalid content signature (main/cookie-banner-rules-list) using 'remote-settings.content-signature.mozilla.org-2025-09-08-21-33-59.chain'
console.error: services.settings: 
  Message: InvalidSignatureError: Invalid content signature (main/cookie-banner-rules-list) using 'remote-settings.content-signature.mozilla.org-2025-09-08-21-33-59.chain'
  Stack:
    InvalidSignatureError@resource://services-settings/RemoteSettingsClient.sys.mjs:165:5
_validateCollectionSignature@resource://services-settings/RemoteSettingsClient.sys.mjs:1021:13

console.warn: services.settings: main/search-config Signature verified failed. Retry from scratch
console.error: services.settings: 
  main/search-config Signature failed again InvalidSignatureError: Invalid content signature (main/search-config) using 'remote-settings.content-signature.mozilla.org-2025-09-08-21-33-59.chain'
console.error: services.settings: 
  Message: InvalidSignatureError: Invalid content signature (main/search-config) using 'remote-settings.content-signature.mozilla.org-2025-09-08-21-33-59.chain'
  Stack:
    InvalidSignatureError@resource://services-settings/RemoteSettingsClient.sys.mjs:165:5
_validateCollectionSignature@resource://services-settings/RemoteSettingsClient.sys.mjs:1021:13

console.warn: services.settings: main/search-config-overrides Signature verified failed. Retry from scratch
console.error: services.settings: 
  main/search-config-overrides Signature failed again InvalidSignatureError: Invalid content signature (main/search-config-overrides) using 'remote-settings.content-signature.mozilla.org-2025-09-08-21-33-59.chain'
console.error: services.settings: 
  Message: InvalidSignatureError: Invalid content signature (main/search-config-overrides) using 'remote-settings.content-signature.mozilla.org-2025-09-08-21-33-59.chain'
  Stack:
    InvalidSignatureError@resource://services-settings/RemoteSettingsClient.sys.mjs:165:5
_validateCollectionSignature@resource://services-settings/RemoteSettingsClient.sys.mjs:1021:13

console.error: services.settings: 
  main/query-stripping Signature failed  InvalidSignatureError: Invalid content signature (main/query-stripping) using 'remote-settings.content-signature.mozilla.org-2025-09-08-21-33-59.chain'
console.error: services.settings: 
  main/query-stripping local data was corrupted
console.warn: services.settings: main/query-stripping Signature verified failed. Retry from scratch
console.error: services.settings: 
  main/query-stripping Signature failed again InvalidSignatureError: Invalid content signature (main/query-stripping) using 'remote-settings.content-signature.mozilla.org-2025-09-08-21-33-59.chain'
console.error: services.settings: 
  Message: InvalidSignatureError: Invalid content signature (main/query-stripping) using 'remote-settings.content-signature.mozilla.org-2025-09-08-21-33-59.chain'
  Stack:
    InvalidSignatureError@resource://services-settings/RemoteSettingsClient.sys.mjs:165:5
_validateCollectionSignature@resource://services-settings/RemoteSettingsClient.sys.mjs:1021:13

console.error: services.settings: 
  main/addons-manager-settings Signature failed  InvalidSignatureError: Invalid content signature (main/addons-manager-settings) using 'remote-settings.content-signature.mozilla.org-2025-09-08-21-33-59.chain'
console.error: services.settings: 
  main/addons-manager-settings local data was corrupted
console.warn: services.settings: main/addons-manager-settings Signature verified failed. Retry from scratch
console.error: services.settings: 
  main/addons-manager-settings Signature failed again InvalidSignatureError: Invalid content signature (main/addons-manager-settings) using 'remote-settings.content-signature.mozilla.org-2025-09-08-21-33-59.chain'
console.error: services.settings: 
  Message: InvalidSignatureError: Invalid content signature (main/addons-manager-settings) using 'remote-settings.content-signature.mozilla.org-2025-09-08-21-33-59.chain'
  Stack:
    InvalidSignatureError@resource://services-settings/RemoteSettingsClient.sys.mjs:165:5
_validateCollectionSignature@resource://services-settings/RemoteSettingsClient.sys.mjs:1021:13

console.error: services.settings: 
  main/doh-providers Signature failed  InvalidSignatureError: Invalid content signature (main/doh-providers) using 'remote-settings.content-signature.mozilla.org-2025-09-08-21-33-59.chain'
console.error: services.settings: 
  main/doh-providers local data was corrupted
console.warn: services.settings: main/doh-providers Signature verified failed. Retry from scratch
console.error: services.settings: 
  main/doh-providers Signature failed again InvalidSignatureError: Invalid content signature (main/doh-providers) using 'remote-settings.content-signature.mozilla.org-2025-09-08-21-33-59.chain'
console.error: services.settings: 
  Message: InvalidSignatureError: Invalid content signature (main/doh-providers) using 'remote-settings.content-signature.mozilla.org-2025-09-08-21-33-59.chain'
  Stack:
    InvalidSignatureError@resource://services-settings/RemoteSettingsClient.sys.mjs:165:5
_validateCollectionSignature@resource://services-settings/RemoteSettingsClient.sys.mjs:1021:13

console.error: services.settings: 
  main/pioneer-study-addons-v1 Signature failed  InvalidSignatureError: Invalid content signature (main/pioneer-study-addons-v1) using 'remote-settings.content-signature.mozilla.org-2025-09-08-21-33-59.chain'
console.error: services.settings: 
  main/pioneer-study-addons-v1 local data was corrupted
console.warn: services.settings: main/pioneer-study-addons-v1 Signature verified failed. Retry from scratch
console.error: services.settings: 
  main/pioneer-study-addons-v1 Signature failed again InvalidSignatureError: Invalid content signature (main/pioneer-study-addons-v1) using 'remote-settings.content-signature.mozilla.org-2025-09-08-21-33-59.chain'
console.error: services.settings: 
  Message: InvalidSignatureError: Invalid content signature (main/pioneer-study-addons-v1) using 'remote-settings.content-signature.mozilla.org-2025-09-08-21-33-59.chain'
  Stack:
    InvalidSignatureError@resource://services-settings/RemoteSettingsClient.sys.mjs:165:5
_validateCollectionSignature@resource://services-settings/RemoteSettingsClient.sys.mjs:1021:13

console.warn: services.settings: main/hijack-blocklists Signature verified failed. Retry from scratch
console.error: services.settings: 
  main/hijack-blocklists Signature failed again InvalidSignatureError: Invalid content signature (main/hijack-blocklists) using 'remote-settings.content-signature.mozilla.org-2025-09-08-21-33-59.chain'
console.error: services.settings: 
  Message: InvalidSignatureError: Invalid content signature (main/hijack-blocklists) using 'remote-settings.content-signature.mozilla.org-2025-09-08-21-33-59.chain'
  Stack:
    InvalidSignatureError@resource://services-settings/RemoteSettingsClient.sys.mjs:165:5
_validateCollectionSignature@resource://services-settings/RemoteSettingsClient.sys.mjs:1021:13

console.warn: services.settings: main/anti-tracking-url-decoration Signature verified failed. Retry from scratch
console.error: services.settings: 
  main/anti-tracking-url-decoration Signature failed again InvalidSignatureError: Invalid content signature (main/anti-tracking-url-decoration) using 'remote-settings.content-signature.mozilla.org-2025-09-08-21-33-59.chain'
console.error: services.settings: 
  Message: InvalidSignatureError: Invalid content signature (main/anti-tracking-url-decoration) using 'remote-settings.content-signature.mozilla.org-2025-09-08-21-33-59.chain'
  Stack:
    InvalidSignatureError@resource://services-settings/RemoteSettingsClient.sys.mjs:165:5
_validateCollectionSignature@resource://services-settings/RemoteSettingsClient.sys.mjs:1021:13

console.error: (new InvalidSignatureError("Invalid content signature (blocklists/addons-bloomfilters) using 'remote-settings.content-signature.mozilla.org-2025-09-08-21-33-59.chain'", "resource://services-settings/RemoteSettingsClient.sys.mjs", 165))
JavaScript warning: https://l7d2s9nbboh-496ff2e9c6d22116-0-colab.googleusercontent.com/outputframe.html?vrz=colab_20250729-060053_RC00_788359736, line 239: Using //@ to indicate sourceURL pragmas is deprecated. Use //# instead
JavaScript warning: https://9o22ijm4kkd-496ff2e9c6d22116-0-colab.googleusercontent.com/outputframe.html?vrz=colab_20250729-060053_RC00_788359736, line 239: Using //@ to indicate sourceURL pragmas is deprecated. Use //# instead
JavaScript warning: https://www.google.com/js/bg/ewkwPWymqQfuUctaJ1I01ziIEjwrJG28Jgq1eVP0gew.js, line 1307: unreachable code after return statement
JavaScript warning: https://www.google.com/js/bg/ewkwPWymqQfuUctaJ1I01ziIEjwrJG28Jgq1eVP0gew.js, line 1307: unreachable code after return statement
JavaScript warning: https://www.google.com/js/bg/ewkwPWymqQfuUctaJ1I01ziIEjwrJG28Jgq1eVP0gew.js, line 1307: unreachable code after return statement
JavaScript warning: https://www.google.com/js/bg/ewkwPWymqQfuUctaJ1I01ziIEjwrJG28Jgq1eVP0gew.js line 2 > eval, line 1307: unreachable code after return statement
JavaScript warning: https://www.google.com/js/bg/ewkwPWymqQfuUctaJ1I01ziIEjwrJG28Jgq1eVP0gew.js line 2 > eval, line 1307: unreachable code after return statement
JavaScript warning: https://www.google.com/js/bg/ewkwPWymqQfuUctaJ1I01ziIEjwrJG28Jgq1eVP0gew.js line 2 > eval, line 1307: unreachable code after return statement
JavaScript warning: https://www.google.com/js/bg/ewkwPWymqQfuUctaJ1I01ziIEjwrJG28Jgq1eVP0gew.js line 2 > eval, line 1: unreachable code after return statement
JavaScript warning: https://www.google.com/js/bg/ewkwPWymqQfuUctaJ1I01ziIEjwrJG28Jgq1eVP0gew.js line 2 > eval line 1307 > eval, line 1: unreachable code after return statement
JavaScript warning: https://www.google.com/js/bg/ewkwPWymqQfuUctaJ1I01ziIEjwrJG28Jgq1eVP0gew.js line 2 > eval, line 1: unreachable code after return statement
JavaScript warning: https://www.google.com/js/bg/ewkwPWymqQfuUctaJ1I01ziIEjwrJG28Jgq1eVP0gew.js line 2 > eval line 1307 > eval, line 1: unreachable code after return statement
JavaScript warning: https://www.google.com/js/bg/ewkwPWymqQfuUctaJ1I01ziIEjwrJG28Jgq1eVP0gew.js line 2 > eval line 1307 > eval line 1 > eval, line 1: unreachable code after return statement
JavaScript warning: https://www.google.com/js/bg/ewkwPWymqQfuUctaJ1I01ziIEjwrJG28Jgq1eVP0gew.js line 2 > eval line 1307 > eval line 1 > eval, line 1: unreachable code after return statement
JavaScript warning: https://www.google.com/js/bg/ewkwPWymqQfuUctaJ1I01ziIEjwrJG28Jgq1eVP0gew.js line 2 > eval line 1307 > eval line 1 > eval line 1 > eval, line 1: unreachable code after return statement
JavaScript warning: https://www.google.com/js/bg/ewkwPWymqQfuUctaJ1I01ziIEjwrJG28Jgq1eVP0gew.js line 2 > eval line 1307 > eval line 1 > eval line 1 > eval, line 1: unreachable code after return statement
JavaScript warning: https://www.googletagmanager.com/gtag/js?id=G-S3V05QCXK5&cx=c&_slc=1, line 711: Script terminated by timeout at:
k.gj@https://www.googletagmanager.com/gtag/js?id=G-S3V05QCXK5&cx=c&_slc=1:711:486
get@https://www.googletagmanager.com/gtag/js?id=G-S3V05QCXK5&cx=c&_slc=1:710:119
stop@https://www.googletagmanager.com/gtag/js?id=G-S3V05QCXK5&cx=c&_slc=1:710:87
k.ao/c/<@https://www.googletagmanager.com/gtag/js?id=G-S3V05QCXK5&cx=c&_slc=1:710:410

1753947446202	Marionette	INFO	Stopped listening on port 50743
Dynamically enable window occlusion 1
6915050	Marionette	INFO	Marionette enabled
1753946915171	Marionette	INFO	Listening on port 50883
WebDriver BiDi listening on ws://127.0.0.1:50875
Read port: 50883
1753946915260	RemoteAgent	WARN	TLS certificate errors will be ignored for this session
console.error: services.settings: 
  main/fingerprinting-protection-overrides Signature failed  InvalidSignatureError: Invalid content signature (main/fingerprinting-protection-overrides) using 'remote-settings.content-signature.mozilla.org-2025-09-08-21-33-59.chain'
console.error: services.settings: 
  main/fingerprinting-protection-overrides local data was corrupted
console.warn: services.settings: main/fingerprinting-protection-overrides Signature verified failed. Retry from scratch
console.error: services.settings: 
  main/query-stripping Signature failed  InvalidSignatureError: Invalid content signature (main/query-stripping) using 'remote-settings.content-signature.mozilla.org-2025-09-08-21-33-59.chain'
console.error: services.settings: 
  main/query-stripping local data was corrupted
console.warn: services.settings: main/query-stripping Signature verified failed. Retry from scratch
console.error: services.settings: 
  main/fingerprinting-protection-overrides Signature failed again InvalidSignatureError: Invalid content signature (main/fingerprinting-protection-overrides) using 'remote-settings.content-signature.mozilla.org-2025-09-08-21-33-59.chain'
console.error: services.settings: 
  main/query-stripping Signature failed again InvalidSignatureError: Invalid content signature (main/query-stripping) using 'remote-settings.content-signature.mozilla.org-2025-09-08-21-33-59.chain'
console.error: (new InvalidSignatureError("Invalid content signature (main/fingerprinting-protection-overrides) using 'remote-settings.content-signature.mozilla.org-2025-09-08-21-33-59.chain'", "resource://services-settings/RemoteSettingsClient.sys.mjs", 165))
console.error: (new InvalidSignatureError("Invalid content signature (main/query-stripping) using 'remote-settings.content-signature.mozilla.org-2025-09-08-21-33-59.chain'", "resource://services-settings/RemoteSettingsClient.sys.mjs", 165))
DevTools listening on ws://127.0.0.1:50875/devtools/browser/b2f00a30-b29c-4159-a68a-8eae7197c410
console.error: services.settings: 
  main/partitioning-exempt-urls Signature failed  InvalidSignatureError: Invalid content signature (main/partitioning-exempt-urls) using 'remote-settings.content-signature.mozilla.org-2025-09-08-21-33-59.chain'
console.error: services.settings: 
  main/partitioning-exempt-urls local data was corrupted
console.warn: services.settings: main/partitioning-exempt-urls Signature verified failed. Retry from scratch
console.error: services.settings: 
  main/partitioning-exempt-urls Signature failed again InvalidSignatureError: Invalid content signature (main/partitioning-exempt-urls) using 'remote-settings.content-signature.mozilla.org-2025-09-08-21-33-59.chain'
console.error: (new InvalidSignatureError("Invalid content signature (main/partitioning-exempt-urls) using 'remote-settings.content-signature.mozilla.org-2025-09-08-21-33-59.chain'", "resource://services-settings/RemoteSettingsClient.sys.mjs", 165))
JavaScript warning: https://noe5s1ftmk-496ff2e9c6d22116-0-colab.googleusercontent.com/outputframe.html?vrz=colab_20250729-060053_RC00_788359736, line 239: Using //@ to indicate sourceURL pragmas is deprecated. Use //# instead
JavaScript warning: https://fjgymhfx6ng-496ff2e9c6d22116-0-colab.googleusercontent.com/outputframe.html?vrz=colab_20250729-060053_RC00_788359736, line 239: Using //@ to indicate sourceURL pragmas is deprecated. Use //# instead
JavaScript warning: https://www.google.com/js/bg/ewkwPWymqQfuUctaJ1I01ziIEjwrJG28Jgq1eVP0gew.js, line 7135: unreachable code after return statement
JavaScript warning: https://www.google.com/js/bg/ewkwPWymqQfuUctaJ1I01ziIEjwrJG28Jgq1eVP0gew.js, line 7135: unreachable code after return statement
JavaScript warning: https://www.google.com/js/bg/ewkwPWymqQfuUctaJ1I01ziIEjwrJG28Jgq1eVP0gew.js, line 7135: unreachable code after return statement
JavaScript warning: https://www.google.com/js/bg/ewkwPWymqQfuUctaJ1I01ziIEjwrJG28Jgq1eVP0gew.js line 2 > eval, line 7135: unreachable code after return statement
JavaScript warning: https://www.google.com/js/bg/ewkwPWymqQfuUctaJ1I01ziIEjwrJG28Jgq1eVP0gew.js line 2 > eval, line 7135: unreachable code after return statement
JavaScript warning: https://www.google.com/js/bg/ewkwPWymqQfuUctaJ1I01ziIEjwrJG28Jgq1eVP0gew.js line 2 > eval, line 7135: unreachable code after return statement
JavaScript warning: https://www.google.com/js/bg/ewkwPWymqQfuUctaJ1I01ziIEjwrJG28Jgq1eVP0gew.js line 2 > eval, line 1: unreachable code after return statement
JavaScript warning: https://www.google.com/js/bg/ewkwPWymqQfuUctaJ1I01ziIEjwrJG28Jgq1eVP0gew.js line 2 > eval line 7135 > eval, line 1: unreachable code after return statement
JavaScript warning: https://www.google.com/js/bg/ewkwPWymqQfuUctaJ1I01ziIEjwrJG28Jgq1eVP0gew.js line 2 > eval, line 1: unreachable code after return statement
JavaScript warning: https://www.google.com/js/bg/ewkwPWymqQfuUctaJ1I01ziIEjwrJG28Jgq1eVP0gew.js line 2 > eval line 7135 > eval, line 1: unreachable code after return statement
JavaScript warning: https://www.google.com/js/bg/ewkwPWymqQfuUctaJ1I01ziIEjwrJG28Jgq1eVP0gew.js line 2 > eval line 7135 > eval line 1 > eval, line 1: unreachable code after return statement
JavaScript warning: https://www.google.com/js/bg/ewkwPWymqQfuUctaJ1I01ziIEjwrJG28Jgq1eVP0gew.js line 2 > eval line 7135 > eval line 1 > eval, line 1: unreachable code after return statement
JavaScript warning: https://www.google.com/js/bg/ewkwPWymqQfuUctaJ1I01ziIEjwrJG28Jgq1eVP0gew.js line 2 > eval line 7135 > eval line 1 > eval line 1 > eval, line 1: unreachable code after return statement
JavaScript warning: https://www.google.com/js/bg/ewkwPWymqQfuUctaJ1I01ziIEjwrJG28Jgq1eVP0gew.js line 2 > eval line 7135 > eval line 1 > eval line 1 > eval, line 1: unreachable code after return statement
JavaScript warning: https://noe5s1ftmk-496ff2e9c6d22116-0-colab.googleusercontent.com/outputframe.html?vrz=colab_20250729-060053_RC00_788359736, line 239: Using //@ to indicate sourceURL pragmas is deprecated. Use //# instead
JavaScript warning: https://noe5s1ftmk-496ff2e9c6d22116-0-colab.googleusercontent.com/outputframe.html?vrz=colab_20250729-060053_RC00_788359736 line 13 > eval, line 972: Using //@ to indicate sourceURL pragmas is deprecated. Use //# instead
JavaScript warning: https://1x0l2phbovo-496ff2e9c6d22116-0-colab.googleusercontent.com/outputframe.html?vrz=colab_20250729-060053_RC00_788359736, line 239: Using //@ to indicate sourceURL pragmas is deprecated. Use //# instead
JavaScript warning: https://oftuj23ne6h-496ff2e9c6d22116-0-colab.googleusercontent.com/outputframe.html?vrz=colab_20250729-060053_RC00_788359736, line 239: Using //@ to indicate sourceURL pragmas is deprecated. Use //# instead
JavaScript warning: https://1x0l2phbovo-496ff2e9c6d22116-0-colab.googleusercontent.com/outputframe.html?vrz=colab_20250729-060053_RC00_788359736, line 239: Using //@ to indicate sourceURL pragmas is deprecated. Use //# instead
JavaScript warning: https://www.google.com/js/bg/ewkwPWymqQfuUctaJ1I01ziIEjwrJG28Jgq1eVP0gew.js, line 7651: unreachable code after return statement
JavaScript warning: https://www.google.com/js/bg/ewkwPWymqQfuUctaJ1I01ziIEjwrJG28Jgq1eVP0gew.js, line 7651: unreachable code after return statement
JavaScript warning: https://www.google.com/js/bg/ewkwPWymqQfuUctaJ1I01ziIEjwrJG28Jgq1eVP0gew.js, line 7651: unreachable code after return statement
JavaScript warning: https://www.google.com/js/bg/ewkwPWymqQfuUctaJ1I01ziIEjwrJG28Jgq1eVP0gew.js line 2 > eval, line 7651: unreachable code after return statement
JavaScript warning: https://www.google.com/js/bg/ewkwPWymqQfuUctaJ1I01ziIEjwrJG28Jgq1eVP0gew.js line 2 > eval, line 7651: unreachable code after return statement
JavaScript warning: https://www.google.com/js/bg/ewkwPWymqQfuUctaJ1I01ziIEjwrJG28Jgq1eVP0gew.js line 2 > eval, line 7651: unreachable code after return statement
JavaScript warning: https://www.google.com/js/bg/ewkwPWymqQfuUctaJ1I01ziIEjwrJG28Jgq1eVP0gew.js line 2 > eval, line 1: unreachable code after return statement
JavaScript warning: https://www.google.com/js/bg/ewkwPWymqQfuUctaJ1I01ziIEjwrJG28Jgq1eVP0gew.js line 2 > eval line 7651 > eval, line 1: unreachable code after return statement
JavaScript warning: https://www.google.com/js/bg/ewkwPWymqQfuUctaJ1I01ziIEjwrJG28Jgq1eVP0gew.js line 2 > eval line 7651 > eval, line 1: unreachable code after return statement
JavaScript warning: https://www.google.com/js/bg/ewkwPWymqQfuUctaJ1I01ziIEjwrJG28Jgq1eVP0gew.js line 2 > eval line 7651 > eval line 1 > eval, line 1: unreachable code after return statement
JavaScript warning: https://www.google.com/js/bg/ewkwPWymqQfuUctaJ1I01ziIEjwrJG28Jgq1eVP0gew.js line 2 > eval line 7651 > eval line 1 > eval, line 1: unreachable code after return statement
JavaScript warning: https://www.google.com/js/bg/ewkwPWymqQfuUctaJ1I01ziIEjwrJG28Jgq1eVP0gew.js line 2 > eval line 7651 > eval line 1 > eval, line 1: unreachable code after return statement
JavaScript warning: https://www.google.com/js/bg/ewkwPWymqQfuUctaJ1I01ziIEjwrJG28Jgq1eVP0gew.js line 2 > eval line 7651 > eval line 1 > eval line 1 > eval, line 1: unreachable code after return statement
JavaScript warning: https://www.google.com/js/bg/ewkwPWymqQfuUctaJ1I01ziIEjwrJG28Jgq1eVP0gew.js line 2 > eval line 7651 > eval line 1 > eval line 1 > eval, line 1: unreachable code after return statement
1753946946134	addons.xpi	ERROR	System addon update list error SyntaxError: XMLHttpRequest.open: 'http://%(server)s/dummy-system-addons.xml' is not a valid URL.
console.error: services.settings: 
  blocklists/addons-bloomfilters Signature failed  InvalidSignatureError: Invalid content signature (blocklists/addons-bloomfilters) using 'remote-settings.content-signature.mozilla.org-2025-09-08-21-33-59.chain'
console.error: services.settings: 
  blocklists/addons-bloomfilters local data was corrupted
console.warn: services.settings: blocklists/addons-bloomfilters Signature verified failed. Retry from scratch
console.error: services.settings: 
  blocklists/addons-bloomfilters Signature failed again InvalidSignatureError: Invalid content signature (blocklists/addons-bloomfilters) using 'remote-settings.content-signature.mozilla.org-2025-09-08-21-33-59.chain'
console.error: services.settings: 
  Message: InvalidSignatureError: Invalid content signature (blocklists/addons-bloomfilters) using 'remote-settings.content-signature.mozilla.org-2025-09-08-21-33-59.chain'
  Stack:
    InvalidSignatureError@resource://services-settings/RemoteSettingsClient.sys.mjs:165:5
_validateCollectionSignature@resource://services-settings/RemoteSettingsClient.sys.mjs:1021:13

console.error: services.settings: 
  main/search-config-v2 Signature failed  InvalidSignatureError: Invalid content signature (main/search-config-v2) using 'remote-settings.content-signature.mozilla.org-2025-09-08-21-33-59.chain'
console.error: services.settings: 
  main/search-config-v2 local data was corrupted
console.warn: services.settings: main/search-config-v2 Signature verified failed. Retry from scratch
console.error: services.settings: 
  main/search-config-v2 Signature failed again InvalidSignatureError: Invalid content signature (main/search-config-v2) using 'remote-settings.content-signature.mozilla.org-2025-09-08-21-33-59.chain'
console.error: services.settings: 
  Message: InvalidSignatureError: Invalid content signature (main/search-config-v2) using 'remote-settings.content-signature.mozilla.org-2025-09-08-21-33-59.chain'
  Stack:
    InvalidSignatureError@resource://services-settings/RemoteSettingsClient.sys.mjs:165:5
_validateCollectionSignature@resource://services-settings/RemoteSettingsClient.sys.mjs:1021:13

console.error: services.settings: 
  main/search-telemetry-v2 Signature failed  InvalidSignatureError: Invalid content signature (main/search-telemetry-v2) using 'remote-settings.content-signature.mozilla.org-2025-09-08-21-33-59.chain'
console.error: services.settings: 
  main/search-telemetry-v2 local data was corrupted
console.warn: services.settings: main/search-telemetry-v2 Signature verified failed. Retry from scratch
console.error: services.settings: 
  main/search-telemetry-v2 Signature failed again InvalidSignatureError: Invalid content signature (main/search-telemetry-v2) using 'remote-settings.content-signature.mozilla.org-2025-09-08-21-33-59.chain'
console.error: services.settings: 
  Message: InvalidSignatureError: Invalid content signature (main/search-telemetry-v2) using 'remote-settings.content-signature.mozilla.org-2025-09-08-21-33-59.chain'
  Stack:
    InvalidSignatureError@resource://services-settings/RemoteSettingsClient.sys.mjs:165:5
_validateCollectionSignature@resource://services-settings/RemoteSettingsClient.sys.mjs:1021:13

console.error: services.settings: 
  main/translations-models Signature failed  InvalidSignatureError: Invalid content signature (main/translations-models) using 'remote-settings.content-signature.mozilla.org-2025-09-08-21-33-59.chain'
console.error: services.settings: 
  main/translations-models local data was corrupted
console.warn: services.settings: main/translations-models Signature verified failed. Retry from scratch
console.error: services.settings: 
  main/translations-models Signature failed again InvalidSignatureError: Invalid content signature (main/translations-models) using 'remote-settings.content-signature.mozilla.org-2025-09-08-21-33-59.chain'
console.error: services.settings: 
  Message: InvalidSignatureError: Invalid content signature (main/translations-models) using 'remote-settings.content-signature.mozilla.org-2025-09-08-21-33-59.chain'
  Stack:
    InvalidSignatureError@resource://services-settings/RemoteSettingsClient.sys.mjs:165:5
_validateCollectionSignature@resource://services-settings/RemoteSettingsClient.sys.mjs:1021:13

console.error: services.settings: 
  main/devtools-compatibility-browsers Signature failed  InvalidSignatureError: Invalid content signature (main/devtools-compatibility-browsers) using 'remote-settings.content-signature.mozilla.org-2025-09-08-21-33-59.chain'
console.error: services.settings: 
  main/devtools-compatibility-browsers local data was corrupted
console.warn: services.settings: main/devtools-compatibility-browsers Signature verified failed. Retry from scratch
console.error: services.settings: 
  main/devtools-compatibility-browsers Signature failed again InvalidSignatureError: Invalid content signature (main/devtools-compatibility-browsers) using 'remote-settings.content-signature.mozilla.org-2025-09-08-21-33-59.chain'
console.error: services.settings: 
  Message: InvalidSignatureError: Invalid content signature (main/devtools-compatibility-browsers) using 'remote-settings.content-signature.mozilla.org-2025-09-08-21-33-59.chain'
  Stack:
    InvalidSignatureError@resource://services-settings/RemoteSettingsClient.sys.mjs:165:5
_validateCollectionSignature@resource://services-settings/RemoteSettingsClient.sys.mjs:1021:13

console.error: services.settings: 
  main/doh-config Signature failed  InvalidSignatureError: Invalid content signature (main/doh-config) using 'remote-settings.content-signature.mozilla.org-2025-09-08-21-33-59.chain'
console.error: services.settings: 
  main/doh-config local data was corrupted
console.warn: services.settings: main/doh-config Signature verified failed. Retry from scratch
console.error: services.settings: 
  main/doh-config Signature failed again InvalidSignatureError: Invalid content signature (main/doh-config) using 'remote-settings.content-signature.mozilla.org-2025-09-08-21-33-59.chain'
console.error: services.settings: 
  Message: InvalidSignatureError: Invalid content signature (main/doh-config) using 'remote-settings.content-signature.mozilla.org-2025-09-08-21-33-59.chain'
  Stack:
    InvalidSignatureError@resource://services-settings/RemoteSettingsClient.sys.mjs:165:5
_validateCollectionSignature@resource://services-settings/RemoteSettingsClient.sys.mjs:1021:13

console.error: services.settings: 
  main/fingerprinting-protection-overrides Signature failed  InvalidSignatureError: Invalid content signature (main/fingerprinting-protection-overrides) using 'remote-settings.content-signature.mozilla.org-2025-09-08-21-33-59.chain'
console.error: services.settings: 
  main/fingerprinting-protection-overrides local data was corrupted
console.warn: services.settings: main/fingerprinting-protection-overrides Signature verified failed. Retry from scratch
console.error: services.settings: 
  main/fingerprinting-protection-overrides Signature failed again InvalidSignatureError: Invalid content signature (main/fingerprinting-protection-overrides) using 'remote-settings.content-signature.mozilla.org-2025-09-08-21-33-59.chain'
console.error: services.settings: 
  Message: InvalidSignatureError: Invalid content signature (main/fingerprinting-protection-overrides) using 'remote-settings.content-signature.mozilla.org-2025-09-08-21-33-59.chain'
  Stack:
    InvalidSignatureError@resource://services-settings/RemoteSettingsClient.sys.mjs:165:5
_validateCollectionSignature@resource://services-settings/RemoteSettingsClient.sys.mjs:1021:13

console.error: services.settings: 
  main/translations-wasm Signature failed  InvalidSignatureError: Invalid content signature (main/translations-wasm) using 'remote-settings.content-signature.mozilla.org-2025-09-08-21-33-59.chain'
console.error: services.settings: 
  main/translations-wasm local data was corrupted
console.warn: services.settings: main/translations-wasm Signature verified failed. Retry from scratch
console.error: services.settings: 
  main/translations-wasm Signature failed again InvalidSignatureError: Invalid content signature (main/translations-wasm) using 'remote-settings.content-signature.mozilla.org-2025-09-08-21-33-59.chain'
console.error: services.settings: 
  Message: InvalidSignatureError: Invalid content signature (main/translations-wasm) using 'remote-settings.content-signature.mozilla.org-2025-09-08-21-33-59.chain'
  Stack:
    InvalidSignatureError@resource://services-settings/RemoteSettingsClient.sys.mjs:165:5
_validateCollectionSignature@resource://services-settings/RemoteSettingsClient.sys.mjs:1021:13

console.error: services.settings: 
  main/partitioning-exempt-urls Signature failed  InvalidSignatureError: Invalid content signature (main/partitioning-exempt-urls) using 'remote-settings.content-signature.mozilla.org-2025-09-08-21-33-59.chain'
console.error: services.settings: 
  main/partitioning-exempt-urls local data was corrupted
console.warn: services.settings: main/partitioning-exempt-urls Signature verified failed. Retry from scratch
console.error: services.settings: 
  main/partitioning-exempt-urls Signature failed again InvalidSignatureError: Invalid content signature (main/partitioning-exempt-urls) using 'remote-settings.content-signature.mozilla.org-2025-09-08-21-33-59.chain'
console.error: services.settings: 
  Message: InvalidSignatureError: Invalid content signature (main/partitioning-exempt-urls) using 'remote-settings.content-signature.mozilla.org-2025-09-08-21-33-59.chain'
  Stack:
    InvalidSignatureError@resource://services-settings/RemoteSettingsClient.sys.mjs:165:5
_validateCollectionSignature@resource://services-settings/RemoteSettingsClient.sys.mjs:1021:13

console.error: services.settings: 
  blocklists/gfx Signature failed  InvalidSignatureError: Invalid content signature (blocklists/gfx) using 'remote-settings.content-signature.mozilla.org-2025-09-08-21-33-59.chain'
console.error: services.settings: 
  blocklists/gfx local data was corrupted
console.warn: services.settings: blocklists/gfx Signature verified failed. Retry from scratch
console.error: services.settings: 
  blocklists/gfx Signature failed again InvalidSignatureError: Invalid content signature (blocklists/gfx) using 'remote-settings.content-signature.mozilla.org-2025-09-08-21-33-59.chain'
console.error: services.settings: 
  Message: InvalidSignatureError: Invalid content signature (blocklists/gfx) using 'remote-settings.content-signature.mozilla.org-2025-09-08-21-33-59.chain'
  Stack:
    InvalidSignatureError@resource://services-settings/RemoteSettingsClient.sys.mjs:165:5
_validateCollectionSignature@resource://services-settings/RemoteSettingsClient.sys.mjs:1021:13

console.error: services.settings: 
  main/search-config-icons Signature failed  InvalidSignatureError: Invalid content signature (main/search-config-icons) using 'remote-settings.content-signature.mozilla.org-2025-09-08-21-33-59.chain'
console.error: services.settings: 
  main/search-config-icons local data was corrupted
console.warn: services.settings: main/search-config-icons Signature verified failed. Retry from scratch
console.error: services.settings: 
  main/search-config-icons Signature failed again InvalidSignatureError: Invalid content signature (main/search-config-icons) using 'remote-settings.content-signature.mozilla.org-2025-09-08-21-33-59.chain'
console.error: services.settings: 
  Message: InvalidSignatureError: Invalid content signature (main/search-config-icons) using 'remote-settings.content-signature.mozilla.org-2025-09-08-21-33-59.chain'
  Stack:
    InvalidSignatureError@resource://services-settings/RemoteSettingsClient.sys.mjs:165:5
_validateCollectionSignature@resource://services-settings/RemoteSettingsClient.sys.mjs:1021:13

console.error: services.settings: 
  main/search-default-override-allowlist Signature failed  InvalidSignatureError: Invalid content signature (main/search-default-override-allowlist) using 'remote-settings.content-signature.mozilla.org-2025-09-08-21-33-59.chain'
console.error: services.settings: 
  main/search-default-override-allowlist local data was corrupted
console.warn: services.settings: main/search-default-override-allowlist Signature verified failed. Retry from scratch
console.error: services.settings: 
  main/search-default-override-allowlist Signature failed again InvalidSignatureError: Invalid content signature (main/search-default-override-allowlist) using 'remote-settings.content-signature.mozilla.org-2025-09-08-21-33-59.chain'
console.error: services.settings: 
  Message: InvalidSignatureError: Invalid content signature (main/search-default-override-allowlist) using 'remote-settings.content-signature.mozilla.org-2025-09-08-21-33-59.chain'
  Stack:
    InvalidSignatureError@resource://services-settings/RemoteSettingsClient.sys.mjs:165:5
_validateCollectionSignature@resource://services-settings/RemoteSettingsClient.sys.mjs:1021:13

console.error: services.settings: 
  main/top-sites Signature failed  InvalidSignatureError: Invalid content signature (main/top-sites) using 'remote-settings.content-signature.mozilla.org-2025-09-08-21-33-59.chain'
console.error: services.settings: 
  main/top-sites local data was corrupted
console.warn: services.settings: main/top-sites Signature verified failed. Retry from scratch
console.error: services.settings: 
  main/top-sites Signature failed again InvalidSignatureError: Invalid content signature (main/top-sites) using 'remote-settings.content-signature.mozilla.org-2025-09-08-21-33-59.chain'
console.error: services.settings: 
  Message: InvalidSignatureError: Invalid content signature (main/top-sites) using 'remote-settings.content-signature.mozilla.org-2025-09-08-21-33-59.chain'
  Stack:
    InvalidSignatureError@resource://services-settings/RemoteSettingsClient.sys.mjs:165:5
_validateCollectionSignature@resource://services-settings/RemoteSettingsClient.sys.mjs:1021:13

console.error: services.settings: 
  main/password-rules Signature failed  InvalidSignatureError: Invalid content signature (main/password-rules) using 'remote-settings.content-signature.mozilla.org-2025-09-08-21-33-59.chain'
console.error: services.settings: 
  main/password-rules local data was corrupted
console.warn: services.settings: main/password-rules Signature verified failed. Retry from scratch
console.error: services.settings: 
  main/password-rules Signature failed again InvalidSignatureError: Invalid content signature (main/password-rules) using 'remote-settings.content-signature.mozilla.org-2025-09-08-21-33-59.chain'
console.error: services.settings: 
  Message: InvalidSignatureError: Invalid content signature (main/password-rules) using 'remote-settings.content-signature.mozilla.org-2025-09-08-21-33-59.chain'
  Stack:
    InvalidSignatureError@resource://services-settings/RemoteSettingsClient.sys.mjs:165:5
_validateCollectionSignature@resource://services-settings/RemoteSettingsClient.sys.mjs:1021:13

console.error: services.settings: 
  main/url-classifier-skip-urls Signature failed  InvalidSignatureError: Invalid content signature (main/url-classifier-skip-urls) using 'remote-settings.content-signature.mozilla.org-2025-09-08-21-33-59.chain'
console.error: services.settings: 
  main/url-classifier-skip-urls local data was corrupted
console.warn: services.settings: main/url-classifier-skip-urls Signature verified failed. Retry from scratch
console.error: services.settings: 
  main/url-classifier-skip-urls Signature failed again InvalidSignatureError: Invalid content signature (main/url-classifier-skip-urls) using 'remote-settings.content-signature.mozilla.org-2025-09-08-21-33-59.chain'
console.error: services.settings: 
  Message: InvalidSignatureError: Invalid content signature (main/url-classifier-skip-urls) using 'remote-settings.content-signature.mozilla.org-2025-09-08-21-33-59.chain'
  Stack:
    InvalidSignatureError@resource://services-settings/RemoteSettingsClient.sys.mjs:165:5
_validateCollectionSignature@resource://services-settings/RemoteSettingsClient.sys.mjs:1021:13

console.error: services.settings: 
  main/websites-with-shared-credential-backends Signature failed  InvalidSignatureError: Invalid content signature (main/websites-with-shared-credential-backends) using 'remote-settings.content-signature.mozilla.org-2025-09-08-21-33-59.chain'
console.error: services.settings: 
  main/websites-with-shared-credential-backends local data was corrupted
console.warn: services.settings: main/websites-with-shared-credential-backends Signature verified failed. Retry from scratch
console.error: services.settings: 
  main/websites-with-shared-credential-backends Signature failed again InvalidSignatureError: Invalid content signature (main/websites-with-shared-credential-backends) using 'remote-settings.content-signature.mozilla.org-2025-09-08-21-33-59.chain'
console.error: services.settings: 
  Message: InvalidSignatureError: Invalid content signature (main/websites-with-shared-credential-backends) using 'remote-settings.content-signature.mozilla.org-2025-09-08-21-33-59.chain'
  Stack:
    InvalidSignatureError@resource://services-settings/RemoteSettingsClient.sys.mjs:165:5
_validateCollectionSignature@resource://services-settings/RemoteSettingsClient.sys.mjs:1021:13

console.error: services.settings: 
  main/normandy-recipes-capabilities Signature failed  InvalidSignatureError: Invalid content signature (main/normandy-recipes-capabilities) using 'remote-settings.content-signature.mozilla.org-2025-09-08-21-33-59.chain'
console.error: services.settings: 
  main/normandy-recipes-capabilities local data was corrupted
console.warn: services.settings: main/normandy-recipes-capabilities Signature verified failed. Retry from scratch
console.error: services.settings: 
  main/normandy-recipes-capabilities Signature failed again InvalidSignatureError: Invalid content signature (main/normandy-recipes-capabilities) using 'remote-settings.content-signature.mozilla.org-2025-09-08-21-33-59.chain'
console.error: services.settings: 
  Message: InvalidSignatureError: Invalid content signature (main/normandy-recipes-capabilities) using 'remote-settings.content-signature.mozilla.org-2025-09-08-21-33-59.chain'
  Stack:
    InvalidSignatureError@resource://services-settings/RemoteSettingsClient.sys.mjs:165:5
_validateCollectionSignature@resource://services-settings/RemoteSettingsClient.sys.mjs:1021:13

console.error: services.settings: 
  main/cookie-banner-rules-list Signature failed  InvalidSignatureError: Invalid content signature (main/cookie-banner-rules-list) using 'remote-settings.content-signature.mozilla.org-2025-09-08-21-33-59.chain'
console.error: services.settings: 
  main/cookie-banner-rules-list local data was corrupted
console.warn: services.settings: main/cookie-banner-rules-list Signature verified failed. Retry from scratch
console.error: services.settings: 
  main/cookie-banner-rules-list Signature failed again InvalidSignatureError: Invalid content signature (main/cookie-banner-rules-list) using 'remote-settings.content-signature.mozilla.org-2025-09-08-21-33-59.chain'
console.error: services.settings: 
  Message: InvalidSignatureError: Invalid content signature (main/cookie-banner-rules-list) using 'remote-settings.content-signature.mozilla.org-2025-09-08-21-33-59.chain'
  Stack:
    InvalidSignatureError@resource://services-settings/RemoteSettingsClient.sys.mjs:165:5
_validateCollectionSignature@resource://services-settings/RemoteSettingsClient.sys.mjs:1021:13

console.warn: services.settings: main/search-config Signature verified failed. Retry from scratch
console.error: services.settings: 
  main/search-config Signature failed again InvalidSignatureError: Invalid content signature (main/search-config) using 'remote-settings.content-signature.mozilla.org-2025-09-08-21-33-59.chain'
console.error: services.settings: 
  Message: InvalidSignatureError: Invalid content signature (main/search-config) using 'remote-settings.content-signature.mozilla.org-2025-09-08-21-33-59.chain'
  Stack:
    InvalidSignatureError@resource://services-settings/RemoteSettingsClient.sys.mjs:165:5
_validateCollectionSignature@resource://services-settings/RemoteSettingsClient.sys.mjs:1021:13

console.warn: services.settings: main/search-config-overrides Signature verified failed. Retry from scratch
console.error: services.settings: 
  main/search-config-overrides Signature failed again InvalidSignatureError: Invalid content signature (main/search-config-overrides) using 'remote-settings.content-signature.mozilla.org-2025-09-08-21-33-59.chain'
console.error: services.settings: 
  Message: InvalidSignatureError: Invalid content signature (main/search-config-overrides) using 'remote-settings.content-signature.mozilla.org-2025-09-08-21-33-59.chain'
  Stack:
    InvalidSignatureError@resource://services-settings/RemoteSettingsClient.sys.mjs:165:5
_validateCollectionSignature@resource://services-settings/RemoteSettingsClient.sys.mjs:1021:13

console.error: services.settings: 
  main/query-stripping Signature failed  InvalidSignatureError: Invalid content signature (main/query-stripping) using 'remote-settings.content-signature.mozilla.org-2025-09-08-21-33-59.chain'
console.error: services.settings: 
  main/query-stripping local data was corrupted
console.warn: services.settings: main/query-stripping Signature verified failed. Retry from scratch
console.error: services.settings: 
  main/query-stripping Signature failed again InvalidSignatureError: Invalid content signature (main/query-stripping) using 'remote-settings.content-signature.mozilla.org-2025-09-08-21-33-59.chain'
console.error: services.settings: 
  Message: InvalidSignatureError: Invalid content signature (main/query-stripping) using 'remote-settings.content-signature.mozilla.org-2025-09-08-21-33-59.chain'
  Stack:
    InvalidSignatureError@resource://services-settings/RemoteSettingsClient.sys.mjs:165:5
_validateCollectionSignature@resource://services-settings/RemoteSettingsClient.sys.mjs:1021:13

console.error: services.settings: 
  main/addons-manager-settings Signature failed  InvalidSignatureError: Invalid content signature (main/addons-manager-settings) using 'remote-settings.content-signature.mozilla.org-2025-09-08-21-33-59.chain'
console.error: services.settings: 
  main/addons-manager-settings local data was corrupted
console.warn: services.settings: main/addons-manager-settings Signature verified failed. Retry from scratch
console.error: services.settings: 
  main/addons-manager-settings Signature failed again InvalidSignatureError: Invalid content signature (main/addons-manager-settings) using 'remote-settings.content-signature.mozilla.org-2025-09-08-21-33-59.chain'
console.error: services.settings: 
  Message: InvalidSignatureError: Invalid content signature (main/addons-manager-settings) using 'remote-settings.content-signature.mozilla.org-2025-09-08-21-33-59.chain'
  Stack:
    InvalidSignatureError@resource://services-settings/RemoteSettingsClient.sys.mjs:165:5
_validateCollectionSignature@resource://services-settings/RemoteSettingsClient.sys.mjs:1021:13

console.error: services.settings: 
  main/doh-providers Signature failed  InvalidSignatureError: Invalid content signature (main/doh-providers) using 'remote-settings.content-signature.mozilla.org-2025-09-08-21-33-59.chain'
console.error: services.settings: 
  main/doh-providers local data was corrupted
console.warn: services.settings: main/doh-providers Signature verified failed. Retry from scratch
console.error: services.settings: 
  main/doh-providers Signature failed again InvalidSignatureError: Invalid content signature (main/doh-providers) using 'remote-settings.content-signature.mozilla.org-2025-09-08-21-33-59.chain'
console.error: services.settings: 
  Message: InvalidSignatureError: Invalid content signature (main/doh-providers) using 'remote-settings.content-signature.mozilla.org-2025-09-08-21-33-59.chain'
  Stack:
    InvalidSignatureError@resource://services-settings/RemoteSettingsClient.sys.mjs:165:5
_validateCollectionSignature@resource://services-settings/RemoteSettingsClient.sys.mjs:1021:13

console.error: services.settings: 
  main/pioneer-study-addons-v1 Signature failed  InvalidSignatureError: Invalid content signature (main/pioneer-study-addons-v1) using 'remote-settings.content-signature.mozilla.org-2025-09-08-21-33-59.chain'
console.error: services.settings: 
  main/pioneer-study-addons-v1 local data was corrupted
console.warn: services.settings: main/pioneer-study-addons-v1 Signature verified failed. Retry from scratch
console.error: services.settings: 
  main/pioneer-study-addons-v1 Signature failed again InvalidSignatureError: Invalid content signature (main/pioneer-study-addons-v1) using 'remote-settings.content-signature.mozilla.org-2025-09-08-21-33-59.chain'
console.error: services.settings: 
  Message: InvalidSignatureError: Invalid content signature (main/pioneer-study-addons-v1) using 'remote-settings.content-signature.mozilla.org-2025-09-08-21-33-59.chain'
  Stack:
    InvalidSignatureError@resource://services-settings/RemoteSettingsClient.sys.mjs:165:5
_validateCollectionSignature@resource://services-settings/RemoteSettingsClient.sys.mjs:1021:13

console.warn: services.settings: main/hijack-blocklists Signature verified failed. Retry from scratch
console.error: services.settings: 
  main/hijack-blocklists Signature failed again InvalidSignatureError: Invalid content signature (main/hijack-blocklists) using 'remote-settings.content-signature.mozilla.org-2025-09-08-21-33-59.chain'
console.error: services.settings: 
  Message: InvalidSignatureError: Invalid content signature (main/hijack-blocklists) using 'remote-settings.content-signature.mozilla.org-2025-09-08-21-33-59.chain'
  Stack:
    InvalidSignatureError@resource://services-settings/RemoteSettingsClient.sys.mjs:165:5
_validateCollectionSignature@resource://services-settings/RemoteSettingsClient.sys.mjs:1021:13

console.warn: services.settings: main/anti-tracking-url-decoration Signature verified failed. Retry from scratch
console.error: services.settings: 
  main/anti-tracking-url-decoration Signature failed again InvalidSignatureError: Invalid content signature (main/anti-tracking-url-decoration) using 'remote-settings.content-signature.mozilla.org-2025-09-08-21-33-59.chain'
console.error: services.settings: 
  Message: InvalidSignatureError: Invalid content signature (main/anti-tracking-url-decoration) using 'remote-settings.content-signature.mozilla.org-2025-09-08-21-33-59.chain'
  Stack:
    InvalidSignatureError@resource://services-settings/RemoteSettingsClient.sys.mjs:165:5
_validateCollectionSignature@resource://services-settings/RemoteSettingsClient.sys.mjs:1021:13

console.error: (new InvalidSignatureError("Invalid content signature (blocklists/addons-bloomfilters) using 'remote-settings.content-signature.mozilla.org-2025-09-08-21-33-59.chain'", "resource://services-settings/RemoteSettingsClient.sys.mjs", 165))
JavaScript warning: https://cibd98hw0q7-496ff2e9c6d22116-0-colab.googleusercontent.com/outputframe.html?vrz=colab_20250729-060053_RC00_788359736, line 239: Using //@ to indicate sourceURL pragmas is deprecated. Use //# instead
JavaScript warning: https://fntej3mdps5-496ff2e9c6d22116-0-colab.googleusercontent.com/outputframe.html?vrz=colab_20250729-060053_RC00_788359736, line 239: Using //@ to indicate sourceURL pragmas is deprecated. Use //# instead
JavaScript warning: https://www.google.com/js/bg/ewkwPWymqQfuUctaJ1I01ziIEjwrJG28Jgq1eVP0gew.js, line 7815: unreachable code after return statement
JavaScript warning: https://www.google.com/js/bg/ewkwPWymqQfuUctaJ1I01ziIEjwrJG28Jgq1eVP0gew.js, line 7815: unreachable code after return statement
JavaScript warning: https://www.google.com/js/bg/ewkwPWymqQfuUctaJ1I01ziIEjwrJG28Jgq1eVP0gew.js, line 7815: unreachable code after return statement
JavaScript warning: https://www.google.com/js/bg/ewkwPWymqQfuUctaJ1I01ziIEjwrJG28Jgq1eVP0gew.js line 2 > eval, line 7815: unreachable code after return statement
JavaScript warning: https://www.google.com/js/bg/ewkwPWymqQfuUctaJ1I01ziIEjwrJG28Jgq1eVP0gew.js line 2 > eval, line 7815: unreachable code after return statement
JavaScript warning: https://www.google.com/js/bg/ewkwPWymqQfuUctaJ1I01ziIEjwrJG28Jgq1eVP0gew.js line 2 > eval, line 7815: unreachable code after return statement
JavaScript warning: https://www.google.com/js/bg/ewkwPWymqQfuUctaJ1I01ziIEjwrJG28Jgq1eVP0gew.js line 2 > eval line 7815 > eval, line 1: unreachable code after return statement
JavaScript warning: https://www.google.com/js/bg/ewkwPWymqQfuUctaJ1I01ziIEjwrJG28Jgq1eVP0gew.js line 2 > eval line 7815 > eval line 1 > eval, line 1: unreachable code after return statement
JavaScript warning: https://www.google.com/js/bg/ewkwPWymqQfuUctaJ1I01ziIEjwrJG28Jgq1eVP0gew.js line 2 > eval line 7815 > eval, line 1: unreachable code after return statement
JavaScript warning: https://www.google.com/js/bg/ewkwPWymqQfuUctaJ1I01ziIEjwrJG28Jgq1eVP0gew.js line 2 > eval line 7815 > eval line 1 > eval, line 1: unreachable code after return statement
JavaScript warning: https://www.google.com/js/bg/ewkwPWymqQfuUctaJ1I01ziIEjwrJG28Jgq1eVP0gew.js line 2 > eval line 7815 > eval line 1 > eval, line 1: unreachable code after return statement
JavaScript warning: https://www.google.com/js/bg/ewkwPWymqQfuUctaJ1I01ziIEjwrJG28Jgq1eVP0gew.js line 2 > eval line 7815 > eval line 1 > eval, line 1: unreachable code after return statement
JavaScript warning: https://www.google.com/js/bg/ewkwPWymqQfuUctaJ1I01ziIEjwrJG28Jgq1eVP0gew.js line 2 > eval line 7815 > eval line 1 > eval line 1 > eval, line 1: unreachable code after return statement
JavaScript warning: https://www.google.com/js/bg/ewkwPWymqQfuUctaJ1I01ziIEjwrJG28Jgq1eVP0gew.js line 2 > eval line 7815 > eval line 1 > eval line 1 > eval, line 1: unreachable code after return statement
JavaScript warning: https://www.googletagmanager.com/gtag/js?id=G-S3V05QCXK5&cx=c&_slc=1, line 712: Script terminated by timeout at:
k.gj@https://www.googletagmanager.com/gtag/js?id=G-S3V05QCXK5&cx=c&_slc=1:712:30
get@https://www.googletagmanager.com/gtag/js?id=G-S3V05QCXK5&cx=c&_slc=1:710:119
stop@https://www.googletagmanager.com/gtag/js?id=G-S3V05QCXK5&cx=c&_slc=1:710:87
k.ao/c/<@https://www.googletagmanager.com/gtag/js?id=G-S3V05QCXK5&cx=c&_slc=1:710:410

JavaScript warning: https://www.google.com/js/bg/ewkwPWymqQfuUctaJ1I01ziIEjwrJG28Jgq1eVP0gew.js line 2 > eval line 7815 > eval line 1 > eval line 1 > eval, line 1: unreachable code after return statement
JavaScript warning: https://www.google.com/js/bg/ewkwPWymqQfuUctaJ1I01ziIEjwrJG28Jgq1eVP0gew.js line 2 > eval line 7815 > eval line 1 > eval line 1 > eval, line 1: unreachable code after return statement
1753947447602	Marionette	INFO	Stopped listening on port 50883
Dynamically enable window occlusion 1
'remote-settings.content-signature.mozilla.org-2025-09-08-21-33-59.chain'
console.error: services.settings: 
  main/query-stripping local data was corrupted
console.warn: services.settings: main/query-stripping Signature verified failed. Retry from scratch
console.error: services.settings: 
  main/fingerprinting-protection-overrides Signature failed  InvalidSignatureError: Invalid content signature (main/fingerprinting-protection-overrides) using 'remote-settings.content-signature.mozilla.org-2025-09-08-21-33-59.chain'
console.error: services.settings: 
  main/fingerprinting-protection-overrides local data was corrupted
console.warn: services.settings: main/fingerprinting-protection-overrides Signature verified failed. Retry from scratch
console.error: services.settings: 
  main/query-stripping Signature failed again InvalidSignatureError: Invalid content signature (main/query-stripping) using 'remote-settings.content-signature.mozilla.org-2025-09-08-21-33-59.chain'
console.error: (new InvalidSignatureError("Invalid content signature (main/query-stripping) using 'remote-settings.content-signature.mozilla.org-2025-09-08-21-33-59.chain'", "resource://services-settings/RemoteSettingsClient.sys.mjs", 165))
console.error: services.settings: 
  main/fingerprinting-protection-overrides Signature failed again InvalidSignatureError: Invalid content signature (main/fingerprinting-protection-overrides) using 'remote-settings.content-signature.mozilla.org-2025-09-08-21-33-59.chain'
console.error: (new InvalidSignatureError("Invalid content signature (main/fingerprinting-protection-overrides) using 'remote-settings.content-signature.mozilla.org-2025-09-08-21-33-59.chain'", "resource://services-settings/RemoteSettingsClient.sys.mjs", 165))
DevTools listening on ws://127.0.0.1:51092/devtools/browser/507fc63b-22dc-4651-83c5-232c9e046f82
console.error: services.settings: 
  main/partitioning-exempt-urls Signature failed  InvalidSignatureError: Invalid content signature (main/partitioning-exempt-urls) using 'remote-settings.content-signature.mozilla.org-2025-09-08-21-33-59.chain'
console.error: services.settings: 
  main/partitioning-exempt-urls local data was corrupted
console.warn: services.settings: main/partitioning-exempt-urls Signature verified failed. Retry from scratch
console.error: services.settings: 
  main/partitioning-exempt-urls Signature failed again InvalidSignatureError: Invalid content signature (main/partitioning-exempt-urls) using 'remote-settings.content-signature.mozilla.org-2025-09-08-21-33-59.chain'
console.error: (new InvalidSignatureError("Invalid content signature (main/partitioning-exempt-urls) using 'remote-settings.content-signature.mozilla.org-2025-09-08-21-33-59.chain'", "resource://services-settings/RemoteSettingsClient.sys.mjs", 165))
JavaScript warning: https://tbrhvkmi4y-496ff2e9c6d22116-0-colab.googleusercontent.com/outputframe.html?vrz=colab_20250729-060053_RC00_788359736, line 239: Using //@ to indicate sourceURL pragmas is deprecated. Use //# instead
JavaScript warning: https://www.google.com/js/bg/ewkwPWymqQfuUctaJ1I01ziIEjwrJG28Jgq1eVP0gew.js, line 2215: unreachable code after return statement
JavaScript warning: https://www.google.com/js/bg/ewkwPWymqQfuUctaJ1I01ziIEjwrJG28Jgq1eVP0gew.js, line 2215: unreachable code after return statement
JavaScript warning: https://www.google.com/js/bg/ewkwPWymqQfuUctaJ1I01ziIEjwrJG28Jgq1eVP0gew.js, line 2215: unreachable code after return statement
JavaScript warning: https://www.google.com/js/bg/ewkwPWymqQfuUctaJ1I01ziIEjwrJG28Jgq1eVP0gew.js line 2 > eval, line 2215: unreachable code after return statement
JavaScript warning: https://www.google.com/js/bg/ewkwPWymqQfuUctaJ1I01ziIEjwrJG28Jgq1eVP0gew.js line 2 > eval, line 2215: unreachable code after return statement
JavaScript warning: https://www.google.com/js/bg/ewkwPWymqQfuUctaJ1I01ziIEjwrJG28Jgq1eVP0gew.js line 2 > eval, line 2215: unreachable code after return statement
JavaScript warning: https://www.google.com/js/bg/ewkwPWymqQfuUctaJ1I01ziIEjwrJG28Jgq1eVP0gew.js line 2 > eval, line 1: unreachable code after return statement
JavaScript warning: https://www.google.com/js/bg/ewkwPWymqQfuUctaJ1I01ziIEjwrJG28Jgq1eVP0gew.js line 2 > eval line 2215 > eval, line 1: unreachable code after return statement
JavaScript warning: https://www.google.com/js/bg/ewkwPWymqQfuUctaJ1I01ziIEjwrJG28Jgq1eVP0gew.js line 2 > eval, line 1: unreachable code after return statement
JavaScript warning: https://www.google.com/js/bg/ewkwPWymqQfuUctaJ1I01ziIEjwrJG28Jgq1eVP0gew.js line 2 > eval line 2215 > eval, line 1: unreachable code after return statement
JavaScript warning: https://www.google.com/js/bg/ewkwPWymqQfuUctaJ1I01ziIEjwrJG28Jgq1eVP0gew.js line 2 > eval line 2215 > eval line 1 > eval, line 1: unreachable code after return statement
JavaScript warning: https://www.google.com/js/bg/ewkwPWymqQfuUctaJ1I01ziIEjwrJG28Jgq1eVP0gew.js line 2 > eval line 2215 > eval line 1 > eval, line 1: unreachable code after return statement
JavaScript warning: https://www.google.com/js/bg/ewkwPWymqQfuUctaJ1I01ziIEjwrJG28Jgq1eVP0gew.js line 2 > eval line 2215 > eval line 1 > eval line 1 > eval, line 1: unreachable code after return statement
JavaScript warning: https://www.google.com/js/bg/ewkwPWymqQfuUctaJ1I01ziIEjwrJG28Jgq1eVP0gew.js line 2 > eval line 2215 > eval line 1 > eval line 1 > eval, line 1: unreachable code after return statement
JavaScript warning: https://nrd2symaxd-496ff2e9c6d22116-0-colab.googleusercontent.com/outputframe.html?vrz=colab_20250729-060053_RC00_788359736, line 239: Using //@ to indicate sourceURL pragmas is deprecated. Use //# instead
JavaScript warning: https://nrd2symaxd-496ff2e9c6d22116-0-colab.googleusercontent.com/outputframe.html?vrz=colab_20250729-060053_RC00_788359736, line 239: Using //@ to indicate sourceURL pragmas is deprecated. Use //# instead
JavaScript warning: https://nrd2symaxd-496ff2e9c6d22116-0-colab.googleusercontent.com/outputframe.html?vrz=colab_20250729-060053_RC00_788359736 line 13 > eval, line 972: Using //@ to indicate sourceURL pragmas is deprecated. Use //# instead
JavaScript warning: https://k7ztqiqcyj-496ff2e9c6d22116-0-colab.googleusercontent.com/outputframe.html?vrz=colab_20250729-060053_RC00_788359736, line 239: Using //@ to indicate sourceURL pragmas is deprecated. Use //# instead
JavaScript warning: https://pt3i4ayilvk-496ff2e9c6d22116-0-colab.googleusercontent.com/outputframe.html?vrz=colab_20250729-060053_RC00_788359736, line 239: Using //@ to indicate sourceURL pragmas is deprecated. Use //# instead
JavaScript warning: https://k7ztqiqcyj-496ff2e9c6d22116-0-colab.googleusercontent.com/outputframe.html?vrz=colab_20250729-060053_RC00_788359736, line 239: Using //@ to indicate sourceURL pragmas is deprecated. Use //# instead
JavaScript warning: https://www.google.com/js/bg/ewkwPWymqQfuUctaJ1I01ziIEjwrJG28Jgq1eVP0gew.js, line 1132: unreachable code after return statement
JavaScript warning: https://www.google.com/js/bg/ewkwPWymqQfuUctaJ1I01ziIEjwrJG28Jgq1eVP0gew.js, line 1132: unreachable code after return statement
JavaScript warning: https://www.google.com/js/bg/ewkwPWymqQfuUctaJ1I01ziIEjwrJG28Jgq1eVP0gew.js, line 1132: unreachable code after return statement
JavaScript warning: https://www.google.com/js/bg/ewkwPWymqQfuUctaJ1I01ziIEjwrJG28Jgq1eVP0gew.js line 2 > eval, line 1132: unreachable code after return statement
JavaScript warning: https://www.google.com/js/bg/ewkwPWymqQfuUctaJ1I01ziIEjwrJG28Jgq1eVP0gew.js line 2 > eval, line 1132: unreachable code after return statement
JavaScript warning: https://www.google.com/js/bg/ewkwPWymqQfuUctaJ1I01ziIEjwrJG28Jgq1eVP0gew.js line 2 > eval, line 1132: unreachable code after return statement
JavaScript warning: https://www.google.com/js/bg/ewkwPWymqQfuUctaJ1I01ziIEjwrJG28Jgq1eVP0gew.js line 2 > eval, line 1: unreachable code after return statement
JavaScript warning: https://www.google.com/js/bg/ewkwPWymqQfuUctaJ1I01ziIEjwrJG28Jgq1eVP0gew.js line 2 > eval line 1132 > eval, line 1: unreachable code after return statement
JavaScript warning: https://www.google.com/js/bg/ewkwPWymqQfuUctaJ1I01ziIEjwrJG28Jgq1eVP0gew.js line 2 > eval, line 1: unreachable code after return statement
JavaScript warning: https://www.google.com/js/bg/ewkwPWymqQfuUctaJ1I01ziIEjwrJG28Jgq1eVP0gew.js line 2 > eval line 1132 > eval, line 1: unreachable code after return statement
JavaScript warning: https://www.google.com/js/bg/ewkwPWymqQfuUctaJ1I01ziIEjwrJG28Jgq1eVP0gew.js line 2 > eval line 1132 > eval line 1 > eval, line 1: unreachable code after return statement
JavaScript warning: https://www.google.com/js/bg/ewkwPWymqQfuUctaJ1I01ziIEjwrJG28Jgq1eVP0gew.js line 2 > eval line 1132 > eval line 1 > eval, line 1: unreachable code after return statement
JavaScript warning: https://www.google.com/js/bg/ewkwPWymqQfuUctaJ1I01ziIEjwrJG28Jgq1eVP0gew.js line 2 > eval line 1132 > eval line 1 > eval line 1 > eval, line 1: unreachable code after return statement
JavaScript warning: https://www.google.com/js/bg/ewkwPWymqQfuUctaJ1I01ziIEjwrJG28Jgq1eVP0gew.js line 2 > eval line 1132 > eval line 1 > eval line 1 > eval, line 1: unreachable code after return statement
JavaScript warning: https://k7ztqiqcyj-496ff2e9c6d22116-0-colab.googleusercontent.com/outputframe.html?vrz=colab_20250729-060053_RC00_788359736 line 13 > eval, line 972: Using //@ to indicate sourceURL pragmas is deprecated. Use //# instead
1753947242551	addons.xpi	ERROR	System addon update list error SyntaxError: XMLHttpRequest.open: 'http://%(server)s/dummy-system-addons.xml' is not a valid URL.
console.error: services.settings: 
  blocklists/addons-bloomfilters Signature failed  InvalidSignatureError: Invalid content signature (blocklists/addons-bloomfilters) using 'remote-settings.content-signature.mozilla.org-2025-09-08-21-33-59.chain'
console.error: services.settings: 
  blocklists/addons-bloomfilters local data was corrupted
console.warn: services.settings: blocklists/addons-bloomfilters Signature verified failed. Retry from scratch
console.error: services.settings: 
  blocklists/addons-bloomfilters Signature failed again InvalidSignatureError: Invalid content signature (blocklists/addons-bloomfilters) using 'remote-settings.content-signature.mozilla.org-2025-09-08-21-33-59.chain'
console.error: services.settings: 
  Message: InvalidSignatureError: Invalid content signature (blocklists/addons-bloomfilters) using 'remote-settings.content-signature.mozilla.org-2025-09-08-21-33-59.chain'
  Stack:
    InvalidSignatureError@resource://services-settings/RemoteSettingsClient.sys.mjs:165:5
_validateCollectionSignature@resource://services-settings/RemoteSettingsClient.sys.mjs:1021:13

console.error: services.settings: 
  main/search-config-v2 Signature failed  InvalidSignatureError: Invalid content signature (main/search-config-v2) using 'remote-settings.content-signature.mozilla.org-2025-09-08-21-33-59.chain'
console.error: services.settings: 
  main/search-config-v2 local data was corrupted
console.warn: services.settings: main/search-config-v2 Signature verified failed. Retry from scratch
console.error: services.settings: 
  main/search-config-v2 Signature failed again InvalidSignatureError: Invalid content signature (main/search-config-v2) using 'remote-settings.content-signature.mozilla.org-2025-09-08-21-33-59.chain'
console.error: services.settings: 
  Message: InvalidSignatureError: Invalid content signature (main/search-config-v2) using 'remote-settings.content-signature.mozilla.org-2025-09-08-21-33-59.chain'
  Stack:
    InvalidSignatureError@resource://services-settings/RemoteSettingsClient.sys.mjs:165:5
_validateCollectionSignature@resource://services-settings/RemoteSettingsClient.sys.mjs:1021:13

console.error: services.settings: 
  main/search-telemetry-v2 Signature failed  InvalidSignatureError: Invalid content signature (main/search-telemetry-v2) using 'remote-settings.content-signature.mozilla.org-2025-09-08-21-33-59.chain'
console.error: services.settings: 
  main/search-telemetry-v2 local data was corrupted
console.warn: services.settings: main/search-telemetry-v2 Signature verified failed. Retry from scratch
console.error: services.settings: 
  main/search-telemetry-v2 Signature failed again InvalidSignatureError: Invalid content signature (main/search-telemetry-v2) using 'remote-settings.content-signature.mozilla.org-2025-09-08-21-33-59.chain'
console.error: services.settings: 
  Message: InvalidSignatureError: Invalid content signature (main/search-telemetry-v2) using 'remote-settings.content-signature.mozilla.org-2025-09-08-21-33-59.chain'
  Stack:
    InvalidSignatureError@resource://services-settings/RemoteSettingsClient.sys.mjs:165:5
_validateCollectionSignature@resource://services-settings/RemoteSettingsClient.sys.mjs:1021:13

console.error: services.settings: 
  main/translations-models Signature failed  InvalidSignatureError: Invalid content signature (main/translations-models) using 'remote-settings.content-signature.mozilla.org-2025-09-08-21-33-59.chain'
console.error: services.settings: 
  main/translations-models local data was corrupted
console.warn: services.settings: main/translations-models Signature verified failed. Retry from scratch
console.error: services.settings: 
  main/translations-models Signature failed again InvalidSignatureError: Invalid content signature (main/translations-models) using 'remote-settings.content-signature.mozilla.org-2025-09-08-21-33-59.chain'
console.error: services.settings: 
  Message: InvalidSignatureError: Invalid content signature (main/translations-models) using 'remote-settings.content-signature.mozilla.org-2025-09-08-21-33-59.chain'
  Stack:
    InvalidSignatureError@resource://services-settings/RemoteSettingsClient.sys.mjs:165:5
_validateCollectionSignature@resource://services-settings/RemoteSettingsClient.sys.mjs:1021:13

console.error: services.settings: 
  main/devtools-compatibility-browsers Signature failed  InvalidSignatureError: Invalid content signature (main/devtools-compatibility-browsers) using 'remote-settings.content-signature.mozilla.org-2025-09-08-21-33-59.chain'
console.error: services.settings: 
  main/devtools-compatibility-browsers local data was corrupted
console.warn: services.settings: main/devtools-compatibility-browsers Signature verified failed. Retry from scratch
console.error: services.settings: 
  main/devtools-compatibility-browsers Signature failed again InvalidSignatureError: Invalid content signature (main/devtools-compatibility-browsers) using 'remote-settings.content-signature.mozilla.org-2025-09-08-21-33-59.chain'
console.error: services.settings: 
  Message: InvalidSignatureError: Invalid content signature (main/devtools-compatibility-browsers) using 'remote-settings.content-signature.mozilla.org-2025-09-08-21-33-59.chain'
  Stack:
    InvalidSignatureError@resource://services-settings/RemoteSettingsClient.sys.mjs:165:5
_validateCollectionSignature@resource://services-settings/RemoteSettingsClient.sys.mjs:1021:13

console.error: services.settings: 
  main/doh-config Signature failed  InvalidSignatureError: Invalid content signature (main/doh-config) using 'remote-settings.content-signature.mozilla.org-2025-09-08-21-33-59.chain'
console.error: services.settings: 
  main/doh-config local data was corrupted
console.warn: services.settings: main/doh-config Signature verified failed. Retry from scratch
console.error: services.settings: 
  main/doh-config Signature failed again InvalidSignatureError: Invalid content signature (main/doh-config) using 'remote-settings.content-signature.mozilla.org-2025-09-08-21-33-59.chain'
console.error: services.settings: 
  Message: InvalidSignatureError: Invalid content signature (main/doh-config) using 'remote-settings.content-signature.mozilla.org-2025-09-08-21-33-59.chain'
  Stack:
    InvalidSignatureError@resource://services-settings/RemoteSettingsClient.sys.mjs:165:5
_validateCollectionSignature@resource://services-settings/RemoteSettingsClient.sys.mjs:1021:13

console.error: services.settings: 
  main/fingerprinting-protection-overrides Signature failed  InvalidSignatureError: Invalid content signature (main/fingerprinting-protection-overrides) using 'remote-settings.content-signature.mozilla.org-2025-09-08-21-33-59.chain'
console.error: services.settings: 
  main/fingerprinting-protection-overrides local data was corrupted
console.warn: services.settings: main/fingerprinting-protection-overrides Signature verified failed. Retry from scratch
console.error: services.settings: 
  main/fingerprinting-protection-overrides Signature failed again InvalidSignatureError: Invalid content signature (main/fingerprinting-protection-overrides) using 'remote-settings.content-signature.mozilla.org-2025-09-08-21-33-59.chain'
console.error: services.settings: 
  Message: InvalidSignatureError: Invalid content signature (main/fingerprinting-protection-overrides) using 'remote-settings.content-signature.mozilla.org-2025-09-08-21-33-59.chain'
  Stack:
    InvalidSignatureError@resource://services-settings/RemoteSettingsClient.sys.mjs:165:5
_validateCollectionSignature@resource://services-settings/RemoteSettingsClient.sys.mjs:1021:13

console.error: services.settings: 
  main/translations-wasm Signature failed  InvalidSignatureError: Invalid content signature (main/translations-wasm) using 'remote-settings.content-signature.mozilla.org-2025-09-08-21-33-59.chain'
console.error: services.settings: 
  main/translations-wasm local data was corrupted
console.warn: services.settings: main/translations-wasm Signature verified failed. Retry from scratch
console.error: services.settings: 
  main/translations-wasm Signature failed again InvalidSignatureError: Invalid content signature (main/translations-wasm) using 'remote-settings.content-signature.mozilla.org-2025-09-08-21-33-59.chain'
console.error: services.settings: 
  Message: InvalidSignatureError: Invalid content signature (main/translations-wasm) using 'remote-settings.content-signature.mozilla.org-2025-09-08-21-33-59.chain'
  Stack:
    InvalidSignatureError@resource://services-settings/RemoteSettingsClient.sys.mjs:165:5
_validateCollectionSignature@resource://services-settings/RemoteSettingsClient.sys.mjs:1021:13

console.error: services.settings: 
  main/partitioning-exempt-urls Signature failed  InvalidSignatureError: Invalid content signature (main/partitioning-exempt-urls) using 'remote-settings.content-signature.mozilla.org-2025-09-08-21-33-59.chain'
console.error: services.settings: 
  main/partitioning-exempt-urls local data was corrupted
console.warn: services.settings: main/partitioning-exempt-urls Signature verified failed. Retry from scratch
console.error: services.settings: 
  main/partitioning-exempt-urls Signature failed again InvalidSignatureError: Invalid content signature (main/partitioning-exempt-urls) using 'remote-settings.content-signature.mozilla.org-2025-09-08-21-33-59.chain'
console.error: services.settings: 
  Message: InvalidSignatureError: Invalid content signature (main/partitioning-exempt-urls) using 'remote-settings.content-signature.mozilla.org-2025-09-08-21-33-59.chain'
  Stack:
    InvalidSignatureError@resource://services-settings/RemoteSettingsClient.sys.mjs:165:5
_validateCollectionSignature@resource://services-settings/RemoteSettingsClient.sys.mjs:1021:13

console.error: services.settings: 
  blocklists/gfx Signature failed  InvalidSignatureError: Invalid content signature (blocklists/gfx) using 'remote-settings.content-signature.mozilla.org-2025-09-08-21-33-59.chain'
console.error: services.settings: 
  blocklists/gfx local data was corrupted
console.warn: services.settings: blocklists/gfx Signature verified failed. Retry from scratch
console.error: services.settings: 
  blocklists/gfx Signature failed again InvalidSignatureError: Invalid content signature (blocklists/gfx) using 'remote-settings.content-signature.mozilla.org-2025-09-08-21-33-59.chain'
console.error: services.settings: 
  Message: InvalidSignatureError: Invalid content signature (blocklists/gfx) using 'remote-settings.content-signature.mozilla.org-2025-09-08-21-33-59.chain'
  Stack:
    InvalidSignatureError@resource://services-settings/RemoteSettingsClient.sys.mjs:165:5
_validateCollectionSignature@resource://services-settings/RemoteSettingsClient.sys.mjs:1021:13

console.error: services.settings: 
  main/search-config-icons Signature failed  InvalidSignatureError: Invalid content signature (main/search-config-icons) using 'remote-settings.content-signature.mozilla.org-2025-09-08-21-33-59.chain'
console.error: services.settings: 
  main/search-config-icons local data was corrupted
console.warn: services.settings: main/search-config-icons Signature verified failed. Retry from scratch
console.error: services.settings: 
  main/search-config-icons Signature failed again InvalidSignatureError: Invalid content signature (main/search-config-icons) using 'remote-settings.content-signature.mozilla.org-2025-09-08-21-33-59.chain'
console.error: services.settings: 
  Message: InvalidSignatureError: Invalid content signature (main/search-config-icons) using 'remote-settings.content-signature.mozilla.org-2025-09-08-21-33-59.chain'
  Stack:
    InvalidSignatureError@resource://services-settings/RemoteSettingsClient.sys.mjs:165:5
_validateCollectionSignature@resource://services-settings/RemoteSettingsClient.sys.mjs:1021:13

console.error: services.settings: 
  main/search-default-override-allowlist Signature failed  InvalidSignatureError: Invalid content signature (main/search-default-override-allowlist) using 'remote-settings.content-signature.mozilla.org-2025-09-08-21-33-59.chain'
console.error: services.settings: 
  main/search-default-override-allowlist local data was corrupted
console.warn: services.settings: main/search-default-override-allowlist Signature verified failed. Retry from scratch
console.error: services.settings: 
  main/search-default-override-allowlist Signature failed again InvalidSignatureError: Invalid content signature (main/search-default-override-allowlist) using 'remote-settings.content-signature.mozilla.org-2025-09-08-21-33-59.chain'
console.error: services.settings: 
  Message: InvalidSignatureError: Invalid content signature (main/search-default-override-allowlist) using 'remote-settings.content-signature.mozilla.org-2025-09-08-21-33-59.chain'
  Stack:
    InvalidSignatureError@resource://services-settings/RemoteSettingsClient.sys.mjs:165:5
_validateCollectionSignature@resource://services-settings/RemoteSettingsClient.sys.mjs:1021:13

console.error: services.settings: 
  main/top-sites Signature failed  InvalidSignatureError: Invalid content signature (main/top-sites) using 'remote-settings.content-signature.mozilla.org-2025-09-08-21-33-59.chain'
console.error: services.settings: 
  main/top-sites local data was corrupted
console.warn: services.settings: main/top-sites Signature verified failed. Retry from scratch
console.error: services.settings: 
  main/top-sites Signature failed again InvalidSignatureError: Invalid content signature (main/top-sites) using 'remote-settings.content-signature.mozilla.org-2025-09-08-21-33-59.chain'
console.error: services.settings: 
  Message: InvalidSignatureError: Invalid content signature (main/top-sites) using 'remote-settings.content-signature.mozilla.org-2025-09-08-21-33-59.chain'
  Stack:
    InvalidSignatureError@resource://services-settings/RemoteSettingsClient.sys.mjs:165:5
_validateCollectionSignature@resource://services-settings/RemoteSettingsClient.sys.mjs:1021:13

console.error: services.settings: 
  main/password-rules Signature failed  InvalidSignatureError: Invalid content signature (main/password-rules) using 'remote-settings.content-signature.mozilla.org-2025-09-08-21-33-59.chain'
console.error: services.settings: 
  main/password-rules local data was corrupted
console.warn: services.settings: main/password-rules Signature verified failed. Retry from scratch
console.error: services.settings: 
  main/password-rules Signature failed again InvalidSignatureError: Invalid content signature (main/password-rules) using 'remote-settings.content-signature.mozilla.org-2025-09-08-21-33-59.chain'
console.error: services.settings: 
  Message: InvalidSignatureError: Invalid content signature (main/password-rules) using 'remote-settings.content-signature.mozilla.org-2025-09-08-21-33-59.chain'
  Stack:
    InvalidSignatureError@resource://services-settings/RemoteSettingsClient.sys.mjs:165:5
_validateCollectionSignature@resource://services-settings/RemoteSettingsClient.sys.mjs:1021:13

console.error: services.settings: 
  main/url-classifier-skip-urls Signature failed  InvalidSignatureError: Invalid content signature (main/url-classifier-skip-urls) using 'remote-settings.content-signature.mozilla.org-2025-09-08-21-33-59.chain'
console.error: services.settings: 
  main/url-classifier-skip-urls local data was corrupted
console.warn: services.settings: main/url-classifier-skip-urls Signature verified failed. Retry from scratch
console.error: services.settings: 
  main/url-classifier-skip-urls Signature failed again InvalidSignatureError: Invalid content signature (main/url-classifier-skip-urls) using 'remote-settings.content-signature.mozilla.org-2025-09-08-21-33-59.chain'
console.error: services.settings: 
  Message: InvalidSignatureError: Invalid content signature (main/url-classifier-skip-urls) using 'remote-settings.content-signature.mozilla.org-2025-09-08-21-33-59.chain'
  Stack:
    InvalidSignatureError@resource://services-settings/RemoteSettingsClient.sys.mjs:165:5
_validateCollectionSignature@resource://services-settings/RemoteSettingsClient.sys.mjs:1021:13

console.error: services.settings: 
  main/websites-with-shared-credential-backends Signature failed  InvalidSignatureError: Invalid content signature (main/websites-with-shared-credential-backends) using 'remote-settings.content-signature.mozilla.org-2025-09-08-21-33-59.chain'
console.error: services.settings: 
  main/websites-with-shared-credential-backends local data was corrupted
console.warn: services.settings: main/websites-with-shared-credential-backends Signature verified failed. Retry from scratch
console.error: services.settings: 
  main/websites-with-shared-credential-backends Signature failed again InvalidSignatureError: Invalid content signature (main/websites-with-shared-credential-backends) using 'remote-settings.content-signature.mozilla.org-2025-09-08-21-33-59.chain'
console.error: services.settings: 
  Message: InvalidSignatureError: Invalid content signature (main/websites-with-shared-credential-backends) using 'remote-settings.content-signature.mozilla.org-2025-09-08-21-33-59.chain'
  Stack:
    InvalidSignatureError@resource://services-settings/RemoteSettingsClient.sys.mjs:165:5
_validateCollectionSignature@resource://services-settings/RemoteSettingsClient.sys.mjs:1021:13

console.error: services.settings: 
  main/normandy-recipes-capabilities Signature failed  InvalidSignatureError: Invalid content signature (main/normandy-recipes-capabilities) using 'remote-settings.content-signature.mozilla.org-2025-09-08-21-33-59.chain'
console.error: services.settings: 
  main/normandy-recipes-capabilities local data was corrupted
console.warn: services.settings: main/normandy-recipes-capabilities Signature verified failed. Retry from scratch
console.error: services.settings: 
  main/normandy-recipes-capabilities Signature failed again InvalidSignatureError: Invalid content signature (main/normandy-recipes-capabilities) using 'remote-settings.content-signature.mozilla.org-2025-09-08-21-33-59.chain'
console.error: services.settings: 
  Message: InvalidSignatureError: Invalid content signature (main/normandy-recipes-capabilities) using 'remote-settings.content-signature.mozilla.org-2025-09-08-21-33-59.chain'
  Stack:
    InvalidSignatureError@resource://services-settings/RemoteSettingsClient.sys.mjs:165:5
_validateCollectionSignature@resource://services-settings/RemoteSettingsClient.sys.mjs:1021:13

console.error: services.settings: 
  main/cookie-banner-rules-list Signature failed  InvalidSignatureError: Invalid content signature (main/cookie-banner-rules-list) using 'remote-settings.content-signature.mozilla.org-2025-09-08-21-33-59.chain'
console.error: services.settings: 
  main/cookie-banner-rules-list local data was corrupted
console.warn: services.settings: main/cookie-banner-rules-list Signature verified failed. Retry from scratch
console.error: services.settings: 
  main/cookie-banner-rules-list Signature failed again InvalidSignatureError: Invalid content signature (main/cookie-banner-rules-list) using 'remote-settings.content-signature.mozilla.org-2025-09-08-21-33-59.chain'
console.error: services.settings: 
  Message: InvalidSignatureError: Invalid content signature (main/cookie-banner-rules-list) using 'remote-settings.content-signature.mozilla.org-2025-09-08-21-33-59.chain'
  Stack:
    InvalidSignatureError@resource://services-settings/RemoteSettingsClient.sys.mjs:165:5
_validateCollectionSignature@resource://services-settings/RemoteSettingsClient.sys.mjs:1021:13

console.warn: services.settings: main/search-config Signature verified failed. Retry from scratch
console.error: services.settings: 
  main/search-config Signature failed again InvalidSignatureError: Invalid content signature (main/search-config) using 'remote-settings.content-signature.mozilla.org-2025-09-08-21-33-59.chain'
console.error: services.settings: 
  Message: InvalidSignatureError: Invalid content signature (main/search-config) using 'remote-settings.content-signature.mozilla.org-2025-09-08-21-33-59.chain'
  Stack:
    InvalidSignatureError@resource://services-settings/RemoteSettingsClient.sys.mjs:165:5
_validateCollectionSignature@resource://services-settings/RemoteSettingsClient.sys.mjs:1021:13

console.warn: services.settings: main/search-config-overrides Signature verified failed. Retry from scratch
console.error: services.settings: 
  main/search-config-overrides Signature failed again InvalidSignatureError: Invalid content signature (main/search-config-overrides) using 'remote-settings.content-signature.mozilla.org-2025-09-08-21-33-59.chain'
console.error: services.settings: 
  Message: InvalidSignatureError: Invalid content signature (main/search-config-overrides) using 'remote-settings.content-signature.mozilla.org-2025-09-08-21-33-59.chain'
  Stack:
    InvalidSignatureError@resource://services-settings/RemoteSettingsClient.sys.mjs:165:5
_validateCollectionSignature@resource://services-settings/RemoteSettingsClient.sys.mjs:1021:13

console.error: services.settings: 
  main/query-stripping Signature failed  InvalidSignatureError: Invalid content signature (main/query-stripping) using 'remote-settings.content-signature.mozilla.org-2025-09-08-21-33-59.chain'
console.error: services.settings: 
  main/query-stripping local data was corrupted
console.warn: services.settings: main/query-stripping Signature verified failed. Retry from scratch
console.error: services.settings: 
  main/query-stripping Signature failed again InvalidSignatureError: Invalid content signature (main/query-stripping) using 'remote-settings.content-signature.mozilla.org-2025-09-08-21-33-59.chain'
console.error: services.settings: 
  Message: InvalidSignatureError: Invalid content signature (main/query-stripping) using 'remote-settings.content-signature.mozilla.org-2025-09-08-21-33-59.chain'
  Stack:
    InvalidSignatureError@resource://services-settings/RemoteSettingsClient.sys.mjs:165:5
_validateCollectionSignature@resource://services-settings/RemoteSettingsClient.sys.mjs:1021:13

console.error: services.settings: 
  main/addons-manager-settings Signature failed  InvalidSignatureError: Invalid content signature (main/addons-manager-settings) using 'remote-settings.content-signature.mozilla.org-2025-09-08-21-33-59.chain'
console.error: services.settings: 
  main/addons-manager-settings local data was corrupted
console.warn: services.settings: main/addons-manager-settings Signature verified failed. Retry from scratch
console.error: services.settings: 
  main/addons-manager-settings Signature failed again InvalidSignatureError: Invalid content signature (main/addons-manager-settings) using 'remote-settings.content-signature.mozilla.org-2025-09-08-21-33-59.chain'
console.error: services.settings: 
  Message: InvalidSignatureError: Invalid content signature (main/addons-manager-settings) using 'remote-settings.content-signature.mozilla.org-2025-09-08-21-33-59.chain'
  Stack:
    InvalidSignatureError@resource://services-settings/RemoteSettingsClient.sys.mjs:165:5
_validateCollectionSignature@resource://services-settings/RemoteSettingsClient.sys.mjs:1021:13

console.error: services.settings: 
  main/doh-providers Signature failed  InvalidSignatureError: Invalid content signature (main/doh-providers) using 'remote-settings.content-signature.mozilla.org-2025-09-08-21-33-59.chain'
console.error: services.settings: 
  main/doh-providers local data was corrupted
console.warn: services.settings: main/doh-providers Signature verified failed. Retry from scratch
console.error: services.settings: 
  main/doh-providers Signature failed again InvalidSignatureError: Invalid content signature (main/doh-providers) using 'remote-settings.content-signature.mozilla.org-2025-09-08-21-33-59.chain'
console.error: services.settings: 
  Message: InvalidSignatureError: Invalid content signature (main/doh-providers) using 'remote-settings.content-signature.mozilla.org-2025-09-08-21-33-59.chain'
  Stack:
    InvalidSignatureError@resource://services-settings/RemoteSettingsClient.sys.mjs:165:5
_validateCollectionSignature@resource://services-settings/RemoteSettingsClient.sys.mjs:1021:13

console.error: services.settings: 
  main/pioneer-study-addons-v1 Signature failed  InvalidSignatureError: Invalid content signature (main/pioneer-study-addons-v1) using 'remote-settings.content-signature.mozilla.org-2025-09-08-21-33-59.chain'
console.error: services.settings: 
  main/pioneer-study-addons-v1 local data was corrupted
console.warn: services.settings: main/pioneer-study-addons-v1 Signature verified failed. Retry from scratch
console.error: services.settings: 
  main/pioneer-study-addons-v1 Signature failed again InvalidSignatureError: Invalid content signature (main/pioneer-study-addons-v1) using 'remote-settings.content-signature.mozilla.org-2025-09-08-21-33-59.chain'
console.error: services.settings: 
  Message: InvalidSignatureError: Invalid content signature (main/pioneer-study-addons-v1) using 'remote-settings.content-signature.mozilla.org-2025-09-08-21-33-59.chain'
  Stack:
    InvalidSignatureError@resource://services-settings/RemoteSettingsClient.sys.mjs:165:5
_validateCollectionSignature@resource://services-settings/RemoteSettingsClient.sys.mjs:1021:13

console.warn: services.settings: main/hijack-blocklists Signature verified failed. Retry from scratch
console.error: services.settings: 
  main/hijack-blocklists Signature failed again InvalidSignatureError: Invalid content signature (main/hijack-blocklists) using 'remote-settings.content-signature.mozilla.org-2025-09-08-21-33-59.chain'
console.error: services.settings: 
  Message: InvalidSignatureError: Invalid content signature (main/hijack-blocklists) using 'remote-settings.content-signature.mozilla.org-2025-09-08-21-33-59.chain'
  Stack:
    InvalidSignatureError@resource://services-settings/RemoteSettingsClient.sys.mjs:165:5
_validateCollectionSignature@resource://services-settings/RemoteSettingsClient.sys.mjs:1021:13

console.warn: LoginRecipes: "Falling back to a synchronous message for: https://accounts.google.com."
console.warn: services.settings: main/anti-tracking-url-decoration Signature verified failed. Retry from scratch
console.error: services.settings: 
  main/anti-tracking-url-decoration Signature failed again InvalidSignatureError: Invalid content signature (main/anti-tracking-url-decoration) using 'remote-settings.content-signature.mozilla.org-2025-09-08-21-33-59.chain'
console.error: services.settings: 
  Message: InvalidSignatureError: Invalid content signature (main/anti-tracking-url-decoration) using 'remote-settings.content-signature.mozilla.org-2025-09-08-21-33-59.chain'
  Stack:
    InvalidSignatureError@resource://services-settings/RemoteSettingsClient.sys.mjs:165:5
_validateCollectionSignature@resource://services-settings/RemoteSettingsClient.sys.mjs:1021:13

console.error: (new InvalidSignatureError("Invalid content signature (blocklists/addons-bloomfilters) using 'remote-settings.content-signature.mozilla.org-2025-09-08-21-33-59.chain'", "resource://services-settings/RemoteSettingsClient.sys.mjs", 165))
JavaScript warning: https://accounts.google.com/v3/signin/identifier?authuser=0&continue=https%3A%2F%2Fcolab.research.google.com%2Fdrive%2F1SYoYLAALYgvNVwPRAYxsJBKK_6aTHjNc&hl=en&ifkv=AdBytiO0JvWtHPTCDXhzyp20wu0MZT46xnu7i0ENUsGEvsIS_lqKggeNJj9d6nSEf4U7O9rY-yezDA&flowName=GlifWebSignIn&flowEntry=ServiceLogin&dsh=S-1943108955%3A1753947243965264 line 1275 > injectedScript, line 3754: unreachable code after return statement
JavaScript warning: https://accounts.google.com/v3/signin/identifier?authuser=0&continue=https%3A%2F%2Fcolab.research.google.com%2Fdrive%2F1SYoYLAALYgvNVwPRAYxsJBKK_6aTHjNc&hl=en&ifkv=AdBytiO0JvWtHPTCDXhzyp20wu0MZT46xnu7i0ENUsGEvsIS_lqKggeNJj9d6nSEf4U7O9rY-yezDA&flowName=GlifWebSignIn&flowEntry=ServiceLogin&dsh=S-1943108955%3A1753947243965264 line 1275 > injectedScript, line 3754: unreachable code after return statement
JavaScript warning: https://accounts.google.com/v3/signin/identifier?authuser=0&continue=https%3A%2F%2Fcolab.research.google.com%2Fdrive%2F1SYoYLAALYgvNVwPRAYxsJBKK_6aTHjNc&hl=en&ifkv=AdBytiO0JvWtHPTCDXhzyp20wu0MZT46xnu7i0ENUsGEvsIS_lqKggeNJj9d6nSEf4U7O9rY-yezDA&flowName=GlifWebSignIn&flowEntry=ServiceLogin&dsh=S-1943108955%3A1753947243965264 line 1275 > injectedScript, line 3754: unreachable code after return statement
JavaScript warning: https://accounts.google.com/v3/signin/identifier?authuser=0&continue=https%3A%2F%2Fcolab.research.google.com%2Fdrive%2F1SYoYLAALYgvNVwPRAYxsJBKK_6aTHjNc&hl=en&ifkv=AdBytiO0JvWtHPTCDXhzyp20wu0MZT46xnu7i0ENUsGEvsIS_lqKggeNJj9d6nSEf4U7O9rY-yezDA&flowName=GlifWebSignIn&flowEntry=ServiceLogin&dsh=S-1943108955%3A1753947243965264 line 1275 > injectedScript line 2 > eval, line 3754: unreachable code after return statement
JavaScript warning: https://accounts.google.com/v3/signin/identifier?authuser=0&continue=https%3A%2F%2Fcolab.research.google.com%2Fdrive%2F1SYoYLAALYgvNVwPRAYxsJBKK_6aTHjNc&hl=en&ifkv=AdBytiO0JvWtHPTCDXhzyp20wu0MZT46xnu7i0ENUsGEvsIS_lqKggeNJj9d6nSEf4U7O9rY-yezDA&flowName=GlifWebSignIn&flowEntry=ServiceLogin&dsh=S-1943108955%3A1753947243965264 line 1275 > injectedScript line 2 > eval, line 3754: unreachable code after return statement
JavaScript warning: https://accounts.google.com/v3/signin/identifier?authuser=0&continue=https%3A%2F%2Fcolab.research.google.com%2Fdrive%2F1SYoYLAALYgvNVwPRAYxsJBKK_6aTHjNc&hl=en&ifkv=AdBytiO0JvWtHPTCDXhzyp20wu0MZT46xnu7i0ENUsGEvsIS_lqKggeNJj9d6nSEf4U7O9rY-yezDA&flowName=GlifWebSignIn&flowEntry=ServiceLogin&dsh=S-1943108955%3A1753947243965264 line 1275 > injectedScript line 2 > eval, line 3754: unreachable code after return statement
JavaScript warning: https://accounts.google.com/v3/signin/identifier?authuser=0&continue=https%3A%2F%2Fcolab.research.google.com%2Fdrive%2F1SYoYLAALYgvNVwPRAYxsJBKK_6aTHjNc&hl=en&ifkv=AdBytiO0JvWtHPTCDXhzyp20wu0MZT46xnu7i0ENUsGEvsIS_lqKggeNJj9d6nSEf4U7O9rY-yezDA&flowName=GlifWebSignIn&flowEntry=ServiceLogin&dsh=S-1943108955%3A1753947243965264 line 1275 > injectedScript line 2 > eval, line 1: unreachable code after return statement
JavaScript warning: https://accounts.google.com/v3/signin/identifier?authuser=0&continue=https%3A%2F%2Fcolab.research.google.com%2Fdrive%2F1SYoYLAALYgvNVwPRAYxsJBKK_6aTHjNc&hl=en&ifkv=AdBytiO0JvWtHPTCDXhzyp20wu0MZT46xnu7i0ENUsGEvsIS_lqKggeNJj9d6nSEf4U7O9rY-yezDA&flowName=GlifWebSignIn&flowEntry=ServiceLogin&dsh=S-1943108955%3A1753947243965264 line 1275 > injectedScript line 2 > eval line 3754 > eval, line 1: unreachable code after return statement
JavaScript warning: https://accounts.google.com/v3/signin/identifier?authuser=0&continue=https%3A%2F%2Fcolab.research.google.com%2Fdrive%2F1SYoYLAALYgvNVwPRAYxsJBKK_6aTHjNc&hl=en&ifkv=AdBytiO0JvWtHPTCDXhzyp20wu0MZT46xnu7i0ENUsGEvsIS_lqKggeNJj9d6nSEf4U7O9rY-yezDA&flowName=GlifWebSignIn&flowEntry=ServiceLogin&dsh=S-1943108955%3A1753947243965264 line 1275 > injectedScript line 2 > eval, line 1: unreachable code after return statement
JavaScript warning: https://accounts.google.com/v3/signin/identifier?authuser=0&continue=https%3A%2F%2Fcolab.research.google.com%2Fdrive%2F1SYoYLAALYgvNVwPRAYxsJBKK_6aTHjNc&hl=en&ifkv=AdBytiO0JvWtHPTCDXhzyp20wu0MZT46xnu7i0ENUsGEvsIS_lqKggeNJj9d6nSEf4U7O9rY-yezDA&flowName=GlifWebSignIn&flowEntry=ServiceLogin&dsh=S-1943108955%3A1753947243965264 line 1275 > injectedScript line 2 > eval line 3754 > eval, line 1: unreachable code after return statement
JavaScript warning: https://accounts.google.com/v3/signin/identifier?authuser=0&continue=https%3A%2F%2Fcolab.research.google.com%2Fdrive%2F1SYoYLAALYgvNVwPRAYxsJBKK_6aTHjNc&hl=en&ifkv=AdBytiO0JvWtHPTCDXhzyp20wu0MZT46xnu7i0ENUsGEvsIS_lqKggeNJj9d6nSEf4U7O9rY-yezDA&flowName=GlifWebSignIn&flowEntry=ServiceLogin&dsh=S-1943108955%3A1753947243965264 line 1275 > injectedScript line 2 > eval line 3754 > eval line 1 > eval, line 1: unreachable code after return statement
JavaScript warning: https://accounts.google.com/v3/signin/identifier?authuser=0&continue=https%3A%2F%2Fcolab.research.google.com%2Fdrive%2F1SYoYLAALYgvNVwPRAYxsJBKK_6aTHjNc&hl=en&ifkv=AdBytiO0JvWtHPTCDXhzyp20wu0MZT46xnu7i0ENUsGEvsIS_lqKggeNJj9d6nSEf4U7O9rY-yezDA&flowName=GlifWebSignIn&flowEntry=ServiceLogin&dsh=S-1943108955%3A1753947243965264 line 1275 > injectedScript line 2 > eval line 3754 > eval line 1 > eval, line 1: unreachable code after return statement
JavaScript warning: https://accounts.google.com/v3/signin/identifier?authuser=0&continue=https%3A%2F%2Fcolab.research.google.com%2Fdrive%2F1SYoYLAALYgvNVwPRAYxsJBKK_6aTHjNc&hl=en&ifkv=AdBytiO0JvWtHPTCDXhzyp20wu0MZT46xnu7i0ENUsGEvsIS_lqKggeNJj9d6nSEf4U7O9rY-yezDA&flowName=GlifWebSignIn&flowEntry=ServiceLogin&dsh=S-1943108955%3A1753947243965264 line 1275 > injectedScript line 2 > eval line 3754 > eval line 1 > eval line 1 > eval, line 1: unreachable code after return statement
JavaScript warning: https://accounts.google.com/v3/signin/identifier?authuser=0&continue=https%3A%2F%2Fcolab.research.google.com%2Fdrive%2F1SYoYLAALYgvNVwPRAYxsJBKK_6aTHjNc&hl=en&ifkv=AdBytiO0JvWtHPTCDXhzyp20wu0MZT46xnu7i0ENUsGEvsIS_lqKggeNJj9d6nSEf4U7O9rY-yezDA&flowName=GlifWebSignIn&flowEntry=ServiceLogin&dsh=S-1943108955%3A1753947243965264 line 1275 > injectedScript line 2 > eval line 3754 > eval line 1 > eval line 1 > eval, line 1: unreachable code after return statement
JavaScript warning: https://accounts.google.com/v3/signin/identifier?authuser=0&continue=https%3A%2F%2Fcolab.research.google.com%2Fdrive%2F1SYoYLAALYgvNVwPRAYxsJBKK_6aTHjNc&hl=en&ifkv=AdBytiO0JvWtHPTCDXhzyp20wu0MZT46xnu7i0ENUsGEvsIS_lqKggeNJj9d6nSEf4U7O9rY-yezDA&flowName=GlifWebSignIn&flowEntry=ServiceLogin&dsh=S-1943108955%3A1753947243965264 line 1275 > injectedScript, line 2135: unreachable code after return statement
JavaScript warning: https://accounts.google.com/v3/signin/identifier?authuser=0&continue=https%3A%2F%2Fcolab.research.google.com%2Fdrive%2F1SYoYLAALYgvNVwPRAYxsJBKK_6aTHjNc&hl=en&ifkv=AdBytiO0JvWtHPTCDXhzyp20wu0MZT46xnu7i0ENUsGEvsIS_lqKggeNJj9d6nSEf4U7O9rY-yezDA&flowName=GlifWebSignIn&flowEntry=ServiceLogin&dsh=S-1943108955%3A1753947243965264 line 1275 > injectedScript, line 2135: unreachable code after return statement
JavaScript warning: https://accounts.google.com/v3/signin/identifier?authuser=0&continue=https%3A%2F%2Fcolab.research.google.com%2Fdrive%2F1SYoYLAALYgvNVwPRAYxsJBKK_6aTHjNc&hl=en&ifkv=AdBytiO0JvWtHPTCDXhzyp20wu0MZT46xnu7i0ENUsGEvsIS_lqKggeNJj9d6nSEf4U7O9rY-yezDA&flowName=GlifWebSignIn&flowEntry=ServiceLogin&dsh=S-1943108955%3A1753947243965264 line 1275 > injectedScript, line 2135: unreachable code after return statement
JavaScript warning: https://accounts.google.com/v3/signin/identifier?authuser=0&continue=https%3A%2F%2Fcolab.research.google.com%2Fdrive%2F1SYoYLAALYgvNVwPRAYxsJBKK_6aTHjNc&hl=en&ifkv=AdBytiO0JvWtHPTCDXhzyp20wu0MZT46xnu7i0ENUsGEvsIS_lqKggeNJj9d6nSEf4U7O9rY-yezDA&flowName=GlifWebSignIn&flowEntry=ServiceLogin&dsh=S-1943108955%3A1753947243965264 line 1275 > injectedScript line 2 > eval, line 2135: unreachable code after return statement
JavaScript warning: https://accounts.google.com/v3/signin/identifier?authuser=0&continue=https%3A%2F%2Fcolab.research.google.com%2Fdrive%2F1SYoYLAALYgvNVwPRAYxsJBKK_6aTHjNc&hl=en&ifkv=AdBytiO0JvWtHPTCDXhzyp20wu0MZT46xnu7i0ENUsGEvsIS_lqKggeNJj9d6nSEf4U7O9rY-yezDA&flowName=GlifWebSignIn&flowEntry=ServiceLogin&dsh=S-1943108955%3A1753947243965264 line 1275 > injectedScript line 2 > eval, line 2135: unreachable code after return statement
JavaScript warning: https://accounts.google.com/v3/signin/identifier?authuser=0&continue=https%3A%2F%2Fcolab.research.google.com%2Fdrive%2F1SYoYLAALYgvNVwPRAYxsJBKK_6aTHjNc&hl=en&ifkv=AdBytiO0JvWtHPTCDXhzyp20wu0MZT46xnu7i0ENUsGEvsIS_lqKggeNJj9d6nSEf4U7O9rY-yezDA&flowName=GlifWebSignIn&flowEntry=ServiceLogin&dsh=S-1943108955%3A1753947243965264 line 1275 > injectedScript line 2 > eval, line 2135: unreachable code after return statement
JavaScript warning: https://accounts.google.com/v3/signin/identifier?authuser=0&continue=https%3A%2F%2Fcolab.research.google.com%2Fdrive%2F1SYoYLAALYgvNVwPRAYxsJBKK_6aTHjNc&hl=en&ifkv=AdBytiO0JvWtHPTCDXhzyp20wu0MZT46xnu7i0ENUsGEvsIS_lqKggeNJj9d6nSEf4U7O9rY-yezDA&flowName=GlifWebSignIn&flowEntry=ServiceLogin&dsh=S-1943108955%3A1753947243965264 line 1275 > injectedScript line 2 > eval, line 1: unreachable code after return statement
JavaScript warning: https://accounts.google.com/v3/signin/identifier?authuser=0&continue=https%3A%2F%2Fcolab.research.google.com%2Fdrive%2F1SYoYLAALYgvNVwPRAYxsJBKK_6aTHjNc&hl=en&ifkv=AdBytiO0JvWtHPTCDXhzyp20wu0MZT46xnu7i0ENUsGEvsIS_lqKggeNJj9d6nSEf4U7O9rY-yezDA&flowName=GlifWebSignIn&flowEntry=ServiceLogin&dsh=S-1943108955%3A1753947243965264 line 1275 > injectedScript line 2 > eval line 2135 > eval, line 1: unreachable code after return statement
JavaScript warning: https://accounts.google.com/v3/signin/identifier?authuser=0&continue=https%3A%2F%2Fcolab.research.google.com%2Fdrive%2F1SYoYLAALYgvNVwPRAYxsJBKK_6aTHjNc&hl=en&ifkv=AdBytiO0JvWtHPTCDXhzyp20wu0MZT46xnu7i0ENUsGEvsIS_lqKggeNJj9d6nSEf4U7O9rY-yezDA&flowName=GlifWebSignIn&flowEntry=ServiceLogin&dsh=S-1943108955%3A1753947243965264 line 1275 > injectedScript line 2 > eval, line 1: unreachable code after return statement
JavaScript warning: https://accounts.google.com/v3/signin/identifier?authuser=0&continue=https%3A%2F%2Fcolab.research.google.com%2Fdrive%2F1SYoYLAALYgvNVwPRAYxsJBKK_6aTHjNc&hl=en&ifkv=AdBytiO0JvWtHPTCDXhzyp20wu0MZT46xnu7i0ENUsGEvsIS_lqKggeNJj9d6nSEf4U7O9rY-yezDA&flowName=GlifWebSignIn&flowEntry=ServiceLogin&dsh=S-1943108955%3A1753947243965264 line 1275 > injectedScript line 2 > eval line 2135 > eval, line 1: unreachable code after return statement
JavaScript warning: https://accounts.google.com/v3/signin/identifier?authuser=0&continue=https%3A%2F%2Fcolab.research.google.com%2Fdrive%2F1SYoYLAALYgvNVwPRAYxsJBKK_6aTHjNc&hl=en&ifkv=AdBytiO0JvWtHPTCDXhzyp20wu0MZT46xnu7i0ENUsGEvsIS_lqKggeNJj9d6nSEf4U7O9rY-yezDA&flowName=GlifWebSignIn&flowEntry=ServiceLogin&dsh=S-1943108955%3A1753947243965264 line 1275 > injectedScript line 2 > eval line 2135 > eval line 1 > eval, line 1: unreachable code after return statement
JavaScript warning: https://accounts.google.com/v3/signin/identifier?authuser=0&continue=https%3A%2F%2Fcolab.research.google.com%2Fdrive%2F1SYoYLAALYgvNVwPRAYxsJBKK_6aTHjNc&hl=en&ifkv=AdBytiO0JvWtHPTCDXhzyp20wu0MZT46xnu7i0ENUsGEvsIS_lqKggeNJj9d6nSEf4U7O9rY-yezDA&flowName=GlifWebSignIn&flowEntry=ServiceLogin&dsh=S-1943108955%3A1753947243965264 line 1275 > injectedScript line 2 > eval line 2135 > eval line 1 > eval, line 1: unreachable code after return statement
JavaScript warning: https://accounts.google.com/v3/signin/identifier?authuser=0&continue=https%3A%2F%2Fcolab.research.google.com%2Fdrive%2F1SYoYLAALYgvNVwPRAYxsJBKK_6aTHjNc&hl=en&ifkv=AdBytiO0JvWtHPTCDXhzyp20wu0MZT46xnu7i0ENUsGEvsIS_lqKggeNJj9d6nSEf4U7O9rY-yezDA&flowName=GlifWebSignIn&flowEntry=ServiceLogin&dsh=S-1943108955%3A1753947243965264 line 1275 > injectedScript line 2 > eval line 2135 > eval line 1 > eval line 1 > eval, line 1: unreachable code after return statement
JavaScript warning: https://accounts.google.com/v3/signin/identifier?authuser=0&continue=https%3A%2F%2Fcolab.research.google.com%2Fdrive%2F1SYoYLAALYgvNVwPRAYxsJBKK_6aTHjNc&hl=en&ifkv=AdBytiO0JvWtHPTCDXhzyp20wu0MZT46xnu7i0ENUsGEvsIS_lqKggeNJj9d6nSEf4U7O9rY-yezDA&flowName=GlifWebSignIn&flowEntry=ServiceLogin&dsh=S-1943108955%3A1753947243965264 line 1275 > injectedScript line 2 > eval line 2135 > eval line 1 > eval line 1 > eval, line 1: unreachable code after return statement
1753947324395	Marionette	INFO	Stopped listening on port 51100
Dynamically enable window occlusion 1
1753947326521	geckodriver	INFO	Listening on 127.0.0.1:51256
1753947329541	mozrunner::runner	INFO	Running command: "C:\\Program Files\\Mozilla Firefox\\firefox.exe" "--marionette" "--remote-debugging-port" "51257" "--remote-allow-hosts" "localhost" "-no-remote" "-profile" "C:\\Users\\Atomix\\AppData\\Local\\Temp\\rust_mozprofiledW54j6"
console.warn: services.settings: Ignoring preference override of remote settings server
console.warn: services.settings: Allow by setting MOZ_REMOTE_SETTINGS_DEVTOOLS=1 in the environment
Dynamically enable window occlusion 0
1753947329811	Marionette	INFO	Marionette enabled
1753947329943	Marionette	INFO	Listening on port 51266
Read port: 51266
WebDriver BiDi listening on ws://127.0.0.1:51257
1753947330036	RemoteAgent	WARN	TLS certificate errors will be ignored for this session
console.error: services.settings: 
  main/query-stripping Signature failed  InvalidSignatureError: Invalid content signature (main/query-stripping) using 'remote-settings.content-signature.mozilla.org-2025-09-08-21-33-59.chain'
console.error: services.settings: 
  main/fingerprinting-protection-overrides Signature failed  InvalidSignatureError: Invalid content signature (main/fingerprinting-protection-overrides) using 'remote-settings.content-signature.mozilla.org-2025-09-08-21-33-59.chain'
console.error: services.settings: 
  main/query-stripping local data was corrupted
console.warn: services.settings: main/query-stripping Signature verified failed. Retry from scratch
console.error: services.settings: 
  main/fingerprinting-protection-overrides local data was corrupted
console.warn: services.settings: main/fingerprinting-protection-overrides Signature verified failed. Retry from scratch
console.error: services.settings: 
  main/query-stripping Signature failed again InvalidSignatureError: Invalid content signature (main/query-stripping) using 'remote-settings.content-signature.mozilla.org-2025-09-08-21-33-59.chain'
console.error: services.settings: 
  main/fingerprinting-protection-overrides Signature failed again InvalidSignatureError: Invalid content signature (main/fingerprinting-protection-overrides) using 'remote-settings.content-signature.mozilla.org-2025-09-08-21-33-59.chain'
console.error: (new InvalidSignatureError("Invalid content signature (main/query-stripping) using 'remote-settings.content-signature.mozilla.org-2025-09-08-21-33-59.chain'", "resource://services-settings/RemoteSettingsClient.sys.mjs", 165))
console.error: (new InvalidSignatureError("Invalid content signature (main/fingerprinting-protection-overrides) using 'remote-settings.content-signature.mozilla.org-2025-09-08-21-33-59.chain'", "resource://services-settings/RemoteSettingsClient.sys.mjs", 165))
DevTools listening on ws://127.0.0.1:51257/devtools/browser/fa70873f-b9d5-4860-a914-105eea5a45e0
console.error: services.settings: 
  main/partitioning-exempt-urls Signature failed  InvalidSignatureError: Invalid content signature (main/partitioning-exempt-urls) using 'remote-settings.content-signature.mozilla.org-2025-09-08-21-33-59.chain'
console.error: services.settings: 
  main/partitioning-exempt-urls local data was corrupted
console.warn: services.settings: main/partitioning-exempt-urls Signature verified failed. Retry from scratch
console.error: services.settings: 
  main/partitioning-exempt-urls Signature failed again InvalidSignatureError: Invalid content signature (main/partitioning-exempt-urls) using 'remote-settings.content-signature.mozilla.org-2025-09-08-21-33-59.chain'
console.error: (new InvalidSignatureError("Invalid content signature (main/partitioning-exempt-urls) using 'remote-settings.content-signature.mozilla.org-2025-09-08-21-33-59.chain'", "resource://services-settings/RemoteSettingsClient.sys.mjs", 165))
JavaScript warning: https://vlqa3m0djft-496ff2e9c6d22116-0-colab.googleusercontent.com/outputframe.html?vrz=colab_20250729-060053_RC00_788359736, line 239: Using //@ to indicate sourceURL pragmas is deprecated. Use //# instead
JavaScript warning: https://m4ggj1psqc-496ff2e9c6d22116-0-colab.googleusercontent.com/outputframe.html?vrz=colab_20250729-060053_RC00_788359736, line 239: Using //@ to indicate sourceURL pragmas is deprecated. Use //# instead
JavaScript warning: https://www.google.com/js/bg/ewkwPWymqQfuUctaJ1I01ziIEjwrJG28Jgq1eVP0gew.js, line 4719: unreachable code after return statement
JavaScript warning: https://www.google.com/js/bg/ewkwPWymqQfuUctaJ1I01ziIEjwrJG28Jgq1eVP0gew.js, line 4719: unreachable code after return statement
JavaScript warning: https://www.google.com/js/bg/ewkwPWymqQfuUctaJ1I01ziIEjwrJG28Jgq1eVP0gew.js, line 4719: unreachable code after return statement
JavaScript warning: https://www.google.com/js/bg/ewkwPWymqQfuUctaJ1I01ziIEjwrJG28Jgq1eVP0gew.js line 2 > eval, line 4719: unreachable code after return statement
JavaScript warning: https://www.google.com/js/bg/ewkwPWymqQfuUctaJ1I01ziIEjwrJG28Jgq1eVP0gew.js line 2 > eval, line 4719: unreachable code after return statement
JavaScript warning: https://www.google.com/js/bg/ewkwPWymqQfuUctaJ1I01ziIEjwrJG28Jgq1eVP0gew.js line 2 > eval, line 4719: unreachable code after return statement
JavaScript warning: https://www.google.com/js/bg/ewkwPWymqQfuUctaJ1I01ziIEjwrJG28Jgq1eVP0gew.js line 2 > eval line 4719 > eval, line 1: unreachable code after return statement
JavaScript warning: https://www.google.com/js/bg/ewkwPWymqQfuUctaJ1I01ziIEjwrJG28Jgq1eVP0gew.js line 2 > eval line 4719 > eval line 1 > eval, line 1: unreachable code after return statement
JavaScript warning: https://www.google.com/js/bg/ewkwPWymqQfuUctaJ1I01ziIEjwrJG28Jgq1eVP0gew.js line 2 > eval line 4719 > eval, line 1: unreachable code after return statement
JavaScript warning: https://www.google.com/js/bg/ewkwPWymqQfuUctaJ1I01ziIEjwrJG28Jgq1eVP0gew.js line 2 > eval line 4719 > eval line 1 > eval, line 1: unreachable code after return statement
JavaScript warning: https://www.google.com/js/bg/ewkwPWymqQfuUctaJ1I01ziIEjwrJG28Jgq1eVP0gew.js line 2 > eval line 4719 > eval line 1 > eval, line 1: unreachable code after return statement
JavaScript warning: https://www.google.com/js/bg/ewkwPWymqQfuUctaJ1I01ziIEjwrJG28Jgq1eVP0gew.js line 2 > eval line 4719 > eval line 1 > eval, line 1: unreachable code after return statement
JavaScript warning: https://www.google.com/js/bg/ewkwPWymqQfuUctaJ1I01ziIEjwrJG28Jgq1eVP0gew.js line 2 > eval line 4719 > eval line 1 > eval line 1 > eval, line 1: unreachable code after return statement
JavaScript warning: https://www.google.com/js/bg/ewkwPWymqQfuUctaJ1I01ziIEjwrJG28Jgq1eVP0gew.js line 2 > eval line 4719 > eval line 1 > eval line 1 > eval, line 1: unreachable code after return statement
JavaScript warning: https://m4ggj1psqc-496ff2e9c6d22116-0-colab.googleusercontent.com/outputframe.html?vrz=colab_20250729-060053_RC00_788359736, line 239: Using //@ to indicate sourceURL pragmas is deprecated. Use //# instead
JavaScript warning: https://m4ggj1psqc-496ff2e9c6d22116-0-colab.googleusercontent.com/outputframe.html?vrz=colab_20250729-060053_RC00_788359736 line 13 > eval, line 972: Using //@ to indicate sourceURL pragmas is deprecated. Use //# instead
JavaScript warning: https://od70wz42qja-496ff2e9c6d22116-0-colab.googleusercontent.com/outputframe.html?vrz=colab_20250729-060053_RC00_788359736, line 239: Using //@ to indicate sourceURL pragmas is deprecated. Use //# instead
JavaScript warning: https://fcz0o0zwah-496ff2e9c6d22116-0-colab.googleusercontent.com/outputframe.html?vrz=colab_20250729-060053_RC00_788359736, line 239: Using //@ to indicate sourceURL pragmas is deprecated. Use //# instead
JavaScript warning: https://od70wz42qja-496ff2e9c6d22116-0-colab.googleusercontent.com/outputframe.html?vrz=colab_20250729-060053_RC00_788359736, line 239: Using //@ to indicate sourceURL pragmas is deprecated. Use //# instead
JavaScript warning: https://www.google.com/js/bg/ewkwPWymqQfuUctaJ1I01ziIEjwrJG28Jgq1eVP0gew.js, line 3139: unreachable code after return statement
JavaScript warning: https://www.google.com/js/bg/ewkwPWymqQfuUctaJ1I01ziIEjwrJG28Jgq1eVP0gew.js, line 3139: unreachable code after return statement
JavaScript warning: https://www.google.com/js/bg/ewkwPWymqQfuUctaJ1I01ziIEjwrJG28Jgq1eVP0gew.js, line 3139: unreachable code after return statement
JavaScript warning: https://www.google.com/js/bg/ewkwPWymqQfuUctaJ1I01ziIEjwrJG28Jgq1eVP0gew.js line 2 > eval, line 3139: unreachable code after return statement
JavaScript warning: https://www.google.com/js/bg/ewkwPWymqQfuUctaJ1I01ziIEjwrJG28Jgq1eVP0gew.js line 2 > eval, line 3139: unreachable code after return statement
JavaScript warning: https://www.google.com/js/bg/ewkwPWymqQfuUctaJ1I01ziIEjwrJG28Jgq1eVP0gew.js line 2 > eval, line 3139: unreachable code after return statement
JavaScript warning: https://www.google.com/js/bg/ewkwPWymqQfuUctaJ1I01ziIEjwrJG28Jgq1eVP0gew.js line 2 > eval, line 1: unreachable code after return statement
JavaScript warning: https://www.google.com/js/bg/ewkwPWymqQfuUctaJ1I01ziIEjwrJG28Jgq1eVP0gew.js line 2 > eval line 3139 > eval, line 1: unreachable code after return statement
JavaScript warning: https://www.google.com/js/bg/ewkwPWymqQfuUctaJ1I01ziIEjwrJG28Jgq1eVP0gew.js line 2 > eval line 3139 > eval, line 1: unreachable code after return statement
JavaScript warning: https://www.google.com/js/bg/ewkwPWymqQfuUctaJ1I01ziIEjwrJG28Jgq1eVP0gew.js line 2 > eval line 3139 > eval line 1 > eval, line 1: unreachable code after return statement
JavaScript warning: https://www.google.com/js/bg/ewkwPWymqQfuUctaJ1I01ziIEjwrJG28Jgq1eVP0gew.js line 2 > eval line 3139 > eval line 1 > eval, line 1: unreachable code after return statement
JavaScript warning: https://www.google.com/js/bg/ewkwPWymqQfuUctaJ1I01ziIEjwrJG28Jgq1eVP0gew.js line 2 > eval line 3139 > eval line 1 > eval, line 1: unreachable code after return statement
JavaScript warning: https://www.google.com/js/bg/ewkwPWymqQfuUctaJ1I01ziIEjwrJG28Jgq1eVP0gew.js line 2 > eval line 3139 > eval line 1 > eval line 1 > eval, line 1: unreachable code after return statement
JavaScript warning: https://www.google.com/js/bg/ewkwPWymqQfuUctaJ1I01ziIEjwrJG28Jgq1eVP0gew.js line 2 > eval line 3139 > eval line 1 > eval line 1 > eval, line 1: unreachable code after return statement
1753947361456	addons.xpi	ERROR	System addon update list error SyntaxError: XMLHttpRequest.open: 'http://%(server)s/dummy-system-addons.xml' is not a valid URL.
JavaScript warning: https://od70wz42qja-496ff2e9c6d22116-0-colab.googleusercontent.com/outputframe.html?vrz=colab_20250729-060053_RC00_788359736 line 13 > eval, line 972: Using //@ to indicate sourceURL pragmas is deprecated. Use //# instead
console.error: services.settings: 
  blocklists/addons-bloomfilters Signature failed  InvalidSignatureError: Invalid content signature (blocklists/addons-bloomfilters) using 'remote-settings.content-signature.mozilla.org-2025-09-08-21-33-59.chain'
console.error: services.settings: 
  blocklists/addons-bloomfilters local data was corrupted
console.warn: services.settings: blocklists/addons-bloomfilters Signature verified failed. Retry from scratch
console.error: services.settings: 
  blocklists/addons-bloomfilters Signature failed again InvalidSignatureError: Invalid content signature (blocklists/addons-bloomfilters) using 'remote-settings.content-signature.mozilla.org-2025-09-08-21-33-59.chain'
console.error: services.settings: 
  Message: InvalidSignatureError: Invalid content signature (blocklists/addons-bloomfilters) using 'remote-settings.content-signature.mozilla.org-2025-09-08-21-33-59.chain'
  Stack:
    InvalidSignatureError@resource://services-settings/RemoteSettingsClient.sys.mjs:165:5
_validateCollectionSignature@resource://services-settings/RemoteSettingsClient.sys.mjs:1021:13

console.error: services.settings: 
  security-state/intermediates Signature failed  InvalidSignatureError: Invalid content signature (security-state/intermediates) using 'onecrl.content-signature.mozilla.org-2025-09-11-10-18-46.chain'
console.error: services.settings: 
  security-state/intermediates local data was corrupted
console.warn: services.settings: security-state/intermediates Signature verified failed. Retry from scratch
console.error: services.settings: 
  security-state/intermediates Signature failed again InvalidSignatureError: Invalid content signature (security-state/intermediates) using 'onecrl.content-signature.mozilla.org-2025-09-11-10-18-46.chain'
console.error: services.settings: 
  Message: InvalidSignatureError: Invalid content signature (security-state/intermediates) using 'onecrl.content-signature.mozilla.org-2025-09-11-10-18-46.chain'
  Stack:
    InvalidSignatureError@resource://services-settings/RemoteSettingsClient.sys.mjs:165:5
_validateCollectionSignature@resource://services-settings/RemoteSettingsClient.sys.mjs:1021:13

console.error: services.settings: 
  main/search-config-v2 Signature failed  InvalidSignatureError: Invalid content signature (main/search-config-v2) using 'remote-settings.content-signature.mozilla.org-2025-09-08-21-33-59.chain'
console.error: services.settings: 
  main/search-config-v2 local data was corrupted
console.warn: services.settings: main/search-config-v2 Signature verified failed. Retry from scratch
console.error: services.settings: 
  main/search-config-v2 Signature failed again InvalidSignatureError: Invalid content signature (main/search-config-v2) using 'remote-settings.content-signature.mozilla.org-2025-09-08-21-33-59.chain'
console.error: services.settings: 
  Message: InvalidSignatureError: Invalid content signature (main/search-config-v2) using 'remote-settings.content-signature.mozilla.org-2025-09-08-21-33-59.chain'
  Stack:
    InvalidSignatureError@resource://services-settings/RemoteSettingsClient.sys.mjs:165:5
_validateCollectionSignature@resource://services-settings/RemoteSettingsClient.sys.mjs:1021:13

console.error: services.settings: 
  main/search-telemetry-v2 Signature failed  InvalidSignatureError: Invalid content signature (main/search-telemetry-v2) using 'remote-settings.content-signature.mozilla.org-2025-09-08-21-33-59.chain'
console.error: services.settings: 
  main/search-telemetry-v2 local data was corrupted
console.warn: services.settings: main/search-telemetry-v2 Signature verified failed. Retry from scratch
console.error: services.settings: 
  main/search-telemetry-v2 Signature failed again InvalidSignatureError: Invalid content signature (main/search-telemetry-v2) using 'remote-settings.content-signature.mozilla.org-2025-09-08-21-33-59.chain'
console.error: services.settings: 
  Message: InvalidSignatureError: Invalid content signature (main/search-telemetry-v2) using 'remote-settings.content-signature.mozilla.org-2025-09-08-21-33-59.chain'
  Stack:
    InvalidSignatureError@resource://services-settings/RemoteSettingsClient.sys.mjs:165:5
_validateCollectionSignature@resource://services-settings/RemoteSettingsClient.sys.mjs:1021:13

console.error: services.settings: 
  main/translations-models Signature failed  InvalidSignatureError: Invalid content signature (main/translations-models) using 'remote-settings.content-signature.mozilla.org-2025-09-08-21-33-59.chain'
console.error: services.settings: 
  main/translations-models local data was corrupted
console.warn: services.settings: main/translations-models Signature verified failed. Retry from scratch
console.error: services.settings: 
  main/translations-models Signature failed again InvalidSignatureError: Invalid content signature (main/translations-models) using 'remote-settings.content-signature.mozilla.org-2025-09-08-21-33-59.chain'
console.error: services.settings: 
  Message: InvalidSignatureError: Invalid content signature (main/translations-models) using 'remote-settings.content-signature.mozilla.org-2025-09-08-21-33-59.chain'
  Stack:
    InvalidSignatureError@resource://services-settings/RemoteSettingsClient.sys.mjs:165:5
_validateCollectionSignature@resource://services-settings/RemoteSettingsClient.sys.mjs:1021:13

console.error: services.settings: 
  security-state/onecrl Signature failed  InvalidSignatureError: Invalid content signature (security-state/onecrl) using 'onecrl.content-signature.mozilla.org-2025-09-11-10-18-46.chain'
console.error: services.settings: 
  security-state/onecrl local data was corrupted
console.warn: services.settings: security-state/onecrl Signature verified failed. Retry from scratch
JavaScript warning: https://otj889k31rb-496ff2e9c6d22116-0-colab.googleusercontent.com/outputframe.html?vrz=colab_20250729-060053_RC00_788359736, line 239: Using //@ to indicate sourceURL pragmas is deprecated. Use //# instead
JavaScript warning: https://2fasqg1bthw-496ff2e9c6d22116-0-colab.googleusercontent.com/outputframe.html?vrz=colab_20250729-060053_RC00_788359736, line 239: Using //@ to indicate sourceURL pragmas is deprecated. Use //# instead
JavaScript warning: https://www.google.com/js/bg/ewkwPWymqQfuUctaJ1I01ziIEjwrJG28Jgq1eVP0gew.js, line 1789: unreachable code after return statement
JavaScript warning: https://www.google.com/js/bg/ewkwPWymqQfuUctaJ1I01ziIEjwrJG28Jgq1eVP0gew.js, line 1789: unreachable code after return statement
JavaScript warning: https://www.google.com/js/bg/ewkwPWymqQfuUctaJ1I01ziIEjwrJG28Jgq1eVP0gew.js, line 1789: unreachable code after return statement
JavaScript warning: https://www.google.com/js/bg/ewkwPWymqQfuUctaJ1I01ziIEjwrJG28Jgq1eVP0gew.js line 2 > eval, line 1789: unreachable code after return statement
JavaScript warning: https://www.google.com/js/bg/ewkwPWymqQfuUctaJ1I01ziIEjwrJG28Jgq1eVP0gew.js line 2 > eval, line 1789: unreachable code after return statement
JavaScript warning: https://www.google.com/js/bg/ewkwPWymqQfuUctaJ1I01ziIEjwrJG28Jgq1eVP0gew.js line 2 > eval, line 1789: unreachable code after return statement
JavaScript warning: https://www.google.com/js/bg/ewkwPWymqQfuUctaJ1I01ziIEjwrJG28Jgq1eVP0gew.js line 2 > eval, line 1: unreachable code after return statement
JavaScript warning: https://www.google.com/js/bg/ewkwPWymqQfuUctaJ1I01ziIEjwrJG28Jgq1eVP0gew.js line 2 > eval line 1789 > eval, line 1: unreachable code after return statement
JavaScript warning: https://www.google.com/js/bg/ewkwPWymqQfuUctaJ1I01ziIEjwrJG28Jgq1eVP0gew.js line 2 > eval line 1789 > eval, line 1: unreachable code after return statement
JavaScript warning: https://www.google.com/js/bg/ewkwPWymqQfuUctaJ1I01ziIEjwrJG28Jgq1eVP0gew.js line 2 > eval line 1789 > eval line 1 > eval, line 1: unreachable code after return statement
JavaScript warning: https://www.google.com/js/bg/ewkwPWymqQfuUctaJ1I01ziIEjwrJG28Jgq1eVP0gew.js line 2 > eval line 1789 > eval line 1 > eval, line 1: unreachable code after return statement
JavaScript warning: https://www.google.com/js/bg/ewkwPWymqQfuUctaJ1I01ziIEjwrJG28Jgq1eVP0gew.js line 2 > eval line 1789 > eval line 1 > eval, line 1: unreachable code after return statement
JavaScript warning: https://www.google.com/js/bg/ewkwPWymqQfuUctaJ1I01ziIEjwrJG28Jgq1eVP0gew.js line 2 > eval line 1789 > eval line 1 > eval line 1 > eval, line 1: unreachable code after return statement
JavaScript warning: https://www.google.com/js/bg/ewkwPWymqQfuUctaJ1I01ziIEjwrJG28Jgq1eVP0gew.js line 2 > eval line 1789 > eval line 1 > eval line 1 > eval, line 1: unreachable code after return statement
JavaScript error: resource://gre/modules/AsyncShutdown.sys.mjs, line 569: NotFoundError: No such JSProcessActor 'DevToolsProcess'
JavaScript error: resource://gre/modules/AsyncShutdown.sys.mjs, line 569: NotFoundError: No such JSProcessActor 'DevToolsProcess'
JavaScript error: resource://gre/modules/AsyncShutdown.sys.mjs, line 569: NotFoundError: No such JSProcessActor 'DevToolsProcess'
JavaScript error: resource://gre/modules/AsyncShutdown.sys.mjs, line 569: NotFoundError: No such JSProcessActor 'DevToolsProcess'
JavaScript error: resource://gre/modules/AsyncShutdown.sys.mjs, line 569: NotFoundError: No such JSProcessActor 'DevToolsProcess'
JavaScript error: resource://gre/modules/AsyncShutdown.sys.mjs, line 569: NotFoundError: No such JSProcessActor 'DevToolsProcess'
JavaScript error: resource://gre/modules/AsyncShutdown.sys.mjs, line 569: NotFoundError: No such JSProcessActor 'DevToolsProcess'
JavaScript error: resource://gre/modules/AsyncShutdown.sys.mjs, line 569: NotFoundError: No such JSProcessActor 'DevToolsProcess'
JavaScript error: resource://gre/modules/AsyncShutdown.sys.mjs, line 569: NotFoundError: No such JSProcessActor 'DevToolsProcess'
JavaScript error: resource://gre/modules/AsyncShutdown.sys.mjs, line 569: NotFoundError: No such JSProcessActor 'DevToolsProcess'
JavaScript error: resource://gre/modules/AsyncShutdown.sys.mjs, line 569: NotFoundError: No such JSProcessActor 'DevToolsProcess'
JavaScript error: resource://gre/modules/AsyncShutdown.sys.mjs, line 569: NotFoundError: No such JSProcessActor 'DevToolsProcess'
JavaScript error: resource://gre/modules/AsyncShutdown.sys.mjs, line 569: NotFoundError: No such JSProcessActor 'DevToolsProcess'
JavaScript error: resource://gre/modules/AsyncShutdown.sys.mjs, line 569: NotFoundError: No such JSProcessActor 'DevToolsProcess'
JavaScript error: resource://gre/modules/AsyncShutdown.sys.mjs, line 569: NotFoundError: No such JSProcessActor 'DevToolsProcess'
JavaScript error: resource://gre/modules/AsyncShutdown.sys.mjs, line 569: NotFoundError: No such JSProcessActor 'DevToolsProcess'
JavaScript error: resource://gre/modules/AsyncShutdown.sys.mjs, line 569: NotFoundError: No such JSProcessActor 'DevToolsProcess'
JavaScript error: resource://gre/modules/AsyncShutdown.sys.mjs, line 569: NotFoundError: No such JSProcessActor 'DevToolsProcess'
JavaScript error: resource://gre/modules/AsyncShutdown.sys.mjs, line 569: NotFoundError: No such JSProcessActor 'DevToolsProcess'
1753947449408	Marionette	INFO	Stopped listening on port 51266
Dynamically enable window occlusion 1
console.error: services.settings: 
  Message: TypeError: NetworkError: Network request failed
  Stack:
    fetch/</request.onerror@resource://services-settings/Utils.sys.mjs:236:26

console.warn: services.settings: main/devtools-compatibility-browsers sync interrupted by shutdown
console.warn: services.settings: main/doh-config sync interrupted by shutdown
console.error: (new AbortError("IndexedDB: main/fxrelay-allowlist getLastModified() IndexedDB:  execute() A request was aborted, for example through a call to IDBTransaction.abort.", "resource://services-settings/IDBHelpers.sys.mjs", 16))
1753947715767	geckodriver	INFO	Listening on 127.0.0.1:51558
1753947718802	mozrunner::runner	INFO	Running command: "C:\\Program Files\\Mozilla Firefox\\firefox.exe" "--marionette" "--remote-debugging-port" "51559" "--remote-allow-hosts" "localhost" "-no-remote" "-profile" "C:\\Users\\Atomix\\AppData\\Local\\Temp\\rust_mozprofilexnSTku"
console.warn: services.settings: Ignoring preference override of remote settings server
console.warn: services.settings: Allow by setting MOZ_REMOTE_SETTINGS_DEVTOOLS=1 in the environment
Dynamically enable window occlusion 0
1753947719062	Marionette	INFO	Marionette enabled
1753947719179	Marionette	INFO	Listening on port 51567
WebDriver BiDi listening on ws://127.0.0.1:51559
Read port: 51567
1753947719270	RemoteAgent	WARN	TLS certificate errors will be ignored for this session
console.error: services.settings: 
  main/query-stripping Signature failed  InvalidSignatureError: Invalid content signature (main/query-stripping) using 'remote-settings.content-signature.mozilla.org-2025-09-08-21-33-59.chain'
console.error: services.settings: 
  main/query-stripping local data was corrupted
console.warn: services.settings: main/query-stripping Signature verified failed. Retry from scratch
console.error: services.settings: 
  main/query-stripping Signature failed again InvalidSignatureError: Invalid content signature (main/query-stripping) using 'remote-settings.content-signature.mozilla.org-2025-09-08-21-33-59.chain'
console.error: (new InvalidSignatureError("Invalid content signature (main/query-stripping) using 'remote-settings.content-signature.mozilla.org-2025-09-08-21-33-59.chain'", "resource://services-settings/RemoteSettingsClient.sys.mjs", 165))
console.error: services.settings: 
  main/fingerprinting-protection-overrides Signature failed  InvalidSignatureError: Invalid content signature (main/fingerprinting-protection-overrides) using 'remote-settings.content-signature.mozilla.org-2025-09-08-21-33-59.chain'
console.error: services.settings: 
  main/fingerprinting-protection-overrides local data was corrupted
console.warn: services.settings: main/fingerprinting-protection-overrides Signature verified failed. Retry from scratch
console.error: services.settings: 
  main/fingerprinting-protection-overrides Signature failed again InvalidSignatureError: Invalid content signature (main/fingerprinting-protection-overrides) using 'remote-settings.content-signature.mozilla.org-2025-09-08-21-33-59.chain'
console.error: (new InvalidSignatureError("Invalid content signature (main/fingerprinting-protection-overrides) using 'remote-settings.content-signature.mozilla.org-2025-09-08-21-33-59.chain'", "resource://services-settings/RemoteSettingsClient.sys.mjs", 165))
DevTools listening on ws://127.0.0.1:51559/devtools/browser/c3a734ad-f076-49bc-9133-b0ad7b29fc7c
console.error: services.settings: 
  main/partitioning-exempt-urls Signature failed  InvalidSignatureError: Invalid content signature (main/partitioning-exempt-urls) using 'remote-settings.content-signature.mozilla.org-2025-09-08-21-33-59.chain'
console.error: services.settings: 
  main/partitioning-exempt-urls local data was corrupted
console.warn: services.settings: main/partitioning-exempt-urls Signature verified failed. Retry from scratch
console.error: services.settings: 
  main/partitioning-exempt-urls Signature failed again InvalidSignatureError: Invalid content signature (main/partitioning-exempt-urls) using 'remote-settings.content-signature.mozilla.org-2025-09-08-21-33-59.chain'
console.error: (new InvalidSignatureError("Invalid content signature (main/partitioning-exempt-urls) using 'remote-settings.content-signature.mozilla.org-2025-09-08-21-33-59.chain'", "resource://services-settings/RemoteSettingsClient.sys.mjs", 165))
JavaScript warning: https://8i2j1iw3mx8-496ff2e9c6d22116-0-colab.googleusercontent.com/outputframe.html?vrz=colab_20250729-060053_RC00_788359736, line 239: Using //@ to indicate sourceURL pragmas is deprecated. Use //# instead
JavaScript warning: https://rszjpzwujsk-496ff2e9c6d22116-0-colab.googleusercontent.com/outputframe.html?vrz=colab_20250729-060053_RC00_788359736, line 239: Using //@ to indicate sourceURL pragmas is deprecated. Use //# instead
JavaScript warning: https://8i2j1iw3mx8-496ff2e9c6d22116-0-colab.googleusercontent.com/outputframe.html?vrz=colab_20250729-060053_RC00_788359736, line 239: Using //@ to indicate sourceURL pragmas is deprecated. Use //# instead
JavaScript warning: https://8i2j1iw3mx8-496ff2e9c6d22116-0-colab.googleusercontent.com/outputframe.html?vrz=colab_20250729-060053_RC00_788359736 line 13 > eval, line 972: Using //@ to indicate sourceURL pragmas is deprecated. Use //# instead
JavaScript warning: https://www.google.com/js/bg/ewkwPWymqQfuUctaJ1I01ziIEjwrJG28Jgq1eVP0gew.js, line 1013: unreachable code after return statement
JavaScript warning: https://www.google.com/js/bg/ewkwPWymqQfuUctaJ1I01ziIEjwrJG28Jgq1eVP0gew.js, line 1013: unreachable code after return statement
JavaScript warning: https://www.google.com/js/bg/ewkwPWymqQfuUctaJ1I01ziIEjwrJG28Jgq1eVP0gew.js, line 1013: unreachable code after return statement
JavaScript warning: https://www.google.com/js/bg/ewkwPWymqQfuUctaJ1I01ziIEjwrJG28Jgq1eVP0gew.js line 2 > eval, line 1013: unreachable code after return statement
JavaScript warning: https://www.google.com/js/bg/ewkwPWymqQfuUctaJ1I01ziIEjwrJG28Jgq1eVP0gew.js line 2 > eval, line 1013: unreachable code after return statement
JavaScript warning: https://www.google.com/js/bg/ewkwPWymqQfuUctaJ1I01ziIEjwrJG28Jgq1eVP0gew.js line 2 > eval, line 1013: unreachable code after return statement
JavaScript warning: https://www.google.com/js/bg/ewkwPWymqQfuUctaJ1I01ziIEjwrJG28Jgq1eVP0gew.js line 2 > eval, line 1: unreachable code after return statement
JavaScript warning: https://www.google.com/js/bg/ewkwPWymqQfuUctaJ1I01ziIEjwrJG28Jgq1eVP0gew.js line 2 > eval line 1013 > eval, line 1: unreachable code after return statement
JavaScript warning: https://www.google.com/js/bg/ewkwPWymqQfuUctaJ1I01ziIEjwrJG28Jgq1eVP0gew.js line 2 > eval line 1013 > eval, line 1: unreachable code after return statement
JavaScript warning: https://www.google.com/js/bg/ewkwPWymqQfuUctaJ1I01ziIEjwrJG28Jgq1eVP0gew.js line 2 > eval line 1013 > eval line 1 > eval, line 1: unreachable code after return statement
JavaScript warning: https://www.google.com/js/bg/ewkwPWymqQfuUctaJ1I01ziIEjwrJG28Jgq1eVP0gew.js line 2 > eval line 1013 > eval line 1 > eval, line 1: unreachable code after return statement
JavaScript warning: https://www.google.com/js/bg/ewkwPWymqQfuUctaJ1I01ziIEjwrJG28Jgq1eVP0gew.js line 2 > eval line 1013 > eval line 1 > eval, line 1: unreachable code after return statement
JavaScript warning: https://www.google.com/js/bg/ewkwPWymqQfuUctaJ1I01ziIEjwrJG28Jgq1eVP0gew.js line 2 > eval line 1013 > eval line 1 > eval line 1 > eval, line 1: unreachable code after return statement
JavaScript warning: https://www.google.com/js/bg/ewkwPWymqQfuUctaJ1I01ziIEjwrJG28Jgq1eVP0gew.js line 2 > eval line 1013 > eval line 1 > eval line 1 > eval, line 1: unreachable code after return statement
JavaScript warning: https://y8o97923lh-496ff2e9c6d22116-0-colab.googleusercontent.com/outputframe.html?vrz=colab_20250729-060053_RC00_788359736, line 239: Using //@ to indicate sourceURL pragmas is deprecated. Use //# instead
JavaScript warning: https://y8o97923lh-496ff2e9c6d22116-0-colab.googleusercontent.com/outputframe.html?vrz=colab_20250729-060053_RC00_788359736, line 239: Using //@ to indicate sourceURL pragmas is deprecated. Use //# instead
JavaScript warning: https://7pf2m54hh9n-496ff2e9c6d22116-0-colab.googleusercontent.com/outputframe.html?vrz=colab_20250729-060053_RC00_788359736, line 239: Using //@ to indicate sourceURL pragmas is deprecated. Use //# instead
JavaScript warning: https://www.google.com/js/bg/ewkwPWymqQfuUctaJ1I01ziIEjwrJG28Jgq1eVP0gew.js, line 6702: unreachable code after return statement
JavaScript warning: https://www.google.com/js/bg/ewkwPWymqQfuUctaJ1I01ziIEjwrJG28Jgq1eVP0gew.js, line 6702: unreachable code after return statement
JavaScript warning: https://www.google.com/js/bg/ewkwPWymqQfuUctaJ1I01ziIEjwrJG28Jgq1eVP0gew.js, line 6702: unreachable code after return statement
JavaScript warning: https://www.google.com/js/bg/ewkwPWymqQfuUctaJ1I01ziIEjwrJG28Jgq1eVP0gew.js line 2 > eval, line 6702: unreachable code after return statement
JavaScript warning: https://www.google.com/js/bg/ewkwPWymqQfuUctaJ1I01ziIEjwrJG28Jgq1eVP0gew.js line 2 > eval, line 6702: unreachable code after return statement
JavaScript warning: https://www.google.com/js/bg/ewkwPWymqQfuUctaJ1I01ziIEjwrJG28Jgq1eVP0gew.js line 2 > eval, line 6702: unreachable code after return statement
JavaScript warning: https://www.google.com/js/bg/ewkwPWymqQfuUctaJ1I01ziIEjwrJG28Jgq1eVP0gew.js line 2 > eval, line 1: unreachable code after return statement
JavaScript warning: https://www.google.com/js/bg/ewkwPWymqQfuUctaJ1I01ziIEjwrJG28Jgq1eVP0gew.js line 2 > eval line 6702 > eval, line 1: unreachable code after return statement
JavaScript warning: https://www.google.com/js/bg/ewkwPWymqQfuUctaJ1I01ziIEjwrJG28Jgq1eVP0gew.js line 2 > eval, line 1: unreachable code after return statement
JavaScript warning: https://www.google.com/js/bg/ewkwPWymqQfuUctaJ1I01ziIEjwrJG28Jgq1eVP0gew.js line 2 > eval line 6702 > eval, line 1: unreachable code after return statement
JavaScript warning: https://www.google.com/js/bg/ewkwPWymqQfuUctaJ1I01ziIEjwrJG28Jgq1eVP0gew.js line 2 > eval line 6702 > eval line 1 > eval, line 1: unreachable code after return statement
JavaScript warning: https://www.google.com/js/bg/ewkwPWymqQfuUctaJ1I01ziIEjwrJG28Jgq1eVP0gew.js line 2 > eval line 6702 > eval line 1 > eval, line 1: unreachable code after return statement
JavaScript warning: https://www.google.com/js/bg/ewkwPWymqQfuUctaJ1I01ziIEjwrJG28Jgq1eVP0gew.js line 2 > eval line 6702 > eval line 1 > eval line 1 > eval, line 1: unreachable code after return statement
JavaScript warning: https://www.google.com/js/bg/ewkwPWymqQfuUctaJ1I01ziIEjwrJG28Jgq1eVP0gew.js line 2 > eval line 6702 > eval line 1 > eval line 1 > eval, line 1: unreachable code after return statement
1753947749202	addons.xpi	ERROR	System addon update list error SyntaxError: XMLHttpRequest.open: 'http://%(server)s/dummy-system-addons.xml' is not a valid URL.
JavaScript warning: https://y8o97923lh-496ff2e9c6d22116-0-colab.googleusercontent.com/outputframe.html?vrz=colab_20250729-060053_RC00_788359736 line 13 > eval, line 972: Using //@ to indicate sourceURL pragmas is deprecated. Use //# instead
console.error: services.settings: 
  blocklists/addons-bloomfilters Signature failed  InvalidSignatureError: Invalid content signature (blocklists/addons-bloomfilters) using 'remote-settings.content-signature.mozilla.org-2025-09-08-21-33-59.chain'
console.error: services.settings: 
  blocklists/addons-bloomfilters local data was corrupted
console.warn: services.settings: blocklists/addons-bloomfilters Signature verified failed. Retry from scratch
console.error: services.settings: 
  blocklists/addons-bloomfilters Signature failed again InvalidSignatureError: Invalid content signature (blocklists/addons-bloomfilters) using 'remote-settings.content-signature.mozilla.org-2025-09-08-21-33-59.chain'
console.error: services.settings: 
  Message: InvalidSignatureError: Invalid content signature (blocklists/addons-bloomfilters) using 'remote-settings.content-signature.mozilla.org-2025-09-08-21-33-59.chain'
  Stack:
    InvalidSignatureError@resource://services-settings/RemoteSettingsClient.sys.mjs:165:5
_validateCollectionSignature@resource://services-settings/RemoteSettingsClient.sys.mjs:1021:13

console.error: services.settings: 
  main/search-config-v2 Signature failed  InvalidSignatureError: Invalid content signature (main/search-config-v2) using 'remote-settings.content-signature.mozilla.org-2025-09-08-21-33-59.chain'
console.error: services.settings: 
  main/search-config-v2 local data was corrupted
console.warn: services.settings: main/search-config-v2 Signature verified failed. Retry from scratch
console.error: services.settings: 
  main/search-config-v2 Signature failed again InvalidSignatureError: Invalid content signature (main/search-config-v2) using 'remote-settings.content-signature.mozilla.org-2025-09-08-21-33-59.chain'
console.error: services.settings: 
  Message: InvalidSignatureError: Invalid content signature (main/search-config-v2) using 'remote-settings.content-signature.mozilla.org-2025-09-08-21-33-59.chain'
  Stack:
    InvalidSignatureError@resource://services-settings/RemoteSettingsClient.sys.mjs:165:5
_validateCollectionSignature@resource://services-settings/RemoteSettingsClient.sys.mjs:1021:13

console.error: services.settings: 
  main/search-telemetry-v2 Signature failed  InvalidSignatureError: Invalid content signature (main/search-telemetry-v2) using 'remote-settings.content-signature.mozilla.org-2025-09-08-21-33-59.chain'
console.error: services.settings: 
  main/search-telemetry-v2 local data was corrupted
console.warn: services.settings: main/search-telemetry-v2 Signature verified failed. Retry from scratch
console.error: services.settings: 
  main/search-telemetry-v2 Signature failed again InvalidSignatureError: Invalid content signature (main/search-telemetry-v2) using 'remote-settings.content-signature.mozilla.org-2025-09-08-21-33-59.chain'
console.error: services.settings: 
  Message: InvalidSignatureError: Invalid content signature (main/search-telemetry-v2) using 'remote-settings.content-signature.mozilla.org-2025-09-08-21-33-59.chain'
  Stack:
    InvalidSignatureError@resource://services-settings/RemoteSettingsClient.sys.mjs:165:5
_validateCollectionSignature@resource://services-settings/RemoteSettingsClient.sys.mjs:1021:13

console.error: services.settings: 
  main/translations-models Signature failed  InvalidSignatureError: Invalid content signature (main/translations-models) using 'remote-settings.content-signature.mozilla.org-2025-09-08-21-33-59.chain'
console.error: services.settings: 
  main/translations-models local data was corrupted
console.warn: services.settings: main/translations-models Signature verified failed. Retry from scratch
console.error: services.settings: 
  main/translations-models Signature failed again InvalidSignatureError: Invalid content signature (main/translations-models) using 'remote-settings.content-signature.mozilla.org-2025-09-08-21-33-59.chain'
console.error: services.settings: 
  Message: InvalidSignatureError: Invalid content signature (main/translations-models) using 'remote-settings.content-signature.mozilla.org-2025-09-08-21-33-59.chain'
  Stack:
    InvalidSignatureError@resource://services-settings/RemoteSettingsClient.sys.mjs:165:5
_validateCollectionSignature@resource://services-settings/RemoteSettingsClient.sys.mjs:1021:13

console.error: services.settings: 
  main/devtools-compatibility-browsers Signature failed  InvalidSignatureError: Invalid content signature (main/devtools-compatibility-browsers) using 'remote-settings.content-signature.mozilla.org-2025-09-08-21-33-59.chain'
console.error: services.settings: 
  main/devtools-compatibility-browsers local data was corrupted
console.warn: services.settings: main/devtools-compatibility-browsers Signature verified failed. Retry from scratch
console.error: services.settings: 
  main/devtools-compatibility-browsers Signature failed again InvalidSignatureError: Invalid content signature (main/devtools-compatibility-browsers) using 'remote-settings.content-signature.mozilla.org-2025-09-08-21-33-59.chain'
console.error: services.settings: 
  Message: InvalidSignatureError: Invalid content signature (main/devtools-compatibility-browsers) using 'remote-settings.content-signature.mozilla.org-2025-09-08-21-33-59.chain'
  Stack:
    InvalidSignatureError@resource://services-settings/RemoteSettingsClient.sys.mjs:165:5
_validateCollectionSignature@resource://services-settings/RemoteSettingsClient.sys.mjs:1021:13

console.error: services.settings: 
  main/doh-config Signature failed  InvalidSignatureError: Invalid content signature (main/doh-config) using 'remote-settings.content-signature.mozilla.org-2025-09-08-21-33-59.chain'
console.error: services.settings: 
  main/doh-config local data was corrupted
console.warn: services.settings: main/doh-config Signature verified failed. Retry from scratch
console.error: services.settings: 
  main/doh-config Signature failed again InvalidSignatureError: Invalid content signature (main/doh-config) using 'remote-settings.content-signature.mozilla.org-2025-09-08-21-33-59.chain'
console.error: services.settings: 
  Message: InvalidSignatureError: Invalid content signature (main/doh-config) using 'remote-settings.content-signature.mozilla.org-2025-09-08-21-33-59.chain'
  Stack:
    InvalidSignatureError@resource://services-settings/RemoteSettingsClient.sys.mjs:165:5
_validateCollectionSignature@resource://services-settings/RemoteSettingsClient.sys.mjs:1021:13

console.error: services.settings: 
  main/fingerprinting-protection-overrides Signature failed  InvalidSignatureError: Invalid content signature (main/fingerprinting-protection-overrides) using 'remote-settings.content-signature.mozilla.org-2025-09-08-21-33-59.chain'
console.error: services.settings: 
  main/fingerprinting-protection-overrides local data was corrupted
console.warn: services.settings: main/fingerprinting-protection-overrides Signature verified failed. Retry from scratch
console.error: services.settings: 
  main/fingerprinting-protection-overrides Signature failed again InvalidSignatureError: Invalid content signature (main/fingerprinting-protection-overrides) using 'remote-settings.content-signature.mozilla.org-2025-09-08-21-33-59.chain'
console.error: services.settings: 
  Message: InvalidSignatureError: Invalid content signature (main/fingerprinting-protection-overrides) using 'remote-settings.content-signature.mozilla.org-2025-09-08-21-33-59.chain'
  Stack:
    InvalidSignatureError@resource://services-settings/RemoteSettingsClient.sys.mjs:165:5
_validateCollectionSignature@resource://services-settings/RemoteSettingsClient.sys.mjs:1021:13

console.error: services.settings: 
  main/translations-wasm Signature failed  InvalidSignatureError: Invalid content signature (main/translations-wasm) using 'remote-settings.content-signature.mozilla.org-2025-09-08-21-33-59.chain'
console.error: services.settings: 
  main/translations-wasm local data was corrupted
console.warn: services.settings: main/translations-wasm Signature verified failed. Retry from scratch
console.error: services.settings: 
  main/translations-wasm Signature failed again InvalidSignatureError: Invalid content signature (main/translations-wasm) using 'remote-settings.content-signature.mozilla.org-2025-09-08-21-33-59.chain'
console.error: services.settings: 
  Message: InvalidSignatureError: Invalid content signature (main/translations-wasm) using 'remote-settings.content-signature.mozilla.org-2025-09-08-21-33-59.chain'
  Stack:
    InvalidSignatureError@resource://services-settings/RemoteSettingsClient.sys.mjs:165:5
_validateCollectionSignature@resource://services-settings/RemoteSettingsClient.sys.mjs:1021:13

console.error: services.settings: 
  main/partitioning-exempt-urls Signature failed  InvalidSignatureError: Invalid content signature (main/partitioning-exempt-urls) using 'remote-settings.content-signature.mozilla.org-2025-09-08-21-33-59.chain'
console.error: services.settings: 
  main/partitioning-exempt-urls local data was corrupted
console.warn: services.settings: main/partitioning-exempt-urls Signature verified failed. Retry from scratch
console.error: services.settings: 
  main/partitioning-exempt-urls Signature failed again InvalidSignatureError: Invalid content signature (main/partitioning-exempt-urls) using 'remote-settings.content-signature.mozilla.org-2025-09-08-21-33-59.chain'
console.error: services.settings: 
  Message: InvalidSignatureError: Invalid content signature (main/partitioning-exempt-urls) using 'remote-settings.content-signature.mozilla.org-2025-09-08-21-33-59.chain'
  Stack:
    InvalidSignatureError@resource://services-settings/RemoteSettingsClient.sys.mjs:165:5
_validateCollectionSignature@resource://services-settings/RemoteSettingsClient.sys.mjs:1021:13

console.error: services.settings: 
  blocklists/gfx Signature failed  InvalidSignatureError: Invalid content signature (blocklists/gfx) using 'remote-settings.content-signature.mozilla.org-2025-09-08-21-33-59.chain'
console.error: services.settings: 
  blocklists/gfx local data was corrupted
console.warn: services.settings: blocklists/gfx Signature verified failed. Retry from scratch
console.error: services.settings: 
  blocklists/gfx Signature failed again InvalidSignatureError: Invalid content signature (blocklists/gfx) using 'remote-settings.content-signature.mozilla.org-2025-09-08-21-33-59.chain'
console.error: services.settings: 
  Message: InvalidSignatureError: Invalid content signature (blocklists/gfx) using 'remote-settings.content-signature.mozilla.org-2025-09-08-21-33-59.chain'
  Stack:
    InvalidSignatureError@resource://services-settings/RemoteSettingsClient.sys.mjs:165:5
_validateCollectionSignature@resource://services-settings/RemoteSettingsClient.sys.mjs:1021:13

console.error: services.settings: 
  main/search-config-icons Signature failed  InvalidSignatureError: Invalid content signature (main/search-config-icons) using 'remote-settings.content-signature.mozilla.org-2025-09-08-21-33-59.chain'
console.error: services.settings: 
  main/search-config-icons local data was corrupted
console.warn: services.settings: main/search-config-icons Signature verified failed. Retry from scratch
console.error: services.settings: 
  main/search-config-icons Signature failed again InvalidSignatureError: Invalid content signature (main/search-config-icons) using 'remote-settings.content-signature.mozilla.org-2025-09-08-21-33-59.chain'
console.error: services.settings: 
  Message: InvalidSignatureError: Invalid content signature (main/search-config-icons) using 'remote-settings.content-signature.mozilla.org-2025-09-08-21-33-59.chain'
  Stack:
    InvalidSignatureError@resource://services-settings/RemoteSettingsClient.sys.mjs:165:5
_validateCollectionSignature@resource://services-settings/RemoteSettingsClient.sys.mjs:1021:13

console.error: services.settings: 
  main/search-default-override-allowlist Signature failed  InvalidSignatureError: Invalid content signature (main/search-default-override-allowlist) using 'remote-settings.content-signature.mozilla.org-2025-09-08-21-33-59.chain'
console.error: services.settings: 
  main/search-default-override-allowlist local data was corrupted
console.warn: services.settings: main/search-default-override-allowlist Signature verified failed. Retry from scratch
console.error: services.settings: 
  main/search-default-override-allowlist Signature failed again InvalidSignatureError: Invalid content signature (main/search-default-override-allowlist) using 'remote-settings.content-signature.mozilla.org-2025-09-08-21-33-59.chain'
console.error: services.settings: 
  Message: InvalidSignatureError: Invalid content signature (main/search-default-override-allowlist) using 'remote-settings.content-signature.mozilla.org-2025-09-08-21-33-59.chain'
  Stack:
    InvalidSignatureError@resource://services-settings/RemoteSettingsClient.sys.mjs:165:5
_validateCollectionSignature@resource://services-settings/RemoteSettingsClient.sys.mjs:1021:13

console.error: services.settings: 
  main/top-sites Signature failed  InvalidSignatureError: Invalid content signature (main/top-sites) using 'remote-settings.content-signature.mozilla.org-2025-09-08-21-33-59.chain'
console.error: services.settings: 
  main/top-sites local data was corrupted
console.warn: services.settings: main/top-sites Signature verified failed. Retry from scratch
console.error: services.settings: 
  main/top-sites Signature failed again InvalidSignatureError: Invalid content signature (main/top-sites) using 'remote-settings.content-signature.mozilla.org-2025-09-08-21-33-59.chain'
console.error: services.settings: 
  Message: InvalidSignatureError: Invalid content signature (main/top-sites) using 'remote-settings.content-signature.mozilla.org-2025-09-08-21-33-59.chain'
  Stack:
    InvalidSignatureError@resource://services-settings/RemoteSettingsClient.sys.mjs:165:5
_validateCollectionSignature@resource://services-settings/RemoteSettingsClient.sys.mjs:1021:13

console.error: services.settings: 
  main/password-rules Signature failed  InvalidSignatureError: Invalid content signature (main/password-rules) using 'remote-settings.content-signature.mozilla.org-2025-09-08-21-33-59.chain'
console.error: services.settings: 
  main/password-rules local data was corrupted
console.warn: services.settings: main/password-rules Signature verified failed. Retry from scratch
console.error: services.settings: 
  main/password-rules Signature failed again InvalidSignatureError: Invalid content signature (main/password-rules) using 'remote-settings.content-signature.mozilla.org-2025-09-08-21-33-59.chain'
console.error: services.settings: 
  Message: InvalidSignatureError: Invalid content signature (main/password-rules) using 'remote-settings.content-signature.mozilla.org-2025-09-08-21-33-59.chain'
  Stack:
    InvalidSignatureError@resource://services-settings/RemoteSettingsClient.sys.mjs:165:5
_validateCollectionSignature@resource://services-settings/RemoteSettingsClient.sys.mjs:1021:13

console.error: services.settings: 
  main/url-classifier-skip-urls Signature failed  InvalidSignatureError: Invalid content signature (main/url-classifier-skip-urls) using 'remote-settings.content-signature.mozilla.org-2025-09-08-21-33-59.chain'
console.error: services.settings: 
  main/url-classifier-skip-urls local data was corrupted
console.warn: services.settings: main/url-classifier-skip-urls Signature verified failed. Retry from scratch
console.error: services.settings: 
  main/url-classifier-skip-urls Signature failed again InvalidSignatureError: Invalid content signature (main/url-classifier-skip-urls) using 'remote-settings.content-signature.mozilla.org-2025-09-08-21-33-59.chain'
console.error: services.settings: 
  Message: InvalidSignatureError: Invalid content signature (main/url-classifier-skip-urls) using 'remote-settings.content-signature.mozilla.org-2025-09-08-21-33-59.chain'
  Stack:
    InvalidSignatureError@resource://services-settings/RemoteSettingsClient.sys.mjs:165:5
_validateCollectionSignature@resource://services-settings/RemoteSettingsClient.sys.mjs:1021:13

console.error: services.settings: 
  main/websites-with-shared-credential-backends Signature failed  InvalidSignatureError: Invalid content signature (main/websites-with-shared-credential-backends) using 'remote-settings.content-signature.mozilla.org-2025-09-08-21-33-59.chain'
console.error: services.settings: 
  main/websites-with-shared-credential-backends local data was corrupted
console.warn: services.settings: main/websites-with-shared-credential-backends Signature verified failed. Retry from scratch
console.error: services.settings: 
  main/websites-with-shared-credential-backends Signature failed again InvalidSignatureError: Invalid content signature (main/websites-with-shared-credential-backends) using 'remote-settings.content-signature.mozilla.org-2025-09-08-21-33-59.chain'
console.error: services.settings: 
  Message: InvalidSignatureError: Invalid content signature (main/websites-with-shared-credential-backends) using 'remote-settings.content-signature.mozilla.org-2025-09-08-21-33-59.chain'
  Stack:
    InvalidSignatureError@resource://services-settings/RemoteSettingsClient.sys.mjs:165:5
_validateCollectionSignature@resource://services-settings/RemoteSettingsClient.sys.mjs:1021:13

console.error: services.settings: 
  main/normandy-recipes-capabilities Signature failed  InvalidSignatureError: Invalid content signature (main/normandy-recipes-capabilities) using 'remote-settings.content-signature.mozilla.org-2025-09-08-21-33-59.chain'
console.error: services.settings: 
  main/normandy-recipes-capabilities local data was corrupted
console.warn: services.settings: main/normandy-recipes-capabilities Signature verified failed. Retry from scratch
console.error: services.settings: 
  main/normandy-recipes-capabilities Signature failed again InvalidSignatureError: Invalid content signature (main/normandy-recipes-capabilities) using 'remote-settings.content-signature.mozilla.org-2025-09-08-21-33-59.chain'
console.error: services.settings: 
  Message: InvalidSignatureError: Invalid content signature (main/normandy-recipes-capabilities) using 'remote-settings.content-signature.mozilla.org-2025-09-08-21-33-59.chain'
  Stack:
    InvalidSignatureError@resource://services-settings/RemoteSettingsClient.sys.mjs:165:5
_validateCollectionSignature@resource://services-settings/RemoteSettingsClient.sys.mjs:1021:13

console.error: services.settings: 
  main/cookie-banner-rules-list Signature failed  InvalidSignatureError: Invalid content signature (main/cookie-banner-rules-list) using 'remote-settings.content-signature.mozilla.org-2025-09-08-21-33-59.chain'
console.error: services.settings: 
  main/cookie-banner-rules-list local data was corrupted
console.warn: services.settings: main/cookie-banner-rules-list Signature verified failed. Retry from scratch
console.error: services.settings: 
  main/cookie-banner-rules-list Signature failed again InvalidSignatureError: Invalid content signature (main/cookie-banner-rules-list) using 'remote-settings.content-signature.mozilla.org-2025-09-08-21-33-59.chain'
console.error: services.settings: 
  Message: InvalidSignatureError: Invalid content signature (main/cookie-banner-rules-list) using 'remote-settings.content-signature.mozilla.org-2025-09-08-21-33-59.chain'
  Stack:
    InvalidSignatureError@resource://services-settings/RemoteSettingsClient.sys.mjs:165:5
_validateCollectionSignature@resource://services-settings/RemoteSettingsClient.sys.mjs:1021:13

console.warn: services.settings: main/search-config Signature verified failed. Retry from scratch
console.error: services.settings: 
  main/search-config Signature failed again InvalidSignatureError: Invalid content signature (main/search-config) using 'remote-settings.content-signature.mozilla.org-2025-09-08-21-33-59.chain'
console.error: services.settings: 
  Message: InvalidSignatureError: Invalid content signature (main/search-config) using 'remote-settings.content-signature.mozilla.org-2025-09-08-21-33-59.chain'
  Stack:
    InvalidSignatureError@resource://services-settings/RemoteSettingsClient.sys.mjs:165:5
_validateCollectionSignature@resource://services-settings/RemoteSettingsClient.sys.mjs:1021:13

console.warn: services.settings: main/search-config-overrides Signature verified failed. Retry from scratch
console.error: services.settings: 
  main/search-config-overrides Signature failed again InvalidSignatureError: Invalid content signature (main/search-config-overrides) using 'remote-settings.content-signature.mozilla.org-2025-09-08-21-33-59.chain'
console.error: services.settings: 
  Message: InvalidSignatureError: Invalid content signature (main/search-config-overrides) using 'remote-settings.content-signature.mozilla.org-2025-09-08-21-33-59.chain'
  Stack:
    InvalidSignatureError@resource://services-settings/RemoteSettingsClient.sys.mjs:165:5
_validateCollectionSignature@resource://services-settings/RemoteSettingsClient.sys.mjs:1021:13

console.error: services.settings: 
  main/query-stripping Signature failed  InvalidSignatureError: Invalid content signature (main/query-stripping) using 'remote-settings.content-signature.mozilla.org-2025-09-08-21-33-59.chain'
console.error: services.settings: 
  main/query-stripping local data was corrupted
console.warn: services.settings: main/query-stripping Signature verified failed. Retry from scratch
console.error: services.settings: 
  main/query-stripping Signature failed again InvalidSignatureError: Invalid content signature (main/query-stripping) using 'remote-settings.content-signature.mozilla.org-2025-09-08-21-33-59.chain'
console.error: services.settings: 
  Message: InvalidSignatureError: Invalid content signature (main/query-stripping) using 'remote-settings.content-signature.mozilla.org-2025-09-08-21-33-59.chain'
  Stack:
    InvalidSignatureError@resource://services-settings/RemoteSettingsClient.sys.mjs:165:5
_validateCollectionSignature@resource://services-settings/RemoteSettingsClient.sys.mjs:1021:13

console.error: services.settings: 
  main/addons-manager-settings Signature failed  InvalidSignatureError: Invalid content signature (main/addons-manager-settings) using 'remote-settings.content-signature.mozilla.org-2025-09-08-21-33-59.chain'
console.error: services.settings: 
  main/addons-manager-settings local data was corrupted
console.warn: services.settings: main/addons-manager-settings Signature verified failed. Retry from scratch
console.error: services.settings: 
  main/addons-manager-settings Signature failed again InvalidSignatureError: Invalid content signature (main/addons-manager-settings) using 'remote-settings.content-signature.mozilla.org-2025-09-08-21-33-59.chain'
console.error: services.settings: 
  Message: InvalidSignatureError: Invalid content signature (main/addons-manager-settings) using 'remote-settings.content-signature.mozilla.org-2025-09-08-21-33-59.chain'
  Stack:
    InvalidSignatureError@resource://services-settings/RemoteSettingsClient.sys.mjs:165:5
_validateCollectionSignature@resource://services-settings/RemoteSettingsClient.sys.mjs:1021:13

console.error: services.settings: 
  main/doh-providers Signature failed  InvalidSignatureError: Invalid content signature (main/doh-providers) using 'remote-settings.content-signature.mozilla.org-2025-09-08-21-33-59.chain'
console.error: services.settings: 
  main/doh-providers local data was corrupted
console.warn: services.settings: main/doh-providers Signature verified failed. Retry from scratch
console.error: services.settings: 
  main/doh-providers Signature failed again InvalidSignatureError: Invalid content signature (main/doh-providers) using 'remote-settings.content-signature.mozilla.org-2025-09-08-21-33-59.chain'
console.error: services.settings: 
  Message: InvalidSignatureError: Invalid content signature (main/doh-providers) using 'remote-settings.content-signature.mozilla.org-2025-09-08-21-33-59.chain'
  Stack:
    InvalidSignatureError@resource://services-settings/RemoteSettingsClient.sys.mjs:165:5
_validateCollectionSignature@resource://services-settings/RemoteSettingsClient.sys.mjs:1021:13

console.error: services.settings: 
  main/pioneer-study-addons-v1 Signature failed  InvalidSignatureError: Invalid content signature (main/pioneer-study-addons-v1) using 'remote-settings.content-signature.mozilla.org-2025-09-08-21-33-59.chain'
console.error: services.settings: 
  main/pioneer-study-addons-v1 local data was corrupted
console.warn: services.settings: main/pioneer-study-addons-v1 Signature verified failed. Retry from scratch
console.error: services.settings: 
  main/pioneer-study-addons-v1 Signature failed again InvalidSignatureError: Invalid content signature (main/pioneer-study-addons-v1) using 'remote-settings.content-signature.mozilla.org-2025-09-08-21-33-59.chain'
console.error: services.settings: 
  Message: InvalidSignatureError: Invalid content signature (main/pioneer-study-addons-v1) using 'remote-settings.content-signature.mozilla.org-2025-09-08-21-33-59.chain'
  Stack:
    InvalidSignatureError@resource://services-settings/RemoteSettingsClient.sys.mjs:165:5
_validateCollectionSignature@resource://services-settings/RemoteSettingsClient.sys.mjs:1021:13

console.warn: services.settings: main/hijack-blocklists Signature verified failed. Retry from scratch
console.error: services.settings: 
  main/hijack-blocklists Signature failed again InvalidSignatureError: Invalid content signature (main/hijack-blocklists) using 'remote-settings.content-signature.mozilla.org-2025-09-08-21-33-59.chain'
console.error: services.settings: 
  Message: InvalidSignatureError: Invalid content signature (main/hijack-blocklists) using 'remote-settings.content-signature.mozilla.org-2025-09-08-21-33-59.chain'
  Stack:
    InvalidSignatureError@resource://services-settings/RemoteSettingsClient.sys.mjs:165:5
_validateCollectionSignature@resource://services-settings/RemoteSettingsClient.sys.mjs:1021:13

console.warn: services.settings: main/anti-tracking-url-decoration Signature verified failed. Retry from scratch
console.error: services.settings: 
  main/anti-tracking-url-decoration Signature failed again InvalidSignatureError: Invalid content signature (main/anti-tracking-url-decoration) using 'remote-settings.content-signature.mozilla.org-2025-09-08-21-33-59.chain'
console.error: services.settings: 
  Message: InvalidSignatureError: Invalid content signature (main/anti-tracking-url-decoration) using 'remote-settings.content-signature.mozilla.org-2025-09-08-21-33-59.chain'
  Stack:
    InvalidSignatureError@resource://services-settings/RemoteSettingsClient.sys.mjs:165:5
_validateCollectionSignature@resource://services-settings/RemoteSettingsClient.sys.mjs:1021:13

console.error: (new InvalidSignatureError("Invalid content signature (blocklists/addons-bloomfilters) using 'remote-settings.content-signature.mozilla.org-2025-09-08-21-33-59.chain'", "resource://services-settings/RemoteSettingsClient.sys.mjs", 165))
JavaScript warning: https://e93wvbmjolo-496ff2e9c6d22116-0-colab.googleusercontent.com/outputframe.html?vrz=colab_20250729-060053_RC00_788359736, line 239: Using //@ to indicate sourceURL pragmas is deprecated. Use //# instead
JavaScript warning: https://bubxpu48za-496ff2e9c6d22116-0-colab.googleusercontent.com/outputframe.html?vrz=colab_20250729-060053_RC00_788359736, line 239: Using //@ to indicate sourceURL pragmas is deprecated. Use //# instead
JavaScript warning: https://www.google.com/js/bg/0qnx2Gb82MY1wqpIt-pJ8z32LEcFDaWHqPgsrVnGetI.js, line 2287: unreachable code after return statement
JavaScript warning: https://www.google.com/js/bg/0qnx2Gb82MY1wqpIt-pJ8z32LEcFDaWHqPgsrVnGetI.js, line 2287: unreachable code after return statement
JavaScript warning: https://www.google.com/js/bg/0qnx2Gb82MY1wqpIt-pJ8z32LEcFDaWHqPgsrVnGetI.js, line 2287: unreachable code after return statement
JavaScript warning: https://www.google.com/js/bg/0qnx2Gb82MY1wqpIt-pJ8z32LEcFDaWHqPgsrVnGetI.js, line 2287: unreachable code after return statement
JavaScript warning: https://www.google.com/js/bg/0qnx2Gb82MY1wqpIt-pJ8z32LEcFDaWHqPgsrVnGetI.js, line 2287: unreachable code after return statement
JavaScript warning: https://www.google.com/js/bg/0qnx2Gb82MY1wqpIt-pJ8z32LEcFDaWHqPgsrVnGetI.js, line 2287: unreachable code after return statement
JavaScript warning: https://www.google.com/js/bg/0qnx2Gb82MY1wqpIt-pJ8z32LEcFDaWHqPgsrVnGetI.js, line 2287: unreachable code after return statement
JavaScript warning: https://www.google.com/js/bg/0qnx2Gb82MY1wqpIt-pJ8z32LEcFDaWHqPgsrVnGetI.js line 2 > eval, line 2287: unreachable code after return statement
JavaScript warning: https://www.google.com/js/bg/0qnx2Gb82MY1wqpIt-pJ8z32LEcFDaWHqPgsrVnGetI.js line 2 > eval, line 2287: unreachable code after return statement
JavaScript warning: https://www.google.com/js/bg/0qnx2Gb82MY1wqpIt-pJ8z32LEcFDaWHqPgsrVnGetI.js line 2 > eval, line 2287: unreachable code after return statement
JavaScript warning: https://www.google.com/js/bg/0qnx2Gb82MY1wqpIt-pJ8z32LEcFDaWHqPgsrVnGetI.js line 2 > eval, line 2287: unreachable code after return statement
JavaScript warning: https://www.google.com/js/bg/0qnx2Gb82MY1wqpIt-pJ8z32LEcFDaWHqPgsrVnGetI.js line 2 > eval, line 1: unreachable code after return statement
JavaScript warning: https://www.google.com/js/bg/0qnx2Gb82MY1wqpIt-pJ8z32LEcFDaWHqPgsrVnGetI.js line 2 > eval line 2287 > eval, line 1: unreachable code after return statement
JavaScript warning: https://www.google.com/js/bg/0qnx2Gb82MY1wqpIt-pJ8z32LEcFDaWHqPgsrVnGetI.js line 2 > eval line 2287 > eval, line 1: unreachable code after return statement
JavaScript warning: https://www.google.com/js/bg/0qnx2Gb82MY1wqpIt-pJ8z32LEcFDaWHqPgsrVnGetI.js line 2 > eval line 2287 > eval line 1 > eval, line 1: unreachable code after return statement
JavaScript warning: https://www.google.com/js/bg/0qnx2Gb82MY1wqpIt-pJ8z32LEcFDaWHqPgsrVnGetI.js line 2 > eval line 2287 > eval, line 1: unreachable code after return statement
JavaScript warning: https://www.google.com/js/bg/0qnx2Gb82MY1wqpIt-pJ8z32LEcFDaWHqPgsrVnGetI.js line 2 > eval line 2287 > eval line 1 > eval, line 1: unreachable code after return statement
JavaScript warning: https://www.google.com/js/bg/0qnx2Gb82MY1wqpIt-pJ8z32LEcFDaWHqPgsrVnGetI.js line 2 > eval, line 2287: unreachable code after return statement
JavaScript warning: https://www.google.com/js/bg/0qnx2Gb82MY1wqpIt-pJ8z32LEcFDaWHqPgsrVnGetI.js line 2 > eval, line 2287: unreachable code after return statement
JavaScript warning: https://www.google.com/js/bg/0qnx2Gb82MY1wqpIt-pJ8z32LEcFDaWHqPgsrVnGetI.js line 2 > eval, line 2287: unreachable code after return statement
JavaScript warning: https://www.google.com/js/bg/0qnx2Gb82MY1wqpIt-pJ8z32LEcFDaWHqPgsrVnGetI.js line 2 > eval line 2287 > eval line 1 > eval, line 1: unreachable code after return statement
JavaScript warning: https://www.google.com/js/bg/0qnx2Gb82MY1wqpIt-pJ8z32LEcFDaWHqPgsrVnGetI.js line 2 > eval line 2287 > eval line 1 > eval, line 1: unreachable code after return statement
JavaScript warning: https://www.google.com/js/bg/0qnx2Gb82MY1wqpIt-pJ8z32LEcFDaWHqPgsrVnGetI.js line 2 > eval line 2287 > eval line 1 > eval, line 1: unreachable code after return statement
JavaScript warning: https://www.google.com/js/bg/0qnx2Gb82MY1wqpIt-pJ8z32LEcFDaWHqPgsrVnGetI.js line 2 > eval line 2287 > eval line 1 > eval line 1 > eval, line 1: unreachable code after return statement
JavaScript warning: https://www.google.com/js/bg/0qnx2Gb82MY1wqpIt-pJ8z32LEcFDaWHqPgsrVnGetI.js line 2 > eval line 2287 > eval line 1 > eval line 1 > eval, line 1: unreachable code after return statement
JavaScript warning: https://www.google.com/js/bg/0qnx2Gb82MY1wqpIt-pJ8z32LEcFDaWHqPgsrVnGetI.js line 2 > eval line 2287 > eval line 1 > eval line 1 > eval, line 1: unreachable code after return statement
JavaScript error: resource://gre/modules/AsyncShutdown.sys.mjs, line 569: NotFoundError: No such JSProcessActor 'DevToolsProcess'
JavaScript error: resource://gre/modules/AsyncShutdown.sys.mjs, line 569: NotFoundError: No such JSProcessActor 'DevToolsProcess'
JavaScript error: resource://gre/modules/AsyncShutdown.sys.mjs, line 569: NotFoundError: No such JSProcessActor 'DevToolsProcess'
JavaScript error: resource://gre/modules/AsyncShutdown.sys.mjs, line 569: NotFoundError: No such JSProcessActor 'DevToolsProcess'
JavaScript error: resource://gre/modules/AsyncShutdown.sys.mjs, line 569: NotFoundError: No such JSProcessActor 'DevToolsProcess'
JavaScript error: resource://gre/modules/AsyncShutdown.sys.mjs, line 569: NotFoundError: No such JSProcessActor 'DevToolsProcess'
JavaScript error: resource://gre/modules/AsyncShutdown.sys.mjs, line 569: NotFoundError: No such JSProcessActor 'DevToolsProcess'
JavaScript error: resource://gre/modules/AsyncShutdown.sys.mjs, line 569: NotFoundError: No such JSProcessActor 'DevToolsProcess'
JavaScript error: resource://gre/modules/AsyncShutdown.sys.mjs, line 569: NotFoundError: No such JSProcessActor 'DevToolsProcess'
JavaScript error: resource://gre/modules/AsyncShutdown.sys.mjs, line 569: NotFoundError: No such JSProcessActor 'DevToolsProcess'
JavaScript error: resource://gre/modules/AsyncShutdown.sys.mjs, line 569: NotFoundError: No such JSProcessActor 'DevToolsProcess'
JavaScript error: resource://gre/modules/AsyncShutdown.sys.mjs, line 569: NotFoundError: No such JSProcessActor 'DevToolsProcess'
JavaScript error: resource://gre/modules/AsyncShutdown.sys.mjs, line 569: NotFoundError: No such JSProcessActor 'DevToolsProcess'
JavaScript error: resource://gre/modules/AsyncShutdown.sys.mjs, line 569: NotFoundError: No such JSProcessActor 'DevToolsProcess'
JavaScript error: resource://gre/modules/AsyncShutdown.sys.mjs, line 569: NotFoundError: No such JSProcessActor 'DevToolsProcess'
JavaScript error: resource://gre/modules/AsyncShutdown.sys.mjs, line 569: NotFoundError: No such JSProcessActor 'DevToolsProcess'
JavaScript error: resource://gre/modules/AsyncShutdown.sys.mjs, line 569: NotFoundError: No such JSProcessActor 'DevToolsProcess'
JavaScript error: resource://gre/modules/AsyncShutdown.sys.mjs, line 569: NotFoundError: No such JSProcessActor 'DevToolsProcess'
JavaScript error: resource://gre/modules/AsyncShutdown.sys.mjs, line 569: NotFoundError: No such JSProcessActor 'DevToolsProcess'
1753947889007	Marionette	INFO	Stopped listening on port 51567
Dynamically enable window occlusion 1
1753948334877	geckodriver	INFO	Listening on 127.0.0.1:51897
1753948337912	mozrunner::runner	INFO	Running command: "C:\\Program Files\\Mozilla Firefox\\firefox.exe" "--marionette" "--remote-debugging-port" "51898" "--remote-allow-hosts" "localhost" "-no-remote" "-profile" "C:\\Users\\Atomix\\AppData\\Local\\Temp\\rust_mozprofileCaRlX9"
console.warn: services.settings: Ignoring preference override of remote settings server
console.warn: services.settings: Allow by setting MOZ_REMOTE_SETTINGS_DEVTOOLS=1 in the environment
Dynamically enable window occlusion 0
1753948338168	Marionette	INFO	Marionette enabled
1753948338296	Marionette	INFO	Listening on port 51905
WebDriver BiDi listening on ws://127.0.0.1:51898
Read port: 51905
1753948338381	RemoteAgent	WARN	TLS certificate errors will be ignored for this session
console.error: services.settings: 
  main/query-stripping Signature failed  InvalidSignatureError: Invalid content signature (main/query-stripping) using 'remote-settings.content-signature.mozilla.org-2025-09-08-21-33-59.chain'
console.error: services.settings: 
  main/query-stripping local data was corrupted
console.warn: services.settings: main/query-stripping Signature verified failed. Retry from scratch
console.error: services.settings: 
  main/query-stripping Signature failed again InvalidSignatureError: Invalid content signature (main/query-stripping) using 'remote-settings.content-signature.mozilla.org-2025-09-08-21-33-59.chain'
console.error: (new InvalidSignatureError("Invalid content signature (main/query-stripping) using 'remote-settings.content-signature.mozilla.org-2025-09-08-21-33-59.chain'", "resource://services-settings/RemoteSettingsClient.sys.mjs", 165))
console.error: services.settings: 
  main/fingerprinting-protection-overrides Signature failed  InvalidSignatureError: Invalid content signature (main/fingerprinting-protection-overrides) using 'remote-settings.content-signature.mozilla.org-2025-09-08-21-33-59.chain'
console.error: services.settings: 
  main/fingerprinting-protection-overrides local data was corrupted
console.warn: services.settings: main/fingerprinting-protection-overrides Signature verified failed. Retry from scratch
console.error: services.settings: 
  main/fingerprinting-protection-overrides Signature failed again InvalidSignatureError: Invalid content signature (main/fingerprinting-protection-overrides) using 'remote-settings.content-signature.mozilla.org-2025-09-08-21-33-59.chain'
console.error: (new InvalidSignatureError("Invalid content signature (main/fingerprinting-protection-overrides) using 'remote-settings.content-signature.mozilla.org-2025-09-08-21-33-59.chain'", "resource://services-settings/RemoteSettingsClient.sys.mjs", 165))
DevTools listening on ws://127.0.0.1:51898/devtools/browser/6c47e78a-c917-454e-8c29-5b49d4d0f0d6
console.error: services.settings: 
  main/partitioning-exempt-urls Signature failed  InvalidSignatureError: Invalid content signature (main/partitioning-exempt-urls) using 'remote-settings.content-signature.mozilla.org-2025-09-08-21-33-59.chain'
console.error: services.settings: 
  main/partitioning-exempt-urls local data was corrupted
console.warn: services.settings: main/partitioning-exempt-urls Signature verified failed. Retry from scratch
console.error: services.settings: 
  main/partitioning-exempt-urls Signature failed again InvalidSignatureError: Invalid content signature (main/partitioning-exempt-urls) using 'remote-settings.content-signature.mozilla.org-2025-09-08-21-33-59.chain'
console.error: (new InvalidSignatureError("Invalid content signature (main/partitioning-exempt-urls) using 'remote-settings.content-signature.mozilla.org-2025-09-08-21-33-59.chain'", "resource://services-settings/RemoteSettingsClient.sys.mjs", 165))
JavaScript warning: https://uzpzxthu5bg-496ff2e9c6d22116-0-colab.googleusercontent.com/outputframe.html?vrz=colab_20250729-060053_RC00_788359736, line 239: Using //@ to indicate sourceURL pragmas is deprecated. Use //# instead
JavaScript warning: https://hagujq3wdvm-496ff2e9c6d22116-0-colab.googleusercontent.com/outputframe.html?vrz=colab_20250729-060053_RC00_788359736, line 239: Using //@ to indicate sourceURL pragmas is deprecated. Use //# instead
JavaScript warning: https://www.google.com/js/bg/0qnx2Gb82MY1wqpIt-pJ8z32LEcFDaWHqPgsrVnGetI.js, line 3124: unreachable code after return statement
JavaScript warning: https://www.google.com/js/bg/0qnx2Gb82MY1wqpIt-pJ8z32LEcFDaWHqPgsrVnGetI.js, line 3124: unreachable code after return statement
JavaScript warning: https://www.google.com/js/bg/0qnx2Gb82MY1wqpIt-pJ8z32LEcFDaWHqPgsrVnGetI.js, line 3124: unreachable code after return statement
JavaScript warning: https://www.google.com/js/bg/0qnx2Gb82MY1wqpIt-pJ8z32LEcFDaWHqPgsrVnGetI.js, line 3124: unreachable code after return statement
JavaScript warning: https://www.google.com/js/bg/0qnx2Gb82MY1wqpIt-pJ8z32LEcFDaWHqPgsrVnGetI.js, line 3124: unreachable code after return statement
JavaScript warning: https://www.google.com/js/bg/0qnx2Gb82MY1wqpIt-pJ8z32LEcFDaWHqPgsrVnGetI.js, line 3124: unreachable code after return statement
JavaScript warning: https://www.google.com/js/bg/0qnx2Gb82MY1wqpIt-pJ8z32LEcFDaWHqPgsrVnGetI.js, line 3124: unreachable code after return statement
JavaScript warning: https://www.google.com/js/bg/0qnx2Gb82MY1wqpIt-pJ8z32LEcFDaWHqPgsrVnGetI.js line 2 > eval, line 3124: unreachable code after return statement
JavaScript warning: https://www.google.com/js/bg/0qnx2Gb82MY1wqpIt-pJ8z32LEcFDaWHqPgsrVnGetI.js line 2 > eval, line 3124: unreachable code after return statement
JavaScript warning: https://www.google.com/js/bg/0qnx2Gb82MY1wqpIt-pJ8z32LEcFDaWHqPgsrVnGetI.js line 2 > eval, line 3124: unreachable code after return statement
JavaScript warning: https://www.google.com/js/bg/0qnx2Gb82MY1wqpIt-pJ8z32LEcFDaWHqPgsrVnGetI.js line 2 > eval, line 3124: unreachable code after return statement
JavaScript warning: https://www.google.com/js/bg/0qnx2Gb82MY1wqpIt-pJ8z32LEcFDaWHqPgsrVnGetI.js line 2 > eval line 3124 > eval, line 1: unreachable code after return statement
JavaScript warning: https://www.google.com/js/bg/0qnx2Gb82MY1wqpIt-pJ8z32LEcFDaWHqPgsrVnGetI.js line 2 > eval line 3124 > eval line 1 > eval, line 1: unreachable code after return statement
JavaScript warning: https://www.google.com/js/bg/0qnx2Gb82MY1wqpIt-pJ8z32LEcFDaWHqPgsrVnGetI.js line 2 > eval line 3124 > eval, line 1: unreachable code after return statement
JavaScript warning: https://www.google.com/js/bg/0qnx2Gb82MY1wqpIt-pJ8z32LEcFDaWHqPgsrVnGetI.js line 2 > eval line 3124 > eval line 1 > eval, line 1: unreachable code after return statement
JavaScript warning: https://www.google.com/js/bg/0qnx2Gb82MY1wqpIt-pJ8z32LEcFDaWHqPgsrVnGetI.js line 2 > eval line 3124 > eval, line 1: unreachable code after return statement
JavaScript warning: https://www.google.com/js/bg/0qnx2Gb82MY1wqpIt-pJ8z32LEcFDaWHqPgsrVnGetI.js line 2 > eval line 3124 > eval line 1 > eval, line 1: unreachable code after return statement
JavaScript warning: https://www.google.com/js/bg/0qnx2Gb82MY1wqpIt-pJ8z32LEcFDaWHqPgsrVnGetI.js line 2 > eval, line 3124: unreachable code after return statement
JavaScript warning: https://www.google.com/js/bg/0qnx2Gb82MY1wqpIt-pJ8z32LEcFDaWHqPgsrVnGetI.js line 2 > eval, line 3124: unreachable code after return statement
JavaScript warning: https://www.google.com/js/bg/0qnx2Gb82MY1wqpIt-pJ8z32LEcFDaWHqPgsrVnGetI.js line 2 > eval, line 3124: unreachable code after return statement
JavaScript warning: https://www.google.com/js/bg/0qnx2Gb82MY1wqpIt-pJ8z32LEcFDaWHqPgsrVnGetI.js line 2 > eval line 3124 > eval line 1 > eval, line 1: unreachable code after return statement
JavaScript warning: https://www.google.com/js/bg/0qnx2Gb82MY1wqpIt-pJ8z32LEcFDaWHqPgsrVnGetI.js line 2 > eval line 3124 > eval line 1 > eval, line 1: unreachable code after return statement
JavaScript warning: https://www.google.com/js/bg/0qnx2Gb82MY1wqpIt-pJ8z32LEcFDaWHqPgsrVnGetI.js line 2 > eval line 3124 > eval line 1 > eval, line 1: unreachable code after return statement
JavaScript warning: https://www.google.com/js/bg/0qnx2Gb82MY1wqpIt-pJ8z32LEcFDaWHqPgsrVnGetI.js line 2 > eval line 3124 > eval line 1 > eval line 1 > eval, line 1: unreachable code after return statement
JavaScript warning: https://www.google.com/js/bg/0qnx2Gb82MY1wqpIt-pJ8z32LEcFDaWHqPgsrVnGetI.js line 2 > eval line 3124 > eval line 1 > eval line 1 > eval, line 1: unreachable code after return statement
JavaScript warning: https://www.google.com/js/bg/0qnx2Gb82MY1wqpIt-pJ8z32LEcFDaWHqPgsrVnGetI.js line 2 > eval line 3124 > eval line 1 > eval line 1 > eval, line 1: unreachable code after return statement
JavaScript warning: https://hagujq3wdvm-496ff2e9c6d22116-0-colab.googleusercontent.com/outputframe.html?vrz=colab_20250729-060053_RC00_788359736, line 239: Using //@ to indicate sourceURL pragmas is deprecated. Use //# instead
JavaScript warning: https://hagujq3wdvm-496ff2e9c6d22116-0-colab.googleusercontent.com/outputframe.html?vrz=colab_20250729-060053_RC00_788359736 line 13 > eval, line 972: Using //@ to indicate sourceURL pragmas is deprecated. Use //# instead
JavaScript warning: https://ktxv6b5ifp9-496ff2e9c6d22116-0-colab.googleusercontent.com/outputframe.html?vrz=colab_20250729-060053_RC00_788359736, line 239: Using //@ to indicate sourceURL pragmas is deprecated. Use //# instead
JavaScript warning: https://be65f4fyttu-496ff2e9c6d22116-0-colab.googleusercontent.com/outputframe.html?vrz=colab_20250729-060053_RC00_788359736, line 239: Using //@ to indicate sourceURL pragmas is deprecated. Use //# instead
JavaScript warning: https://ktxv6b5ifp9-496ff2e9c6d22116-0-colab.googleusercontent.com/outputframe.html?vrz=colab_20250729-060053_RC00_788359736, line 239: Using //@ to indicate sourceURL pragmas is deprecated. Use //# instead
JavaScript warning: https://www.google.com/js/bg/ewkwPWymqQfuUctaJ1I01ziIEjwrJG28Jgq1eVP0gew.js, line 4974: unreachable code after return statement
JavaScript warning: https://www.google.com/js/bg/ewkwPWymqQfuUctaJ1I01ziIEjwrJG28Jgq1eVP0gew.js, line 4974: unreachable code after return statement
JavaScript warning: https://www.google.com/js/bg/ewkwPWymqQfuUctaJ1I01ziIEjwrJG28Jgq1eVP0gew.js, line 4974: unreachable code after return statement
JavaScript warning: https://www.google.com/js/bg/ewkwPWymqQfuUctaJ1I01ziIEjwrJG28Jgq1eVP0gew.js line 2 > eval, line 4974: unreachable code after return statement
JavaScript warning: https://www.google.com/js/bg/ewkwPWymqQfuUctaJ1I01ziIEjwrJG28Jgq1eVP0gew.js line 2 > eval, line 4974: unreachable code after return statement
JavaScript warning: https://www.google.com/js/bg/ewkwPWymqQfuUctaJ1I01ziIEjwrJG28Jgq1eVP0gew.js line 2 > eval, line 4974: unreachable code after return statement
JavaScript warning: https://www.google.com/js/bg/ewkwPWymqQfuUctaJ1I01ziIEjwrJG28Jgq1eVP0gew.js line 2 > eval, line 1: unreachable code after return statement
JavaScript warning: https://www.google.com/js/bg/ewkwPWymqQfuUctaJ1I01ziIEjwrJG28Jgq1eVP0gew.js line 2 > eval line 4974 > eval, line 1: unreachable code after return statement
JavaScript warning: https://www.google.com/js/bg/ewkwPWymqQfuUctaJ1I01ziIEjwrJG28Jgq1eVP0gew.js line 2 > eval, line 1: unreachable code after return statement
JavaScript warning: https://www.google.com/js/bg/ewkwPWymqQfuUctaJ1I01ziIEjwrJG28Jgq1eVP0gew.js line 2 > eval line 4974 > eval, line 1: unreachable code after return statement
JavaScript warning: https://www.google.com/js/bg/ewkwPWymqQfuUctaJ1I01ziIEjwrJG28Jgq1eVP0gew.js line 2 > eval line 4974 > eval line 1 > eval, line 1: unreachable code after return statement
JavaScript warning: https://www.google.com/js/bg/ewkwPWymqQfuUctaJ1I01ziIEjwrJG28Jgq1eVP0gew.js line 2 > eval line 4974 > eval line 1 > eval, line 1: unreachable code after return statement
JavaScript warning: https://www.google.com/js/bg/ewkwPWymqQfuUctaJ1I01ziIEjwrJG28Jgq1eVP0gew.js line 2 > eval line 4974 > eval line 1 > eval line 1 > eval, line 1: unreachable code after return statement
JavaScript warning: https://www.google.com/js/bg/ewkwPWymqQfuUctaJ1I01ziIEjwrJG28Jgq1eVP0gew.js line 2 > eval line 4974 > eval line 1 > eval line 1 > eval, line 1: unreachable code after return statement
1753948368753	addons.xpi	ERROR	System addon update list error SyntaxError: XMLHttpRequest.open: 'http://%(server)s/dummy-system-addons.xml' is not a valid URL.
console.error: services.settings: 
  blocklists/addons-bloomfilters Signature failed  InvalidSignatureError: Invalid content signature (blocklists/addons-bloomfilters) using 'remote-settings.content-signature.mozilla.org-2025-09-08-21-33-59.chain'
console.error: services.settings: 
  blocklists/addons-bloomfilters local data was corrupted
console.warn: services.settings: blocklists/addons-bloomfilters Signature verified failed. Retry from scratch
console.error: services.settings: 
  blocklists/addons-bloomfilters Signature failed again InvalidSignatureError: Invalid content signature (blocklists/addons-bloomfilters) using 'remote-settings.content-signature.mozilla.org-2025-09-08-21-33-59.chain'
console.error: services.settings: 
  Message: InvalidSignatureError: Invalid content signature (blocklists/addons-bloomfilters) using 'remote-settings.content-signature.mozilla.org-2025-09-08-21-33-59.chain'
  Stack:
    InvalidSignatureError@resource://services-settings/RemoteSettingsClient.sys.mjs:165:5
_validateCollectionSignature@resource://services-settings/RemoteSettingsClient.sys.mjs:1021:13

console.error: services.settings: 
  main/search-config-v2 Signature failed  InvalidSignatureError: Invalid content signature (main/search-config-v2) using 'remote-settings.content-signature.mozilla.org-2025-09-08-21-33-59.chain'
console.error: services.settings: 
  main/search-config-v2 local data was corrupted
console.warn: services.settings: main/search-config-v2 Signature verified failed. Retry from scratch
console.error: services.settings: 
  main/search-config-v2 Signature failed again InvalidSignatureError: Invalid content signature (main/search-config-v2) using 'remote-settings.content-signature.mozilla.org-2025-09-08-21-33-59.chain'
console.error: services.settings: 
  Message: InvalidSignatureError: Invalid content signature (main/search-config-v2) using 'remote-settings.content-signature.mozilla.org-2025-09-08-21-33-59.chain'
  Stack:
    InvalidSignatureError@resource://services-settings/RemoteSettingsClient.sys.mjs:165:5
_validateCollectionSignature@resource://services-settings/RemoteSettingsClient.sys.mjs:1021:13

console.error: services.settings: 
  main/search-telemetry-v2 Signature failed  InvalidSignatureError: Invalid content signature (main/search-telemetry-v2) using 'remote-settings.content-signature.mozilla.org-2025-09-08-21-33-59.chain'
console.error: services.settings: 
  main/search-telemetry-v2 local data was corrupted
console.warn: services.settings: main/search-telemetry-v2 Signature verified failed. Retry from scratch
console.error: services.settings: 
  main/search-telemetry-v2 Signature failed again InvalidSignatureError: Invalid content signature (main/search-telemetry-v2) using 'remote-settings.content-signature.mozilla.org-2025-09-08-21-33-59.chain'
console.error: services.settings: 
  Message: InvalidSignatureError: Invalid content signature (main/search-telemetry-v2) using 'remote-settings.content-signature.mozilla.org-2025-09-08-21-33-59.chain'
  Stack:
    InvalidSignatureError@resource://services-settings/RemoteSettingsClient.sys.mjs:165:5
_validateCollectionSignature@resource://services-settings/RemoteSettingsClient.sys.mjs:1021:13

JavaScript warning: https://ktxv6b5ifp9-496ff2e9c6d22116-0-colab.googleusercontent.com/outputframe.html?vrz=colab_20250729-060053_RC00_788359736 line 13 > eval, line 972: Using //@ to indicate sourceURL pragmas is deprecated. Use //# instead
console.error: services.settings: 
  main/translations-models Signature failed  InvalidSignatureError: Invalid content signature (main/translations-models) using 'remote-settings.content-signature.mozilla.org-2025-09-08-21-33-59.chain'
console.error: services.settings: 
  main/translations-models local data was corrupted
console.warn: services.settings: main/translations-models Signature verified failed. Retry from scratch
console.error: services.settings: 
  main/translations-models Signature failed again InvalidSignatureError: Invalid content signature (main/translations-models) using 'remote-settings.content-signature.mozilla.org-2025-09-08-21-33-59.chain'
console.error: services.settings: 
  Message: InvalidSignatureError: Invalid content signature (main/translations-models) using 'remote-settings.content-signature.mozilla.org-2025-09-08-21-33-59.chain'
  Stack:
    InvalidSignatureError@resource://services-settings/RemoteSettingsClient.sys.mjs:165:5
_validateCollectionSignature@resource://services-settings/RemoteSettingsClient.sys.mjs:1021:13

console.error: services.settings: 
  main/devtools-compatibility-browsers Signature failed  InvalidSignatureError: Invalid content signature (main/devtools-compatibility-browsers) using 'remote-settings.content-signature.mozilla.org-2025-09-08-21-33-59.chain'
console.error: services.settings: 
  main/devtools-compatibility-browsers local data was corrupted
console.warn: services.settings: main/devtools-compatibility-browsers Signature verified failed. Retry from scratch
console.error: services.settings: 
  main/devtools-compatibility-browsers Signature failed again InvalidSignatureError: Invalid content signature (main/devtools-compatibility-browsers) using 'remote-settings.content-signature.mozilla.org-2025-09-08-21-33-59.chain'
console.error: services.settings: 
  Message: InvalidSignatureError: Invalid content signature (main/devtools-compatibility-browsers) using 'remote-settings.content-signature.mozilla.org-2025-09-08-21-33-59.chain'
  Stack:
    InvalidSignatureError@resource://services-settings/RemoteSettingsClient.sys.mjs:165:5
_validateCollectionSignature@resource://services-settings/RemoteSettingsClient.sys.mjs:1021:13

console.error: services.settings: 
  main/doh-config Signature failed  InvalidSignatureError: Invalid content signature (main/doh-config) using 'remote-settings.content-signature.mozilla.org-2025-09-08-21-33-59.chain'
console.error: services.settings: 
  main/doh-config local data was corrupted
console.warn: services.settings: main/doh-config Signature verified failed. Retry from scratch
console.error: services.settings: 
  main/doh-config Signature failed again InvalidSignatureError: Invalid content signature (main/doh-config) using 'remote-settings.content-signature.mozilla.org-2025-09-08-21-33-59.chain'
console.error: services.settings: 
  Message: InvalidSignatureError: Invalid content signature (main/doh-config) using 'remote-settings.content-signature.mozilla.org-2025-09-08-21-33-59.chain'
  Stack:
    InvalidSignatureError@resource://services-settings/RemoteSettingsClient.sys.mjs:165:5
_validateCollectionSignature@resource://services-settings/RemoteSettingsClient.sys.mjs:1021:13

console.error: services.settings: 
  main/fingerprinting-protection-overrides Signature failed  InvalidSignatureError: Invalid content signature (main/fingerprinting-protection-overrides) using 'remote-settings.content-signature.mozilla.org-2025-09-08-21-33-59.chain'
console.error: services.settings: 
  main/fingerprinting-protection-overrides local data was corrupted
console.warn: services.settings: main/fingerprinting-protection-overrides Signature verified failed. Retry from scratch
console.error: services.settings: 
  main/fingerprinting-protection-overrides Signature failed again InvalidSignatureError: Invalid content signature (main/fingerprinting-protection-overrides) using 'remote-settings.content-signature.mozilla.org-2025-09-08-21-33-59.chain'
console.error: services.settings: 
  Message: InvalidSignatureError: Invalid content signature (main/fingerprinting-protection-overrides) using 'remote-settings.content-signature.mozilla.org-2025-09-08-21-33-59.chain'
  Stack:
    InvalidSignatureError@resource://services-settings/RemoteSettingsClient.sys.mjs:165:5
_validateCollectionSignature@resource://services-settings/RemoteSettingsClient.sys.mjs:1021:13

console.error: services.settings: 
  main/translations-wasm Signature failed  InvalidSignatureError: Invalid content signature (main/translations-wasm) using 'remote-settings.content-signature.mozilla.org-2025-09-08-21-33-59.chain'
console.error: services.settings: 
  main/translations-wasm local data was corrupted
console.warn: services.settings: main/translations-wasm Signature verified failed. Retry from scratch
console.error: services.settings: 
  main/translations-wasm Signature failed again InvalidSignatureError: Invalid content signature (main/translations-wasm) using 'remote-settings.content-signature.mozilla.org-2025-09-08-21-33-59.chain'
console.error: services.settings: 
  Message: InvalidSignatureError: Invalid content signature (main/translations-wasm) using 'remote-settings.content-signature.mozilla.org-2025-09-08-21-33-59.chain'
  Stack:
    InvalidSignatureError@resource://services-settings/RemoteSettingsClient.sys.mjs:165:5
_validateCollectionSignature@resource://services-settings/RemoteSettingsClient.sys.mjs:1021:13

console.error: services.settings: 
  main/partitioning-exempt-urls Signature failed  InvalidSignatureError: Invalid content signature (main/partitioning-exempt-urls) using 'remote-settings.content-signature.mozilla.org-2025-09-08-21-33-59.chain'
console.error: services.settings: 
  main/partitioning-exempt-urls local data was corrupted
console.warn: services.settings: main/partitioning-exempt-urls Signature verified failed. Retry from scratch
console.error: services.settings: 
  main/partitioning-exempt-urls Signature failed again InvalidSignatureError: Invalid content signature (main/partitioning-exempt-urls) using 'remote-settings.content-signature.mozilla.org-2025-09-08-21-33-59.chain'
console.error: services.settings: 
  Message: InvalidSignatureError: Invalid content signature (main/partitioning-exempt-urls) using 'remote-settings.content-signature.mozilla.org-2025-09-08-21-33-59.chain'
  Stack:
    InvalidSignatureError@resource://services-settings/RemoteSettingsClient.sys.mjs:165:5
_validateCollectionSignature@resource://services-settings/RemoteSettingsClient.sys.mjs:1021:13

console.error: services.settings: 
  blocklists/gfx Signature failed  InvalidSignatureError: Invalid content signature (blocklists/gfx) using 'remote-settings.content-signature.mozilla.org-2025-09-08-21-33-59.chain'
console.error: services.settings: 
  blocklists/gfx local data was corrupted
console.warn: services.settings: blocklists/gfx Signature verified failed. Retry from scratch
console.error: services.settings: 
  blocklists/gfx Signature failed again InvalidSignatureError: Invalid content signature (blocklists/gfx) using 'remote-settings.content-signature.mozilla.org-2025-09-08-21-33-59.chain'
console.error: services.settings: 
  Message: InvalidSignatureError: Invalid content signature (blocklists/gfx) using 'remote-settings.content-signature.mozilla.org-2025-09-08-21-33-59.chain'
  Stack:
    InvalidSignatureError@resource://services-settings/RemoteSettingsClient.sys.mjs:165:5
_validateCollectionSignature@resource://services-settings/RemoteSettingsClient.sys.mjs:1021:13

console.error: services.settings: 
  main/search-config-icons Signature failed  InvalidSignatureError: Invalid content signature (main/search-config-icons) using 'remote-settings.content-signature.mozilla.org-2025-09-08-21-33-59.chain'
console.error: services.settings: 
  main/search-config-icons local data was corrupted
console.warn: services.settings: main/search-config-icons Signature verified failed. Retry from scratch
console.error: services.settings: 
  main/search-config-icons Signature failed again InvalidSignatureError: Invalid content signature (main/search-config-icons) using 'remote-settings.content-signature.mozilla.org-2025-09-08-21-33-59.chain'
console.error: services.settings: 
  Message: InvalidSignatureError: Invalid content signature (main/search-config-icons) using 'remote-settings.content-signature.mozilla.org-2025-09-08-21-33-59.chain'
  Stack:
    InvalidSignatureError@resource://services-settings/RemoteSettingsClient.sys.mjs:165:5
_validateCollectionSignature@resource://services-settings/RemoteSettingsClient.sys.mjs:1021:13

console.error: services.settings: 
  main/search-default-override-allowlist Signature failed  InvalidSignatureError: Invalid content signature (main/search-default-override-allowlist) using 'remote-settings.content-signature.mozilla.org-2025-09-08-21-33-59.chain'
console.error: services.settings: 
  main/search-default-override-allowlist local data was corrupted
console.warn: services.settings: main/search-default-override-allowlist Signature verified failed. Retry from scratch
console.error: services.settings: 
  main/search-default-override-allowlist Signature failed again InvalidSignatureError: Invalid content signature (main/search-default-override-allowlist) using 'remote-settings.content-signature.mozilla.org-2025-09-08-21-33-59.chain'
console.error: services.settings: 
  Message: InvalidSignatureError: Invalid content signature (main/search-default-override-allowlist) using 'remote-settings.content-signature.mozilla.org-2025-09-08-21-33-59.chain'
  Stack:
    InvalidSignatureError@resource://services-settings/RemoteSettingsClient.sys.mjs:165:5
_validateCollectionSignature@resource://services-settings/RemoteSettingsClient.sys.mjs:1021:13

console.error: services.settings: 
  main/top-sites Signature failed  InvalidSignatureError: Invalid content signature (main/top-sites) using 'remote-settings.content-signature.mozilla.org-2025-09-08-21-33-59.chain'
console.error: services.settings: 
  main/top-sites local data was corrupted
console.warn: services.settings: main/top-sites Signature verified failed. Retry from scratch
console.error: services.settings: 
  main/top-sites Signature failed again InvalidSignatureError: Invalid content signature (main/top-sites) using 'remote-settings.content-signature.mozilla.org-2025-09-08-21-33-59.chain'
console.error: services.settings: 
  Message: InvalidSignatureError: Invalid content signature (main/top-sites) using 'remote-settings.content-signature.mozilla.org-2025-09-08-21-33-59.chain'
  Stack:
    InvalidSignatureError@resource://services-settings/RemoteSettingsClient.sys.mjs:165:5
_validateCollectionSignature@resource://services-settings/RemoteSettingsClient.sys.mjs:1021:13

console.error: services.settings: 
  main/password-rules Signature failed  InvalidSignatureError: Invalid content signature (main/password-rules) using 'remote-settings.content-signature.mozilla.org-2025-09-08-21-33-59.chain'
console.error: services.settings: 
  main/password-rules local data was corrupted
console.warn: services.settings: main/password-rules Signature verified failed. Retry from scratch
console.error: services.settings: 
  main/password-rules Signature failed again InvalidSignatureError: Invalid content signature (main/password-rules) using 'remote-settings.content-signature.mozilla.org-2025-09-08-21-33-59.chain'
console.error: services.settings: 
  Message: InvalidSignatureError: Invalid content signature (main/password-rules) using 'remote-settings.content-signature.mozilla.org-2025-09-08-21-33-59.chain'
  Stack:
    InvalidSignatureError@resource://services-settings/RemoteSettingsClient.sys.mjs:165:5
_validateCollectionSignature@resource://services-settings/RemoteSettingsClient.sys.mjs:1021:13

console.error: services.settings: 
  main/url-classifier-skip-urls Signature failed  InvalidSignatureError: Invalid content signature (main/url-classifier-skip-urls) using 'remote-settings.content-signature.mozilla.org-2025-09-08-21-33-59.chain'
console.error: services.settings: 
  main/url-classifier-skip-urls local data was corrupted
console.warn: services.settings: main/url-classifier-skip-urls Signature verified failed. Retry from scratch
console.error: services.settings: 
  main/url-classifier-skip-urls Signature failed again InvalidSignatureError: Invalid content signature (main/url-classifier-skip-urls) using 'remote-settings.content-signature.mozilla.org-2025-09-08-21-33-59.chain'
console.error: services.settings: 
  Message: InvalidSignatureError: Invalid content signature (main/url-classifier-skip-urls) using 'remote-settings.content-signature.mozilla.org-2025-09-08-21-33-59.chain'
  Stack:
    InvalidSignatureError@resource://services-settings/RemoteSettingsClient.sys.mjs:165:5
_validateCollectionSignature@resource://services-settings/RemoteSettingsClient.sys.mjs:1021:13

console.error: services.settings: 
  main/websites-with-shared-credential-backends Signature failed  InvalidSignatureError: Invalid content signature (main/websites-with-shared-credential-backends) using 'remote-settings.content-signature.mozilla.org-2025-09-08-21-33-59.chain'
console.error: services.settings: 
  main/websites-with-shared-credential-backends local data was corrupted
console.warn: services.settings: main/websites-with-shared-credential-backends Signature verified failed. Retry from scratch
console.error: services.settings: 
  main/websites-with-shared-credential-backends Signature failed again InvalidSignatureError: Invalid content signature (main/websites-with-shared-credential-backends) using 'remote-settings.content-signature.mozilla.org-2025-09-08-21-33-59.chain'
console.error: services.settings: 
  Message: InvalidSignatureError: Invalid content signature (main/websites-with-shared-credential-backends) using 'remote-settings.content-signature.mozilla.org-2025-09-08-21-33-59.chain'
  Stack:
    InvalidSignatureError@resource://services-settings/RemoteSettingsClient.sys.mjs:165:5
_validateCollectionSignature@resource://services-settings/RemoteSettingsClient.sys.mjs:1021:13

console.error: services.settings: 
  main/normandy-recipes-capabilities Signature failed  InvalidSignatureError: Invalid content signature (main/normandy-recipes-capabilities) using 'remote-settings.content-signature.mozilla.org-2025-09-08-21-33-59.chain'
console.error: services.settings: 
  main/normandy-recipes-capabilities local data was corrupted
console.warn: services.settings: main/normandy-recipes-capabilities Signature verified failed. Retry from scratch
console.error: services.settings: 
  main/normandy-recipes-capabilities Signature failed again InvalidSignatureError: Invalid content signature (main/normandy-recipes-capabilities) using 'remote-settings.content-signature.mozilla.org-2025-09-08-21-33-59.chain'
console.error: services.settings: 
  Message: InvalidSignatureError: Invalid content signature (main/normandy-recipes-capabilities) using 'remote-settings.content-signature.mozilla.org-2025-09-08-21-33-59.chain'
  Stack:
    InvalidSignatureError@resource://services-settings/RemoteSettingsClient.sys.mjs:165:5
_validateCollectionSignature@resource://services-settings/RemoteSettingsClient.sys.mjs:1021:13

console.error: services.settings: 
  main/cookie-banner-rules-list Signature failed  InvalidSignatureError: Invalid content signature (main/cookie-banner-rules-list) using 'remote-settings.content-signature.mozilla.org-2025-09-08-21-33-59.chain'
console.error: services.settings: 
  main/cookie-banner-rules-list local data was corrupted
console.warn: services.settings: main/cookie-banner-rules-list Signature verified failed. Retry from scratch
console.error: services.settings: 
  main/cookie-banner-rules-list Signature failed again InvalidSignatureError: Invalid content signature (main/cookie-banner-rules-list) using 'remote-settings.content-signature.mozilla.org-2025-09-08-21-33-59.chain'
console.error: services.settings: 
  Message: InvalidSignatureError: Invalid content signature (main/cookie-banner-rules-list) using 'remote-settings.content-signature.mozilla.org-2025-09-08-21-33-59.chain'
  Stack:
    InvalidSignatureError@resource://services-settings/RemoteSettingsClient.sys.mjs:165:5
_validateCollectionSignature@resource://services-settings/RemoteSettingsClient.sys.mjs:1021:13

console.warn: services.settings: main/search-config Signature verified failed. Retry from scratch
console.error: services.settings: 
  main/search-config Signature failed again InvalidSignatureError: Invalid content signature (main/search-config) using 'remote-settings.content-signature.mozilla.org-2025-09-08-21-33-59.chain'
console.error: services.settings: 
  Message: InvalidSignatureError: Invalid content signature (main/search-config) using 'remote-settings.content-signature.mozilla.org-2025-09-08-21-33-59.chain'
  Stack:
    InvalidSignatureError@resource://services-settings/RemoteSettingsClient.sys.mjs:165:5
_validateCollectionSignature@resource://services-settings/RemoteSettingsClient.sys.mjs:1021:13

console.warn: services.settings: main/search-config-overrides Signature verified failed. Retry from scratch
console.error: services.settings: 
  main/search-config-overrides Signature failed again InvalidSignatureError: Invalid content signature (main/search-config-overrides) using 'remote-settings.content-signature.mozilla.org-2025-09-08-21-33-59.chain'
console.error: services.settings: 
  Message: InvalidSignatureError: Invalid content signature (main/search-config-overrides) using 'remote-settings.content-signature.mozilla.org-2025-09-08-21-33-59.chain'
  Stack:
    InvalidSignatureError@resource://services-settings/RemoteSettingsClient.sys.mjs:165:5
_validateCollectionSignature@resource://services-settings/RemoteSettingsClient.sys.mjs:1021:13

console.error: services.settings: 
  main/query-stripping Signature failed  InvalidSignatureError: Invalid content signature (main/query-stripping) using 'remote-settings.content-signature.mozilla.org-2025-09-08-21-33-59.chain'
console.error: services.settings: 
  main/query-stripping local data was corrupted
console.warn: services.settings: main/query-stripping Signature verified failed. Retry from scratch
console.error: services.settings: 
  main/query-stripping Signature failed again InvalidSignatureError: Invalid content signature (main/query-stripping) using 'remote-settings.content-signature.mozilla.org-2025-09-08-21-33-59.chain'
console.error: services.settings: 
  Message: InvalidSignatureError: Invalid content signature (main/query-stripping) using 'remote-settings.content-signature.mozilla.org-2025-09-08-21-33-59.chain'
  Stack:
    InvalidSignatureError@resource://services-settings/RemoteSettingsClient.sys.mjs:165:5
_validateCollectionSignature@resource://services-settings/RemoteSettingsClient.sys.mjs:1021:13

console.error: services.settings: 
  main/addons-manager-settings Signature failed  InvalidSignatureError: Invalid content signature (main/addons-manager-settings) using 'remote-settings.content-signature.mozilla.org-2025-09-08-21-33-59.chain'
console.error: services.settings: 
  main/addons-manager-settings local data was corrupted
console.warn: services.settings: main/addons-manager-settings Signature verified failed. Retry from scratch
console.error: services.settings: 
  main/addons-manager-settings Signature failed again InvalidSignatureError: Invalid content signature (main/addons-manager-settings) using 'remote-settings.content-signature.mozilla.org-2025-09-08-21-33-59.chain'
console.error: services.settings: 
  Message: InvalidSignatureError: Invalid content signature (main/addons-manager-settings) using 'remote-settings.content-signature.mozilla.org-2025-09-08-21-33-59.chain'
  Stack:
    InvalidSignatureError@resource://services-settings/RemoteSettingsClient.sys.mjs:165:5
_validateCollectionSignature@resource://services-settings/RemoteSettingsClient.sys.mjs:1021:13

console.error: services.settings: 
  main/doh-providers Signature failed  InvalidSignatureError: Invalid content signature (main/doh-providers) using 'remote-settings.content-signature.mozilla.org-2025-09-08-21-33-59.chain'
console.error: services.settings: 
  main/doh-providers local data was corrupted
console.warn: services.settings: main/doh-providers Signature verified failed. Retry from scratch
console.error: services.settings: 
  main/doh-providers Signature failed again InvalidSignatureError: Invalid content signature (main/doh-providers) using 'remote-settings.content-signature.mozilla.org-2025-09-08-21-33-59.chain'
console.error: services.settings: 
  Message: InvalidSignatureError: Invalid content signature (main/doh-providers) using 'remote-settings.content-signature.mozilla.org-2025-09-08-21-33-59.chain'
  Stack:
    InvalidSignatureError@resource://services-settings/RemoteSettingsClient.sys.mjs:165:5
_validateCollectionSignature@resource://services-settings/RemoteSettingsClient.sys.mjs:1021:13

console.error: services.settings: 
  main/pioneer-study-addons-v1 Signature failed  InvalidSignatureError: Invalid content signature (main/pioneer-study-addons-v1) using 'remote-settings.content-signature.mozilla.org-2025-09-08-21-33-59.chain'
console.error: services.settings: 
  main/pioneer-study-addons-v1 local data was corrupted
console.warn: services.settings: main/pioneer-study-addons-v1 Signature verified failed. Retry from scratch
console.error: services.settings: 
  main/pioneer-study-addons-v1 Signature failed again InvalidSignatureError: Invalid content signature (main/pioneer-study-addons-v1) using 'remote-settings.content-signature.mozilla.org-2025-09-08-21-33-59.chain'
console.error: services.settings: 
  Message: InvalidSignatureError: Invalid content signature (main/pioneer-study-addons-v1) using 'remote-settings.content-signature.mozilla.org-2025-09-08-21-33-59.chain'
  Stack:
    InvalidSignatureError@resource://services-settings/RemoteSettingsClient.sys.mjs:165:5
_validateCollectionSignature@resource://services-settings/RemoteSettingsClient.sys.mjs:1021:13

console.warn: services.settings: main/hijack-blocklists Signature verified failed. Retry from scratch
console.error: services.settings: 
  main/hijack-blocklists Signature failed again InvalidSignatureError: Invalid content signature (main/hijack-blocklists) using 'remote-settings.content-signature.mozilla.org-2025-09-08-21-33-59.chain'
console.error: services.settings: 
  Message: InvalidSignatureError: Invalid content signature (main/hijack-blocklists) using 'remote-settings.content-signature.mozilla.org-2025-09-08-21-33-59.chain'
  Stack:
    InvalidSignatureError@resource://services-settings/RemoteSettingsClient.sys.mjs:165:5
_validateCollectionSignature@resource://services-settings/RemoteSettingsClient.sys.mjs:1021:13

console.warn: services.settings: main/anti-tracking-url-decoration Signature verified failed. Retry from scratch
console.error: services.settings: 
  main/anti-tracking-url-decoration Signature failed again InvalidSignatureError: Invalid content signature (main/anti-tracking-url-decoration) using 'remote-settings.content-signature.mozilla.org-2025-09-08-21-33-59.chain'
console.error: services.settings: 
  Message: InvalidSignatureError: Invalid content signature (main/anti-tracking-url-decoration) using 'remote-settings.content-signature.mozilla.org-2025-09-08-21-33-59.chain'
  Stack:
    InvalidSignatureError@resource://services-settings/RemoteSettingsClient.sys.mjs:165:5
_validateCollectionSignature@resource://services-settings/RemoteSettingsClient.sys.mjs:1021:13

console.error: (new InvalidSignatureError("Invalid content signature (blocklists/addons-bloomfilters) using 'remote-settings.content-signature.mozilla.org-2025-09-08-21-33-59.chain'", "resource://services-settings/RemoteSettingsClient.sys.mjs", 165))
console.warn: LoginRecipes: "Falling back to a synchronous message for: https://accounts.google.com."
JavaScript warning: https://accounts.google.com/v3/signin/identifier?authuser=0&continue=https%3A%2F%2Fcolab.research.google.com%2Fdrive%2F1SYoYLAALYgvNVwPRAYxsJBKK_6aTHjNc&hl=en&ifkv=AdBytiMJIxZvtUD2HVJ4u0RaHV8tJPUwqJOCRmrZAbKDQdpAT0w1Gdn2lTGpq4IYULgmGjPBmVNcNA&flowName=GlifWebSignIn&flowEntry=ServiceLogin&dsh=S-685014669%3A1753948372524404 line 1275 > injectedScript, line 1898: unreachable code after return statement
JavaScript warning: https://accounts.google.com/v3/signin/identifier?authuser=0&continue=https%3A%2F%2Fcolab.research.google.com%2Fdrive%2F1SYoYLAALYgvNVwPRAYxsJBKK_6aTHjNc&hl=en&ifkv=AdBytiMJIxZvtUD2HVJ4u0RaHV8tJPUwqJOCRmrZAbKDQdpAT0w1Gdn2lTGpq4IYULgmGjPBmVNcNA&flowName=GlifWebSignIn&flowEntry=ServiceLogin&dsh=S-685014669%3A1753948372524404 line 1275 > injectedScript, line 1898: unreachable code after return statement
JavaScript warning: https://accounts.google.com/v3/signin/identifier?authuser=0&continue=https%3A%2F%2Fcolab.research.google.com%2Fdrive%2F1SYoYLAALYgvNVwPRAYxsJBKK_6aTHjNc&hl=en&ifkv=AdBytiMJIxZvtUD2HVJ4u0RaHV8tJPUwqJOCRmrZAbKDQdpAT0w1Gdn2lTGpq4IYULgmGjPBmVNcNA&flowName=GlifWebSignIn&flowEntry=ServiceLogin&dsh=S-685014669%3A1753948372524404 line 1275 > injectedScript, line 1898: unreachable code after return statement
JavaScript warning: https://accounts.google.com/v3/signin/identifier?authuser=0&continue=https%3A%2F%2Fcolab.research.google.com%2Fdrive%2F1SYoYLAALYgvNVwPRAYxsJBKK_6aTHjNc&hl=en&ifkv=AdBytiMJIxZvtUD2HVJ4u0RaHV8tJPUwqJOCRmrZAbKDQdpAT0w1Gdn2lTGpq4IYULgmGjPBmVNcNA&flowName=GlifWebSignIn&flowEntry=ServiceLogin&dsh=S-685014669%3A1753948372524404 line 1275 > injectedScript line 2 > eval, line 1898: unreachable code after return statement
JavaScript warning: https://accounts.google.com/v3/signin/identifier?authuser=0&continue=https%3A%2F%2Fcolab.research.google.com%2Fdrive%2F1SYoYLAALYgvNVwPRAYxsJBKK_6aTHjNc&hl=en&ifkv=AdBytiMJIxZvtUD2HVJ4u0RaHV8tJPUwqJOCRmrZAbKDQdpAT0w1Gdn2lTGpq4IYULgmGjPBmVNcNA&flowName=GlifWebSignIn&flowEntry=ServiceLogin&dsh=S-685014669%3A1753948372524404 line 1275 > injectedScript line 2 > eval, line 1898: unreachable code after return statement
JavaScript warning: https://accounts.google.com/v3/signin/identifier?authuser=0&continue=https%3A%2F%2Fcolab.research.google.com%2Fdrive%2F1SYoYLAALYgvNVwPRAYxsJBKK_6aTHjNc&hl=en&ifkv=AdBytiMJIxZvtUD2HVJ4u0RaHV8tJPUwqJOCRmrZAbKDQdpAT0w1Gdn2lTGpq4IYULgmGjPBmVNcNA&flowName=GlifWebSignIn&flowEntry=ServiceLogin&dsh=S-685014669%3A1753948372524404 line 1275 > injectedScript line 2 > eval, line 1898: unreachable code after return statement
JavaScript warning: https://accounts.google.com/v3/signin/identifier?authuser=0&continue=https%3A%2F%2Fcolab.research.google.com%2Fdrive%2F1SYoYLAALYgvNVwPRAYxsJBKK_6aTHjNc&hl=en&ifkv=AdBytiMJIxZvtUD2HVJ4u0RaHV8tJPUwqJOCRmrZAbKDQdpAT0w1Gdn2lTGpq4IYULgmGjPBmVNcNA&flowName=GlifWebSignIn&flowEntry=ServiceLogin&dsh=S-685014669%3A1753948372524404 line 1275 > injectedScript line 2 > eval line 1898 > eval, line 1: unreachable code after return statement
JavaScript warning: https://accounts.google.com/v3/signin/identifier?authuser=0&continue=https%3A%2F%2Fcolab.research.google.com%2Fdrive%2F1SYoYLAALYgvNVwPRAYxsJBKK_6aTHjNc&hl=en&ifkv=AdBytiMJIxZvtUD2HVJ4u0RaHV8tJPUwqJOCRmrZAbKDQdpAT0w1Gdn2lTGpq4IYULgmGjPBmVNcNA&flowName=GlifWebSignIn&flowEntry=ServiceLogin&dsh=S-685014669%3A1753948372524404 line 1275 > injectedScript line 2 > eval line 1898 > eval line 1 > eval, line 1: unreachable code after return statement
JavaScript warning: https://accounts.google.com/v3/signin/identifier?authuser=0&continue=https%3A%2F%2Fcolab.research.google.com%2Fdrive%2F1SYoYLAALYgvNVwPRAYxsJBKK_6aTHjNc&hl=en&ifkv=AdBytiMJIxZvtUD2HVJ4u0RaHV8tJPUwqJOCRmrZAbKDQdpAT0w1Gdn2lTGpq4IYULgmGjPBmVNcNA&flowName=GlifWebSignIn&flowEntry=ServiceLogin&dsh=S-685014669%3A1753948372524404 line 1275 > injectedScript line 2 > eval line 1898 > eval, line 1: unreachable code after return statement
JavaScript warning: https://accounts.google.com/v3/signin/identifier?authuser=0&continue=https%3A%2F%2Fcolab.research.google.com%2Fdrive%2F1SYoYLAALYgvNVwPRAYxsJBKK_6aTHjNc&hl=en&ifkv=AdBytiMJIxZvtUD2HVJ4u0RaHV8tJPUwqJOCRmrZAbKDQdpAT0w1Gdn2lTGpq4IYULgmGjPBmVNcNA&flowName=GlifWebSignIn&flowEntry=ServiceLogin&dsh=S-685014669%3A1753948372524404 line 1275 > injectedScript line 2 > eval line 1898 > eval line 1 > eval, line 1: unreachable code after return statement
JavaScript warning: https://accounts.google.com/v3/signin/identifier?authuser=0&continue=https%3A%2F%2Fcolab.research.google.com%2Fdrive%2F1SYoYLAALYgvNVwPRAYxsJBKK_6aTHjNc&hl=en&ifkv=AdBytiMJIxZvtUD2HVJ4u0RaHV8tJPUwqJOCRmrZAbKDQdpAT0w1Gdn2lTGpq4IYULgmGjPBmVNcNA&flowName=GlifWebSignIn&flowEntry=ServiceLogin&dsh=S-685014669%3A1753948372524404 line 1275 > injectedScript line 2 > eval line 1898 > eval line 1 > eval, line 1: unreachable code after return statement
JavaScript warning: https://accounts.google.com/v3/signin/identifier?authuser=0&continue=https%3A%2F%2Fcolab.research.google.com%2Fdrive%2F1SYoYLAALYgvNVwPRAYxsJBKK_6aTHjNc&hl=en&ifkv=AdBytiMJIxZvtUD2HVJ4u0RaHV8tJPUwqJOCRmrZAbKDQdpAT0w1Gdn2lTGpq4IYULgmGjPBmVNcNA&flowName=GlifWebSignIn&flowEntry=ServiceLogin&dsh=S-685014669%3A1753948372524404 line 1275 > injectedScript line 2 > eval line 1898 > eval line 1 > eval, line 1: unreachable code after return statement
JavaScript warning: https://accounts.google.com/v3/signin/identifier?authuser=0&continue=https%3A%2F%2Fcolab.research.google.com%2Fdrive%2F1SYoYLAALYgvNVwPRAYxsJBKK_6aTHjNc&hl=en&ifkv=AdBytiMJIxZvtUD2HVJ4u0RaHV8tJPUwqJOCRmrZAbKDQdpAT0w1Gdn2lTGpq4IYULgmGjPBmVNcNA&flowName=GlifWebSignIn&flowEntry=ServiceLogin&dsh=S-685014669%3A1753948372524404 line 1275 > injectedScript line 2 > eval line 1898 > eval line 1 > eval line 1 > eval, line 1: unreachable code after return statement
JavaScript warning: https://accounts.google.com/v3/signin/identifier?authuser=0&continue=https%3A%2F%2Fcolab.research.google.com%2Fdrive%2F1SYoYLAALYgvNVwPRAYxsJBKK_6aTHjNc&hl=en&ifkv=AdBytiMJIxZvtUD2HVJ4u0RaHV8tJPUwqJOCRmrZAbKDQdpAT0w1Gdn2lTGpq4IYULgmGjPBmVNcNA&flowName=GlifWebSignIn&flowEntry=ServiceLogin&dsh=S-685014669%3A1753948372524404 line 1275 > injectedScript line 2 > eval line 1898 > eval line 1 > eval line 1 > eval, line 1: unreachable code after return statement
JavaScript warning: https://accounts.google.com/v3/signin/identifier?authuser=0&continue=https%3A%2F%2Fcolab.research.google.com%2Fdrive%2F1SYoYLAALYgvNVwPRAYxsJBKK_6aTHjNc&hl=en&ifkv=AdBytiMJIxZvtUD2HVJ4u0RaHV8tJPUwqJOCRmrZAbKDQdpAT0w1Gdn2lTGpq4IYULgmGjPBmVNcNA&flowName=GlifWebSignIn&flowEntry=ServiceLogin&dsh=S-685014669%3A1753948372524404 line 1275 > injectedScript, line 2652: unreachable code after return statement
JavaScript warning: https://accounts.google.com/v3/signin/identifier?authuser=0&continue=https%3A%2F%2Fcolab.research.google.com%2Fdrive%2F1SYoYLAALYgvNVwPRAYxsJBKK_6aTHjNc&hl=en&ifkv=AdBytiMJIxZvtUD2HVJ4u0RaHV8tJPUwqJOCRmrZAbKDQdpAT0w1Gdn2lTGpq4IYULgmGjPBmVNcNA&flowName=GlifWebSignIn&flowEntry=ServiceLogin&dsh=S-685014669%3A1753948372524404 line 1275 > injectedScript, line 2652: unreachable code after return statement
JavaScript warning: https://accounts.google.com/v3/signin/identifier?authuser=0&continue=https%3A%2F%2Fcolab.research.google.com%2Fdrive%2F1SYoYLAALYgvNVwPRAYxsJBKK_6aTHjNc&hl=en&ifkv=AdBytiMJIxZvtUD2HVJ4u0RaHV8tJPUwqJOCRmrZAbKDQdpAT0w1Gdn2lTGpq4IYULgmGjPBmVNcNA&flowName=GlifWebSignIn&flowEntry=ServiceLogin&dsh=S-685014669%3A1753948372524404 line 1275 > injectedScript, line 2652: unreachable code after return statement
JavaScript warning: https://accounts.google.com/v3/signin/identifier?authuser=0&continue=https%3A%2F%2Fcolab.research.google.com%2Fdrive%2F1SYoYLAALYgvNVwPRAYxsJBKK_6aTHjNc&hl=en&ifkv=AdBytiMJIxZvtUD2HVJ4u0RaHV8tJPUwqJOCRmrZAbKDQdpAT0w1Gdn2lTGpq4IYULgmGjPBmVNcNA&flowName=GlifWebSignIn&flowEntry=ServiceLogin&dsh=S-685014669%3A1753948372524404 line 1275 > injectedScript line 2 > eval, line 2652: unreachable code after return statement
JavaScript warning: https://accounts.google.com/v3/signin/identifier?authuser=0&continue=https%3A%2F%2Fcolab.research.google.com%2Fdrive%2F1SYoYLAALYgvNVwPRAYxsJBKK_6aTHjNc&hl=en&ifkv=AdBytiMJIxZvtUD2HVJ4u0RaHV8tJPUwqJOCRmrZAbKDQdpAT0w1Gdn2lTGpq4IYULgmGjPBmVNcNA&flowName=GlifWebSignIn&flowEntry=ServiceLogin&dsh=S-685014669%3A1753948372524404 line 1275 > injectedScript line 2 > eval, line 2652: unreachable code after return statement
JavaScript warning: https://accounts.google.com/v3/signin/identifier?authuser=0&continue=https%3A%2F%2Fcolab.research.google.com%2Fdrive%2F1SYoYLAALYgvNVwPRAYxsJBKK_6aTHjNc&hl=en&ifkv=AdBytiMJIxZvtUD2HVJ4u0RaHV8tJPUwqJOCRmrZAbKDQdpAT0w1Gdn2lTGpq4IYULgmGjPBmVNcNA&flowName=GlifWebSignIn&flowEntry=ServiceLogin&dsh=S-685014669%3A1753948372524404 line 1275 > injectedScript line 2 > eval, line 2652: unreachable code after return statement
JavaScript warning: https://accounts.google.com/v3/signin/identifier?authuser=0&continue=https%3A%2F%2Fcolab.research.google.com%2Fdrive%2F1SYoYLAALYgvNVwPRAYxsJBKK_6aTHjNc&hl=en&ifkv=AdBytiMJIxZvtUD2HVJ4u0RaHV8tJPUwqJOCRmrZAbKDQdpAT0w1Gdn2lTGpq4IYULgmGjPBmVNcNA&flowName=GlifWebSignIn&flowEntry=ServiceLogin&dsh=S-685014669%3A1753948372524404 line 1275 > injectedScript line 2 > eval line 2652 > eval, line 1: unreachable code after return statement
JavaScript warning: https://accounts.google.com/v3/signin/identifier?authuser=0&continue=https%3A%2F%2Fcolab.research.google.com%2Fdrive%2F1SYoYLAALYgvNVwPRAYxsJBKK_6aTHjNc&hl=en&ifkv=AdBytiMJIxZvtUD2HVJ4u0RaHV8tJPUwqJOCRmrZAbKDQdpAT0w1Gdn2lTGpq4IYULgmGjPBmVNcNA&flowName=GlifWebSignIn&flowEntry=ServiceLogin&dsh=S-685014669%3A1753948372524404 line 1275 > injectedScript line 2 > eval line 2652 > eval line 1 > eval, line 1: unreachable code after return statement
JavaScript warning: https://accounts.google.com/v3/signin/identifier?authuser=0&continue=https%3A%2F%2Fcolab.research.google.com%2Fdrive%2F1SYoYLAALYgvNVwPRAYxsJBKK_6aTHjNc&hl=en&ifkv=AdBytiMJIxZvtUD2HVJ4u0RaHV8tJPUwqJOCRmrZAbKDQdpAT0w1Gdn2lTGpq4IYULgmGjPBmVNcNA&flowName=GlifWebSignIn&flowEntry=ServiceLogin&dsh=S-685014669%3A1753948372524404 line 1275 > injectedScript line 2 > eval line 2652 > eval, line 1: unreachable code after return statement
JavaScript warning: https://accounts.google.com/v3/signin/identifier?authuser=0&continue=https%3A%2F%2Fcolab.research.google.com%2Fdrive%2F1SYoYLAALYgvNVwPRAYxsJBKK_6aTHjNc&hl=en&ifkv=AdBytiMJIxZvtUD2HVJ4u0RaHV8tJPUwqJOCRmrZAbKDQdpAT0w1Gdn2lTGpq4IYULgmGjPBmVNcNA&flowName=GlifWebSignIn&flowEntry=ServiceLogin&dsh=S-685014669%3A1753948372524404 line 1275 > injectedScript line 2 > eval line 2652 > eval line 1 > eval, line 1: unreachable code after return statement
JavaScript warning: https://accounts.google.com/v3/signin/identifier?authuser=0&continue=https%3A%2F%2Fcolab.research.google.com%2Fdrive%2F1SYoYLAALYgvNVwPRAYxsJBKK_6aTHjNc&hl=en&ifkv=AdBytiMJIxZvtUD2HVJ4u0RaHV8tJPUwqJOCRmrZAbKDQdpAT0w1Gdn2lTGpq4IYULgmGjPBmVNcNA&flowName=GlifWebSignIn&flowEntry=ServiceLogin&dsh=S-685014669%3A1753948372524404 line 1275 > injectedScript line 2 > eval line 2652 > eval line 1 > eval, line 1: unreachable code after return statement
JavaScript warning: https://accounts.google.com/v3/signin/identifier?authuser=0&continue=https%3A%2F%2Fcolab.research.google.com%2Fdrive%2F1SYoYLAALYgvNVwPRAYxsJBKK_6aTHjNc&hl=en&ifkv=AdBytiMJIxZvtUD2HVJ4u0RaHV8tJPUwqJOCRmrZAbKDQdpAT0w1Gdn2lTGpq4IYULgmGjPBmVNcNA&flowName=GlifWebSignIn&flowEntry=ServiceLogin&dsh=S-685014669%3A1753948372524404 line 1275 > injectedScript line 2 > eval line 2652 > eval line 1 > eval, line 1: unreachable code after return statement
JavaScript warning: https://accounts.google.com/v3/signin/identifier?authuser=0&continue=https%3A%2F%2Fcolab.research.google.com%2Fdrive%2F1SYoYLAALYgvNVwPRAYxsJBKK_6aTHjNc&hl=en&ifkv=AdBytiMJIxZvtUD2HVJ4u0RaHV8tJPUwqJOCRmrZAbKDQdpAT0w1Gdn2lTGpq4IYULgmGjPBmVNcNA&flowName=GlifWebSignIn&flowEntry=ServiceLogin&dsh=S-685014669%3A1753948372524404 line 1275 > injectedScript line 2 > eval line 2652 > eval line 1 > eval line 1 > eval, line 1: unreachable code after return statement
JavaScript warning: https://accounts.google.com/v3/signin/identifier?authuser=0&continue=https%3A%2F%2Fcolab.research.google.com%2Fdrive%2F1SYoYLAALYgvNVwPRAYxsJBKK_6aTHjNc&hl=en&ifkv=AdBytiMJIxZvtUD2HVJ4u0RaHV8tJPUwqJOCRmrZAbKDQdpAT0w1Gdn2lTGpq4IYULgmGjPBmVNcNA&flowName=GlifWebSignIn&flowEntry=ServiceLogin&dsh=S-685014669%3A1753948372524404 line 1275 > injectedScript line 2 > eval line 2652 > eval line 1 > eval line 1 > eval, line 1: unreachable code after return statement
1753948379925	Marionette	INFO	Stopped listening on port 51905
Dynamically enable window occlusion 1
1753948428945	geckodriver	INFO	Listening on 127.0.0.1:52020
1753948432018	mozrunner::runner	INFO	Running command: "C:\\Program Files\\Mozilla Firefox\\firefox.exe" "--marionette" "--remote-debugging-port" "52021" "--remote-allow-hosts" "localhost" "-no-remote" "-profile" "C:\\Users\\Atomix\\AppData\\Local\\Temp\\rust_mozprofileU2jJPb"
console.warn: services.settings: Ignoring preference override of remote settings server
console.warn: services.settings: Allow by setting MOZ_REMOTE_SETTINGS_DEVTOOLS=1 in the environment
Dynamically enable window occlusion 0
1753948432279	Marionette	INFO	Marionette enabled
1753948432397	Marionette	INFO	Listening on port 52028
WebDriver BiDi listening on ws://127.0.0.1:52021
Read port: 52028
1753948432489	RemoteAgent	WARN	TLS certificate errors will be ignored for this session
console.error: services.settings: 
  main/fingerprinting-protection-overrides Signature failed  InvalidSignatureError: Invalid content signature (main/fingerprinting-protection-overrides) using 'remote-settings.content-signature.mozilla.org-2025-09-08-21-33-59.chain'
console.error: services.settings: 
  main/query-stripping Signature failed  InvalidSignatureError: Invalid content signature (main/query-stripping) using 'remote-settings.content-signature.mozilla.org-2025-09-08-21-33-59.chain'
console.error: services.settings: 
  main/fingerprinting-protection-overrides local data was corrupted
console.warn: services.settings: main/fingerprinting-protection-overrides Signature verified failed. Retry from scratch
console.error: services.settings: 
  main/query-stripping local data was corrupted
console.warn: services.settings: main/query-stripping Signature verified failed. Retry from scratch
console.error: services.settings: 
  main/fingerprinting-protection-overrides Signature failed again InvalidSignatureError: Invalid content signature (main/fingerprinting-protection-overrides) using 'remote-settings.content-signature.mozilla.org-2025-09-08-21-33-59.chain'
console.error: services.settings: 
  main/query-stripping Signature failed again InvalidSignatureError: Invalid content signature (main/query-stripping) using 'remote-settings.content-signature.mozilla.org-2025-09-08-21-33-59.chain'
console.error: (new InvalidSignatureError("Invalid content signature (main/fingerprinting-protection-overrides) using 'remote-settings.content-signature.mozilla.org-2025-09-08-21-33-59.chain'", "resource://services-settings/RemoteSettingsClient.sys.mjs", 165))
console.error: (new InvalidSignatureError("Invalid content signature (main/query-stripping) using 'remote-settings.content-signature.mozilla.org-2025-09-08-21-33-59.chain'", "resource://services-settings/RemoteSettingsClient.sys.mjs", 165))
DevTools listening on ws://127.0.0.1:52021/devtools/browser/50538902-9a2c-4475-93fb-08cb603849f8
console.error: services.settings: 
  main/partitioning-exempt-urls Signature failed  InvalidSignatureError: Invalid content signature (main/partitioning-exempt-urls) using 'remote-settings.content-signature.mozilla.org-2025-09-08-21-33-59.chain'
console.error: services.settings: 
  main/partitioning-exempt-urls local data was corrupted
console.warn: services.settings: main/partitioning-exempt-urls Signature verified failed. Retry from scratch
console.error: services.settings: 
  main/partitioning-exempt-urls Signature failed again InvalidSignatureError: Invalid content signature (main/partitioning-exempt-urls) using 'remote-settings.content-signature.mozilla.org-2025-09-08-21-33-59.chain'
console.error: (new InvalidSignatureError("Invalid content signature (main/partitioning-exempt-urls) using 'remote-settings.content-signature.mozilla.org-2025-09-08-21-33-59.chain'", "resource://services-settings/RemoteSettingsClient.sys.mjs", 165))
JavaScript warning: https://aj211g9rpfp-496ff2e9c6d22116-0-colab.googleusercontent.com/outputframe.html?vrz=colab_20250729-060053_RC00_788359736, line 239: Using //@ to indicate sourceURL pragmas is deprecated. Use //# instead
JavaScript warning: https://7yvzm3ey6io-496ff2e9c6d22116-0-colab.googleusercontent.com/outputframe.html?vrz=colab_20250729-060053_RC00_788359736, line 239: Using //@ to indicate sourceURL pragmas is deprecated. Use //# instead
JavaScript warning: https://www.google.com/js/bg/ewkwPWymqQfuUctaJ1I01ziIEjwrJG28Jgq1eVP0gew.js, line 265: unreachable code after return statement
JavaScript warning: https://www.google.com/js/bg/ewkwPWymqQfuUctaJ1I01ziIEjwrJG28Jgq1eVP0gew.js, line 265: unreachable code after return statement
JavaScript warning: https://www.google.com/js/bg/ewkwPWymqQfuUctaJ1I01ziIEjwrJG28Jgq1eVP0gew.js, line 265: unreachable code after return statement
JavaScript warning: https://www.google.com/js/bg/ewkwPWymqQfuUctaJ1I01ziIEjwrJG28Jgq1eVP0gew.js line 2 > eval, line 265: unreachable code after return statement
JavaScript warning: https://www.google.com/js/bg/ewkwPWymqQfuUctaJ1I01ziIEjwrJG28Jgq1eVP0gew.js line 2 > eval, line 265: unreachable code after return statement
JavaScript warning: https://www.google.com/js/bg/ewkwPWymqQfuUctaJ1I01ziIEjwrJG28Jgq1eVP0gew.js line 2 > eval, line 265: unreachable code after return statement
JavaScript warning: https://www.google.com/js/bg/ewkwPWymqQfuUctaJ1I01ziIEjwrJG28Jgq1eVP0gew.js line 2 > eval, line 1: unreachable code after return statement
JavaScript warning: https://www.google.com/js/bg/ewkwPWymqQfuUctaJ1I01ziIEjwrJG28Jgq1eVP0gew.js line 2 > eval line 265 > eval, line 1: unreachable code after return statement
JavaScript warning: https://www.google.com/js/bg/ewkwPWymqQfuUctaJ1I01ziIEjwrJG28Jgq1eVP0gew.js line 2 > eval, line 1: unreachable code after return statement
JavaScript warning: https://www.google.com/js/bg/ewkwPWymqQfuUctaJ1I01ziIEjwrJG28Jgq1eVP0gew.js line 2 > eval line 265 > eval, line 1: unreachable code after return statement
JavaScript warning: https://www.google.com/js/bg/ewkwPWymqQfuUctaJ1I01ziIEjwrJG28Jgq1eVP0gew.js line 2 > eval line 265 > eval line 1 > eval, line 1: unreachable code after return statement
JavaScript warning: https://www.google.com/js/bg/ewkwPWymqQfuUctaJ1I01ziIEjwrJG28Jgq1eVP0gew.js line 2 > eval line 265 > eval line 1 > eval, line 1: unreachable code after return statement
JavaScript warning: https://www.google.com/js/bg/ewkwPWymqQfuUctaJ1I01ziIEjwrJG28Jgq1eVP0gew.js line 2 > eval line 265 > eval line 1 > eval line 1 > eval, line 1: unreachable code after return statement
JavaScript warning: https://www.google.com/js/bg/ewkwPWymqQfuUctaJ1I01ziIEjwrJG28Jgq1eVP0gew.js line 2 > eval line 265 > eval line 1 > eval line 1 > eval, line 1: unreachable code after return statement
JavaScript warning: https://7yvzm3ey6io-496ff2e9c6d22116-0-colab.googleusercontent.com/outputframe.html?vrz=colab_20250729-060053_RC00_788359736, line 239: Using //@ to indicate sourceURL pragmas is deprecated. Use //# instead
JavaScript warning: https://7yvzm3ey6io-496ff2e9c6d22116-0-colab.googleusercontent.com/outputframe.html?vrz=colab_20250729-060053_RC00_788359736 line 13 > eval, line 972: Using //@ to indicate sourceURL pragmas is deprecated. Use //# instead
JavaScript warning: https://8ocy9na5mr9-496ff2e9c6d22116-0-colab.googleusercontent.com/outputframe.html?vrz=colab_20250729-060053_RC00_788359736, line 239: Using //@ to indicate sourceURL pragmas is deprecated. Use //# instead
JavaScript warning: https://2fp4paf06k-496ff2e9c6d22116-0-colab.googleusercontent.com/outputframe.html?vrz=colab_20250729-060053_RC00_788359736, line 239: Using //@ to indicate sourceURL pragmas is deprecated. Use //# instead
JavaScript warning: https://2fp4paf06k-496ff2e9c6d22116-0-colab.googleusercontent.com/outputframe.html?vrz=colab_20250729-060053_RC00_788359736, line 239: Using //@ to indicate sourceURL pragmas is deprecated. Use //# instead
JavaScript warning: https://www.google.com/js/bg/ewkwPWymqQfuUctaJ1I01ziIEjwrJG28Jgq1eVP0gew.js, line 1246: unreachable code after return statement
JavaScript warning: https://www.google.com/js/bg/ewkwPWymqQfuUctaJ1I01ziIEjwrJG28Jgq1eVP0gew.js, line 1246: unreachable code after return statement
JavaScript warning: https://www.google.com/js/bg/ewkwPWymqQfuUctaJ1I01ziIEjwrJG28Jgq1eVP0gew.js, line 1246: unreachable code after return statement
JavaScript warning: https://www.google.com/js/bg/ewkwPWymqQfuUctaJ1I01ziIEjwrJG28Jgq1eVP0gew.js line 2 > eval, line 1246: unreachable code after return statement
JavaScript warning: https://www.google.com/js/bg/ewkwPWymqQfuUctaJ1I01ziIEjwrJG28Jgq1eVP0gew.js line 2 > eval, line 1246: unreachable code after return statement
JavaScript warning: https://www.google.com/js/bg/ewkwPWymqQfuUctaJ1I01ziIEjwrJG28Jgq1eVP0gew.js line 2 > eval, line 1246: unreachable code after return statement
JavaScript warning: https://www.google.com/js/bg/ewkwPWymqQfuUctaJ1I01ziIEjwrJG28Jgq1eVP0gew.js line 2 > eval line 1246 > eval, line 1: unreachable code after return statement
JavaScript warning: https://www.google.com/js/bg/ewkwPWymqQfuUctaJ1I01ziIEjwrJG28Jgq1eVP0gew.js line 2 > eval line 1246 > eval line 1 > eval, line 1: unreachable code after return statement
JavaScript warning: https://www.google.com/js/bg/ewkwPWymqQfuUctaJ1I01ziIEjwrJG28Jgq1eVP0gew.js line 2 > eval line 1246 > eval, line 1: unreachable code after return statement
JavaScript warning: https://www.google.com/js/bg/ewkwPWymqQfuUctaJ1I01ziIEjwrJG28Jgq1eVP0gew.js line 2 > eval line 1246 > eval line 1 > eval, line 1: unreachable code after return statement
JavaScript warning: https://www.google.com/js/bg/ewkwPWymqQfuUctaJ1I01ziIEjwrJG28Jgq1eVP0gew.js line 2 > eval line 1246 > eval line 1 > eval, line 1: unreachable code after return statement
JavaScript warning: https://www.google.com/js/bg/ewkwPWymqQfuUctaJ1I01ziIEjwrJG28Jgq1eVP0gew.js line 2 > eval line 1246 > eval line 1 > eval, line 1: unreachable code after return statement
JavaScript warning: https://www.google.com/js/bg/ewkwPWymqQfuUctaJ1I01ziIEjwrJG28Jgq1eVP0gew.js line 2 > eval line 1246 > eval line 1 > eval line 1 > eval, line 1: unreachable code after return statement
JavaScript warning: https://www.google.com/js/bg/ewkwPWymqQfuUctaJ1I01ziIEjwrJG28Jgq1eVP0gew.js line 2 > eval line 1246 > eval line 1 > eval line 1 > eval, line 1: unreachable code after return statement
1753948463794	addons.xpi	ERROR	System addon update list error SyntaxError: XMLHttpRequest.open: 'http://%(server)s/dummy-system-addons.xml' is not a valid URL.
JavaScript warning: https://2fp4paf06k-496ff2e9c6d22116-0-colab.googleusercontent.com/outputframe.html?vrz=colab_20250729-060053_RC00_788359736 line 13 > eval, line 972: Using //@ to indicate sourceURL pragmas is deprecated. Use //# instead
console.error: services.settings: 
  blocklists/addons-bloomfilters Signature failed  InvalidSignatureError: Invalid content signature (blocklists/addons-bloomfilters) using 'remote-settings.content-signature.mozilla.org-2025-09-08-21-33-59.chain'
console.error: services.settings: 
  blocklists/addons-bloomfilters local data was corrupted
console.warn: services.settings: blocklists/addons-bloomfilters Signature verified failed. Retry from scratch
console.error: services.settings: 
  blocklists/addons-bloomfilters Signature failed again InvalidSignatureError: Invalid content signature (blocklists/addons-bloomfilters) using 'remote-settings.content-signature.mozilla.org-2025-09-08-21-33-59.chain'
console.error: services.settings: 
  Message: InvalidSignatureError: Invalid content signature (blocklists/addons-bloomfilters) using 'remote-settings.content-signature.mozilla.org-2025-09-08-21-33-59.chain'
  Stack:
    InvalidSignatureError@resource://services-settings/RemoteSettingsClient.sys.mjs:165:5
_validateCollectionSignature@resource://services-settings/RemoteSettingsClient.sys.mjs:1021:13

console.error: services.settings: 
  main/search-config-v2 Signature failed  InvalidSignatureError: Invalid content signature (main/search-config-v2) using 'remote-settings.content-signature.mozilla.org-2025-09-08-21-33-59.chain'
console.error: services.settings: 
  main/search-config-v2 local data was corrupted
console.warn: services.settings: main/search-config-v2 Signature verified failed. Retry from scratch
console.error: services.settings: 
  main/search-config-v2 Signature failed again InvalidSignatureError: Invalid content signature (main/search-config-v2) using 'remote-settings.content-signature.mozilla.org-2025-09-08-21-33-59.chain'
console.error: services.settings: 
  Message: InvalidSignatureError: Invalid content signature (main/search-config-v2) using 'remote-settings.content-signature.mozilla.org-2025-09-08-21-33-59.chain'
  Stack:
    InvalidSignatureError@resource://services-settings/RemoteSettingsClient.sys.mjs:165:5
_validateCollectionSignature@resource://services-settings/RemoteSettingsClient.sys.mjs:1021:13

console.error: services.settings: 
  main/search-telemetry-v2 Signature failed  InvalidSignatureError: Invalid content signature (main/search-telemetry-v2) using 'remote-settings.content-signature.mozilla.org-2025-09-08-21-33-59.chain'
console.error: services.settings: 
  main/search-telemetry-v2 local data was corrupted
console.warn: services.settings: main/search-telemetry-v2 Signature verified failed. Retry from scratch
console.error: services.settings: 
  main/search-telemetry-v2 Signature failed again InvalidSignatureError: Invalid content signature (main/search-telemetry-v2) using 'remote-settings.content-signature.mozilla.org-2025-09-08-21-33-59.chain'
console.error: services.settings: 
  Message: InvalidSignatureError: Invalid content signature (main/search-telemetry-v2) using 'remote-settings.content-signature.mozilla.org-2025-09-08-21-33-59.chain'
  Stack:
    InvalidSignatureError@resource://services-settings/RemoteSettingsClient.sys.mjs:165:5
_validateCollectionSignature@resource://services-settings/RemoteSettingsClient.sys.mjs:1021:13

console.error: services.settings: 
  main/translations-models Signature failed  InvalidSignatureError: Invalid content signature (main/translations-models) using 'remote-settings.content-signature.mozilla.org-2025-09-08-21-33-59.chain'
console.error: services.settings: 
  main/translations-models local data was corrupted
console.warn: services.settings: main/translations-models Signature verified failed. Retry from scratch
console.error: services.settings: 
  main/translations-models Signature failed again InvalidSignatureError: Invalid content signature (main/translations-models) using 'remote-settings.content-signature.mozilla.org-2025-09-08-21-33-59.chain'
console.error: services.settings: 
  Message: InvalidSignatureError: Invalid content signature (main/translations-models) using 'remote-settings.content-signature.mozilla.org-2025-09-08-21-33-59.chain'
  Stack:
    InvalidSignatureError@resource://services-settings/RemoteSettingsClient.sys.mjs:165:5
_validateCollectionSignature@resource://services-settings/RemoteSettingsClient.sys.mjs:1021:13

console.error: services.settings: 
  main/devtools-compatibility-browsers Signature failed  InvalidSignatureError: Invalid content signature (main/devtools-compatibility-browsers) using 'remote-settings.content-signature.mozilla.org-2025-09-08-21-33-59.chain'
console.error: services.settings: 
  main/devtools-compatibility-browsers local data was corrupted
console.warn: services.settings: main/devtools-compatibility-browsers Signature verified failed. Retry from scratch
console.error: services.settings: 
  main/devtools-compatibility-browsers Signature failed again InvalidSignatureError: Invalid content signature (main/devtools-compatibility-browsers) using 'remote-settings.content-signature.mozilla.org-2025-09-08-21-33-59.chain'
console.error: services.settings: 
  Message: InvalidSignatureError: Invalid content signature (main/devtools-compatibility-browsers) using 'remote-settings.content-signature.mozilla.org-2025-09-08-21-33-59.chain'
  Stack:
    InvalidSignatureError@resource://services-settings/RemoteSettingsClient.sys.mjs:165:5
_validateCollectionSignature@resource://services-settings/RemoteSettingsClient.sys.mjs:1021:13

console.error: services.settings: 
  main/doh-config Signature failed  InvalidSignatureError: Invalid content signature (main/doh-config) using 'remote-settings.content-signature.mozilla.org-2025-09-08-21-33-59.chain'
console.error: services.settings: 
  main/doh-config local data was corrupted
console.warn: services.settings: main/doh-config Signature verified failed. Retry from scratch
console.error: services.settings: 
  main/doh-config Signature failed again InvalidSignatureError: Invalid content signature (main/doh-config) using 'remote-settings.content-signature.mozilla.org-2025-09-08-21-33-59.chain'
console.error: services.settings: 
  Message: InvalidSignatureError: Invalid content signature (main/doh-config) using 'remote-settings.content-signature.mozilla.org-2025-09-08-21-33-59.chain'
  Stack:
    InvalidSignatureError@resource://services-settings/RemoteSettingsClient.sys.mjs:165:5
_validateCollectionSignature@resource://services-settings/RemoteSettingsClient.sys.mjs:1021:13

console.error: services.settings: 
  main/fingerprinting-protection-overrides Signature failed  InvalidSignatureError: Invalid content signature (main/fingerprinting-protection-overrides) using 'remote-settings.content-signature.mozilla.org-2025-09-08-21-33-59.chain'
console.error: services.settings: 
  main/fingerprinting-protection-overrides local data was corrupted
console.warn: services.settings: main/fingerprinting-protection-overrides Signature verified failed. Retry from scratch
console.error: services.settings: 
  main/fingerprinting-protection-overrides Signature failed again InvalidSignatureError: Invalid content signature (main/fingerprinting-protection-overrides) using 'remote-settings.content-signature.mozilla.org-2025-09-08-21-33-59.chain'
console.error: services.settings: 
  Message: InvalidSignatureError: Invalid content signature (main/fingerprinting-protection-overrides) using 'remote-settings.content-signature.mozilla.org-2025-09-08-21-33-59.chain'
  Stack:
    InvalidSignatureError@resource://services-settings/RemoteSettingsClient.sys.mjs:165:5
_validateCollectionSignature@resource://services-settings/RemoteSettingsClient.sys.mjs:1021:13

console.error: services.settings: 
  main/translations-wasm Signature failed  InvalidSignatureError: Invalid content signature (main/translations-wasm) using 'remote-settings.content-signature.mozilla.org-2025-09-08-21-33-59.chain'
console.error: services.settings: 
  main/translations-wasm local data was corrupted
console.warn: services.settings: main/translations-wasm Signature verified failed. Retry from scratch
console.error: services.settings: 
  main/translations-wasm Signature failed again InvalidSignatureError: Invalid content signature (main/translations-wasm) using 'remote-settings.content-signature.mozilla.org-2025-09-08-21-33-59.chain'
console.error: services.settings: 
  Message: InvalidSignatureError: Invalid content signature (main/translations-wasm) using 'remote-settings.content-signature.mozilla.org-2025-09-08-21-33-59.chain'
  Stack:
    InvalidSignatureError@resource://services-settings/RemoteSettingsClient.sys.mjs:165:5
_validateCollectionSignature@resource://services-settings/RemoteSettingsClient.sys.mjs:1021:13

console.error: services.settings: 
  main/partitioning-exempt-urls Signature failed  InvalidSignatureError: Invalid content signature (main/partitioning-exempt-urls) using 'remote-settings.content-signature.mozilla.org-2025-09-08-21-33-59.chain'
console.error: services.settings: 
  main/partitioning-exempt-urls local data was corrupted
console.warn: services.settings: main/partitioning-exempt-urls Signature verified failed. Retry from scratch
console.error: services.settings: 
  main/partitioning-exempt-urls Signature failed again InvalidSignatureError: Invalid content signature (main/partitioning-exempt-urls) using 'remote-settings.content-signature.mozilla.org-2025-09-08-21-33-59.chain'
console.error: services.settings: 
  Message: InvalidSignatureError: Invalid content signature (main/partitioning-exempt-urls) using 'remote-settings.content-signature.mozilla.org-2025-09-08-21-33-59.chain'
  Stack:
    InvalidSignatureError@resource://services-settings/RemoteSettingsClient.sys.mjs:165:5
_validateCollectionSignature@resource://services-settings/RemoteSettingsClient.sys.mjs:1021:13

console.error: services.settings: 
  blocklists/gfx Signature failed  InvalidSignatureError: Invalid content signature (blocklists/gfx) using 'remote-settings.content-signature.mozilla.org-2025-09-08-21-33-59.chain'
console.error: services.settings: 
  blocklists/gfx local data was corrupted
console.warn: services.settings: blocklists/gfx Signature verified failed. Retry from scratch
console.error: services.settings: 
  blocklists/gfx Signature failed again InvalidSignatureError: Invalid content signature (blocklists/gfx) using 'remote-settings.content-signature.mozilla.org-2025-09-08-21-33-59.chain'
console.error: services.settings: 
  Message: InvalidSignatureError: Invalid content signature (blocklists/gfx) using 'remote-settings.content-signature.mozilla.org-2025-09-08-21-33-59.chain'
  Stack:
    InvalidSignatureError@resource://services-settings/RemoteSettingsClient.sys.mjs:165:5
_validateCollectionSignature@resource://services-settings/RemoteSettingsClient.sys.mjs:1021:13

console.error: services.settings: 
  main/search-config-icons Signature failed  InvalidSignatureError: Invalid content signature (main/search-config-icons) using 'remote-settings.content-signature.mozilla.org-2025-09-08-21-33-59.chain'
console.error: services.settings: 
  main/search-config-icons local data was corrupted
console.warn: services.settings: main/search-config-icons Signature verified failed. Retry from scratch
console.error: services.settings: 
  main/search-config-icons Signature failed again InvalidSignatureError: Invalid content signature (main/search-config-icons) using 'remote-settings.content-signature.mozilla.org-2025-09-08-21-33-59.chain'
console.error: services.settings: 
  Message: InvalidSignatureError: Invalid content signature (main/search-config-icons) using 'remote-settings.content-signature.mozilla.org-2025-09-08-21-33-59.chain'
  Stack:
    InvalidSignatureError@resource://services-settings/RemoteSettingsClient.sys.mjs:165:5
_validateCollectionSignature@resource://services-settings/RemoteSettingsClient.sys.mjs:1021:13

console.error: services.settings: 
  main/search-default-override-allowlist Signature failed  InvalidSignatureError: Invalid content signature (main/search-default-override-allowlist) using 'remote-settings.content-signature.mozilla.org-2025-09-08-21-33-59.chain'
console.error: services.settings: 
  main/search-default-override-allowlist local data was corrupted
console.warn: services.settings: main/search-default-override-allowlist Signature verified failed. Retry from scratch
console.error: services.settings: 
  main/search-default-override-allowlist Signature failed again InvalidSignatureError: Invalid content signature (main/search-default-override-allowlist) using 'remote-settings.content-signature.mozilla.org-2025-09-08-21-33-59.chain'
console.error: services.settings: 
  Message: InvalidSignatureError: Invalid content signature (main/search-default-override-allowlist) using 'remote-settings.content-signature.mozilla.org-2025-09-08-21-33-59.chain'
  Stack:
    InvalidSignatureError@resource://services-settings/RemoteSettingsClient.sys.mjs:165:5
_validateCollectionSignature@resource://services-settings/RemoteSettingsClient.sys.mjs:1021:13

console.error: services.settings: 
  main/top-sites Signature failed  InvalidSignatureError: Invalid content signature (main/top-sites) using 'remote-settings.content-signature.mozilla.org-2025-09-08-21-33-59.chain'
console.error: services.settings: 
  main/top-sites local data was corrupted
console.warn: services.settings: main/top-sites Signature verified failed. Retry from scratch
console.error: services.settings: 
  main/top-sites Signature failed again InvalidSignatureError: Invalid content signature (main/top-sites) using 'remote-settings.content-signature.mozilla.org-2025-09-08-21-33-59.chain'
console.error: services.settings: 
  Message: InvalidSignatureError: Invalid content signature (main/top-sites) using 'remote-settings.content-signature.mozilla.org-2025-09-08-21-33-59.chain'
  Stack:
    InvalidSignatureError@resource://services-settings/RemoteSettingsClient.sys.mjs:165:5
_validateCollectionSignature@resource://services-settings/RemoteSettingsClient.sys.mjs:1021:13

console.error: services.settings: 
  main/password-rules Signature failed  InvalidSignatureError: Invalid content signature (main/password-rules) using 'remote-settings.content-signature.mozilla.org-2025-09-08-21-33-59.chain'
console.error: services.settings: 
  main/password-rules local data was corrupted
console.warn: services.settings: main/password-rules Signature verified failed. Retry from scratch
console.error: services.settings: 
  main/password-rules Signature failed again InvalidSignatureError: Invalid content signature (main/password-rules) using 'remote-settings.content-signature.mozilla.org-2025-09-08-21-33-59.chain'
console.error: services.settings: 
  Message: InvalidSignatureError: Invalid content signature (main/password-rules) using 'remote-settings.content-signature.mozilla.org-2025-09-08-21-33-59.chain'
  Stack:
    InvalidSignatureError@resource://services-settings/RemoteSettingsClient.sys.mjs:165:5
_validateCollectionSignature@resource://services-settings/RemoteSettingsClient.sys.mjs:1021:13

console.error: services.settings: 
  main/url-classifier-skip-urls Signature failed  InvalidSignatureError: Invalid content signature (main/url-classifier-skip-urls) using 'remote-settings.content-signature.mozilla.org-2025-09-08-21-33-59.chain'
console.error: services.settings: 
  main/url-classifier-skip-urls local data was corrupted
console.warn: services.settings: main/url-classifier-skip-urls Signature verified failed. Retry from scratch
console.error: services.settings: 
  main/url-classifier-skip-urls Signature failed again InvalidSignatureError: Invalid content signature (main/url-classifier-skip-urls) using 'remote-settings.content-signature.mozilla.org-2025-09-08-21-33-59.chain'
console.error: services.settings: 
  Message: InvalidSignatureError: Invalid content signature (main/url-classifier-skip-urls) using 'remote-settings.content-signature.mozilla.org-2025-09-08-21-33-59.chain'
  Stack:
    InvalidSignatureError@resource://services-settings/RemoteSettingsClient.sys.mjs:165:5
_validateCollectionSignature@resource://services-settings/RemoteSettingsClient.sys.mjs:1021:13

console.error: services.settings: 
  main/websites-with-shared-credential-backends Signature failed  InvalidSignatureError: Invalid content signature (main/websites-with-shared-credential-backends) using 'remote-settings.content-signature.mozilla.org-2025-09-08-21-33-59.chain'
console.error: services.settings: 
  main/websites-with-shared-credential-backends local data was corrupted
console.warn: services.settings: main/websites-with-shared-credential-backends Signature verified failed. Retry from scratch
console.error: services.settings: 
  main/websites-with-shared-credential-backends Signature failed again InvalidSignatureError: Invalid content signature (main/websites-with-shared-credential-backends) using 'remote-settings.content-signature.mozilla.org-2025-09-08-21-33-59.chain'
console.error: services.settings: 
  Message: InvalidSignatureError: Invalid content signature (main/websites-with-shared-credential-backends) using 'remote-settings.content-signature.mozilla.org-2025-09-08-21-33-59.chain'
  Stack:
    InvalidSignatureError@resource://services-settings/RemoteSettingsClient.sys.mjs:165:5
_validateCollectionSignature@resource://services-settings/RemoteSettingsClient.sys.mjs:1021:13

console.error: services.settings: 
  main/normandy-recipes-capabilities Signature failed  InvalidSignatureError: Invalid content signature (main/normandy-recipes-capabilities) using 'remote-settings.content-signature.mozilla.org-2025-09-08-21-33-59.chain'
console.error: services.settings: 
  main/normandy-recipes-capabilities local data was corrupted
console.warn: services.settings: main/normandy-recipes-capabilities Signature verified failed. Retry from scratch
console.error: services.settings: 
  main/normandy-recipes-capabilities Signature failed again InvalidSignatureError: Invalid content signature (main/normandy-recipes-capabilities) using 'remote-settings.content-signature.mozilla.org-2025-09-08-21-33-59.chain'
console.error: services.settings: 
  Message: InvalidSignatureError: Invalid content signature (main/normandy-recipes-capabilities) using 'remote-settings.content-signature.mozilla.org-2025-09-08-21-33-59.chain'
  Stack:
    InvalidSignatureError@resource://services-settings/RemoteSettingsClient.sys.mjs:165:5
_validateCollectionSignature@resource://services-settings/RemoteSettingsClient.sys.mjs:1021:13

console.error: services.settings: 
  main/cookie-banner-rules-list Signature failed  InvalidSignatureError: Invalid content signature (main/cookie-banner-rules-list) using 'remote-settings.content-signature.mozilla.org-2025-09-08-21-33-59.chain'
console.error: services.settings: 
  main/cookie-banner-rules-list local data was corrupted
console.warn: services.settings: main/cookie-banner-rules-list Signature verified failed. Retry from scratch
console.error: services.settings: 
  main/cookie-banner-rules-list Signature failed again InvalidSignatureError: Invalid content signature (main/cookie-banner-rules-list) using 'remote-settings.content-signature.mozilla.org-2025-09-08-21-33-59.chain'
console.error: services.settings: 
  Message: InvalidSignatureError: Invalid content signature (main/cookie-banner-rules-list) using 'remote-settings.content-signature.mozilla.org-2025-09-08-21-33-59.chain'
  Stack:
    InvalidSignatureError@resource://services-settings/RemoteSettingsClient.sys.mjs:165:5
_validateCollectionSignature@resource://services-settings/RemoteSettingsClient.sys.mjs:1021:13

console.warn: services.settings: main/search-config Signature verified failed. Retry from scratch
console.error: services.settings: 
  main/search-config Signature failed again InvalidSignatureError: Invalid content signature (main/search-config) using 'remote-settings.content-signature.mozilla.org-2025-09-08-21-33-59.chain'
console.error: services.settings: 
  Message: InvalidSignatureError: Invalid content signature (main/search-config) using 'remote-settings.content-signature.mozilla.org-2025-09-08-21-33-59.chain'
  Stack:
    InvalidSignatureError@resource://services-settings/RemoteSettingsClient.sys.mjs:165:5
_validateCollectionSignature@resource://services-settings/RemoteSettingsClient.sys.mjs:1021:13

console.warn: services.settings: main/search-config-overrides Signature verified failed. Retry from scratch
console.error: services.settings: 
  main/search-config-overrides Signature failed again InvalidSignatureError: Invalid content signature (main/search-config-overrides) using 'remote-settings.content-signature.mozilla.org-2025-09-08-21-33-59.chain'
console.error: services.settings: 
  Message: InvalidSignatureError: Invalid content signature (main/search-config-overrides) using 'remote-settings.content-signature.mozilla.org-2025-09-08-21-33-59.chain'
  Stack:
    InvalidSignatureError@resource://services-settings/RemoteSettingsClient.sys.mjs:165:5
_validateCollectionSignature@resource://services-settings/RemoteSettingsClient.sys.mjs:1021:13

console.error: services.settings: 
  main/query-stripping Signature failed  InvalidSignatureError: Invalid content signature (main/query-stripping) using 'remote-settings.content-signature.mozilla.org-2025-09-08-21-33-59.chain'
console.error: services.settings: 
  main/query-stripping local data was corrupted
console.warn: services.settings: main/query-stripping Signature verified failed. Retry from scratch
console.error: services.settings: 
  main/query-stripping Signature failed again InvalidSignatureError: Invalid content signature (main/query-stripping) using 'remote-settings.content-signature.mozilla.org-2025-09-08-21-33-59.chain'
console.error: services.settings: 
  Message: InvalidSignatureError: Invalid content signature (main/query-stripping) using 'remote-settings.content-signature.mozilla.org-2025-09-08-21-33-59.chain'
  Stack:
    InvalidSignatureError@resource://services-settings/RemoteSettingsClient.sys.mjs:165:5
_validateCollectionSignature@resource://services-settings/RemoteSettingsClient.sys.mjs:1021:13

console.error: services.settings: 
  main/addons-manager-settings Signature failed  InvalidSignatureError: Invalid content signature (main/addons-manager-settings) using 'remote-settings.content-signature.mozilla.org-2025-09-08-21-33-59.chain'
console.error: services.settings: 
  main/addons-manager-settings local data was corrupted
console.warn: services.settings: main/addons-manager-settings Signature verified failed. Retry from scratch
console.error: services.settings: 
  main/addons-manager-settings Signature failed again InvalidSignatureError: Invalid content signature (main/addons-manager-settings) using 'remote-settings.content-signature.mozilla.org-2025-09-08-21-33-59.chain'
console.error: services.settings: 
  Message: InvalidSignatureError: Invalid content signature (main/addons-manager-settings) using 'remote-settings.content-signature.mozilla.org-2025-09-08-21-33-59.chain'
  Stack:
    InvalidSignatureError@resource://services-settings/RemoteSettingsClient.sys.mjs:165:5
_validateCollectionSignature@resource://services-settings/RemoteSettingsClient.sys.mjs:1021:13

console.error: services.settings: 
  main/doh-providers Signature failed  InvalidSignatureError: Invalid content signature (main/doh-providers) using 'remote-settings.content-signature.mozilla.org-2025-09-08-21-33-59.chain'
console.error: services.settings: 
  main/doh-providers local data was corrupted
console.warn: services.settings: main/doh-providers Signature verified failed. Retry from scratch
console.error: services.settings: 
  main/doh-providers Signature failed again InvalidSignatureError: Invalid content signature (main/doh-providers) using 'remote-settings.content-signature.mozilla.org-2025-09-08-21-33-59.chain'
console.error: services.settings: 
  Message: InvalidSignatureError: Invalid content signature (main/doh-providers) using 'remote-settings.content-signature.mozilla.org-2025-09-08-21-33-59.chain'
  Stack:
    InvalidSignatureError@resource://services-settings/RemoteSettingsClient.sys.mjs:165:5
_validateCollectionSignature@resource://services-settings/RemoteSettingsClient.sys.mjs:1021:13

console.error: services.settings: 
  main/pioneer-study-addons-v1 Signature failed  InvalidSignatureError: Invalid content signature (main/pioneer-study-addons-v1) using 'remote-settings.content-signature.mozilla.org-2025-09-08-21-33-59.chain'
console.error: services.settings: 
  main/pioneer-study-addons-v1 local data was corrupted
console.warn: services.settings: main/pioneer-study-addons-v1 Signature verified failed. Retry from scratch
console.error: services.settings: 
  main/pioneer-study-addons-v1 Signature failed again InvalidSignatureError: Invalid content signature (main/pioneer-study-addons-v1) using 'remote-settings.content-signature.mozilla.org-2025-09-08-21-33-59.chain'
console.error: services.settings: 
  Message: InvalidSignatureError: Invalid content signature (main/pioneer-study-addons-v1) using 'remote-settings.content-signature.mozilla.org-2025-09-08-21-33-59.chain'
  Stack:
    InvalidSignatureError@resource://services-settings/RemoteSettingsClient.sys.mjs:165:5
_validateCollectionSignature@resource://services-settings/RemoteSettingsClient.sys.mjs:1021:13

console.warn: services.settings: main/hijack-blocklists Signature verified failed. Retry from scratch
console.error: services.settings: 
  main/hijack-blocklists Signature failed again InvalidSignatureError: Invalid content signature (main/hijack-blocklists) using 'remote-settings.content-signature.mozilla.org-2025-09-08-21-33-59.chain'
console.error: services.settings: 
  Message: InvalidSignatureError: Invalid content signature (main/hijack-blocklists) using 'remote-settings.content-signature.mozilla.org-2025-09-08-21-33-59.chain'
  Stack:
    InvalidSignatureError@resource://services-settings/RemoteSettingsClient.sys.mjs:165:5
_validateCollectionSignature@resource://services-settings/RemoteSettingsClient.sys.mjs:1021:13

console.warn: services.settings: main/anti-tracking-url-decoration Signature verified failed. Retry from scratch
console.error: services.settings: 
  main/anti-tracking-url-decoration Signature failed again InvalidSignatureError: Invalid content signature (main/anti-tracking-url-decoration) using 'remote-settings.content-signature.mozilla.org-2025-09-08-21-33-59.chain'
console.error: services.settings: 
  Message: InvalidSignatureError: Invalid content signature (main/anti-tracking-url-decoration) using 'remote-settings.content-signature.mozilla.org-2025-09-08-21-33-59.chain'
  Stack:
    InvalidSignatureError@resource://services-settings/RemoteSettingsClient.sys.mjs:165:5
_validateCollectionSignature@resource://services-settings/RemoteSettingsClient.sys.mjs:1021:13

console.error: (new InvalidSignatureError("Invalid content signature (blocklists/addons-bloomfilters) using 'remote-settings.content-signature.mozilla.org-2025-09-08-21-33-59.chain'", "resource://services-settings/RemoteSettingsClient.sys.mjs", 165))
JavaScript warning: https://nhh1mmdc6sb-496ff2e9c6d22116-0-colab.googleusercontent.com/outputframe.html?vrz=colab_20250729-060053_RC00_788359736, line 239: Using //@ to indicate sourceURL pragmas is deprecated. Use //# instead
JavaScript warning: https://xju8rr2oz5-496ff2e9c6d22116-0-colab.googleusercontent.com/outputframe.html?vrz=colab_20250729-060053_RC00_788359736, line 239: Using //@ to indicate sourceURL pragmas is deprecated. Use //# instead
JavaScript warning: https://www.google.com/js/bg/ewkwPWymqQfuUctaJ1I01ziIEjwrJG28Jgq1eVP0gew.js, line 935: unreachable code after return statement
JavaScript warning: https://www.google.com/js/bg/ewkwPWymqQfuUctaJ1I01ziIEjwrJG28Jgq1eVP0gew.js, line 935: unreachable code after return statement
JavaScript warning: https://www.google.com/js/bg/ewkwPWymqQfuUctaJ1I01ziIEjwrJG28Jgq1eVP0gew.js, line 935: unreachable code after return statement
JavaScript warning: https://www.google.com/js/bg/ewkwPWymqQfuUctaJ1I01ziIEjwrJG28Jgq1eVP0gew.js line 2 > eval, line 935: unreachable code after return statement
JavaScript warning: https://www.google.com/js/bg/ewkwPWymqQfuUctaJ1I01ziIEjwrJG28Jgq1eVP0gew.js line 2 > eval, line 935: unreachable code after return statement
JavaScript warning: https://www.google.com/js/bg/ewkwPWymqQfuUctaJ1I01ziIEjwrJG28Jgq1eVP0gew.js line 2 > eval, line 935: unreachable code after return statement
JavaScript warning: https://www.google.com/js/bg/ewkwPWymqQfuUctaJ1I01ziIEjwrJG28Jgq1eVP0gew.js line 2 > eval, line 1: unreachable code after return statement
JavaScript warning: https://www.google.com/js/bg/ewkwPWymqQfuUctaJ1I01ziIEjwrJG28Jgq1eVP0gew.js line 2 > eval line 935 > eval, line 1: unreachable code after return statement
JavaScript warning: https://www.google.com/js/bg/ewkwPWymqQfuUctaJ1I01ziIEjwrJG28Jgq1eVP0gew.js line 2 > eval line 935 > eval, line 1: unreachable code after return statement
JavaScript warning: https://www.google.com/js/bg/ewkwPWymqQfuUctaJ1I01ziIEjwrJG28Jgq1eVP0gew.js line 2 > eval line 935 > eval line 1 > eval, line 1: unreachable code after return statement
JavaScript warning: https://www.google.com/js/bg/ewkwPWymqQfuUctaJ1I01ziIEjwrJG28Jgq1eVP0gew.js line 2 > eval line 935 > eval line 1 > eval, line 1: unreachable code after return statement
JavaScript warning: https://www.google.com/js/bg/ewkwPWymqQfuUctaJ1I01ziIEjwrJG28Jgq1eVP0gew.js line 2 > eval line 935 > eval line 1 > eval, line 1: unreachable code after return statement
JavaScript warning: https://www.google.com/js/bg/ewkwPWymqQfuUctaJ1I01ziIEjwrJG28Jgq1eVP0gew.js line 2 > eval line 935 > eval line 1 > eval line 1 > eval, line 1: unreachable code after return statement
JavaScript warning: https://www.google.com/js/bg/ewkwPWymqQfuUctaJ1I01ziIEjwrJG28Jgq1eVP0gew.js line 2 > eval line 935 > eval line 1 > eval line 1 > eval, line 1: unreachable code after return statement
JavaScript warning: https://www.googletagmanager.com/gtag/js?id=G-S3V05QCXK5&cx=c&_slc=1, line 711: Script terminated by timeout at:
k.gj@https://www.googletagmanager.com/gtag/js?id=G-S3V05QCXK5&cx=c&_slc=1:711:486
get@https://www.googletagmanager.com/gtag/js?id=G-S3V05QCXK5&cx=c&_slc=1:710:119
stop@https://www.googletagmanager.com/gtag/js?id=G-S3V05QCXK5&cx=c&_slc=1:710:87
k.ao/c/<@https://www.googletagmanager.com/gtag/js?id=G-S3V05QCXK5&cx=c&_slc=1:710:410

1753948876162	Marionette	INFO	Stopped listening on port 52028
Dynamically enable window occlusion 1
1753948879474	geckodriver	INFO	Listening on 127.0.0.1:52150
1753948882528	mozrunner::runner	INFO	Running command: "C:\\Program Files\\Mozilla Firefox\\firefox.exe" "--marionette" "--remote-debugging-port" "52151" "--remote-allow-hosts" "localhost" "-no-remote" "-profile" "C:\\Users\\Atomix\\AppData\\Local\\Temp\\rust_mozprofileo0dyJN"
console.warn: services.settings: Ignoring preference override of remote settings server
console.warn: services.settings: Allow by setting MOZ_REMOTE_SETTINGS_DEVTOOLS=1 in the environment
Dynamically enable window occlusion 0
1753948882810	Marionette	INFO	Marionette enabled
1753948882938	Marionette	INFO	Listening on port 52158
WebDriver BiDi listening on ws://127.0.0.1:52151
Read port: 52158
1753948883138	RemoteAgent	WARN	TLS certificate errors will be ignored for this session
console.error: services.settings: 
  main/query-stripping Signature failed  InvalidSignatureError: Invalid content signature (main/query-stripping) using 'remote-settings.content-signature.mozilla.org-2025-09-08-21-33-59.chain'
console.error: services.settings: 
  main/query-stripping local data was corrupted
console.warn: services.settings: main/query-stripping Signature verified failed. Retry from scratch
console.error: services.settings: 
  main/fingerprinting-protection-overrides Signature failed  InvalidSignatureError: Invalid content signature (main/fingerprinting-protection-overrides) using 'remote-settings.content-signature.mozilla.org-2025-09-08-21-33-59.chain'
console.error: services.settings: 
  main/fingerprinting-protection-overrides local data was corrupted
console.warn: services.settings: main/fingerprinting-protection-overrides Signature verified failed. Retry from scratch
console.error: services.settings: 
  main/query-stripping Signature failed again InvalidSignatureError: Invalid content signature (main/query-stripping) using 'remote-settings.content-signature.mozilla.org-2025-09-08-21-33-59.chain'
console.error: (new InvalidSignatureError("Invalid content signature (main/query-stripping) using 'remote-settings.content-signature.mozilla.org-2025-09-08-21-33-59.chain'", "resource://services-settings/RemoteSettingsClient.sys.mjs", 165))
console.error: services.settings: 
  main/fingerprinting-protection-overrides Signature failed again InvalidSignatureError: Invalid content signature (main/fingerprinting-protection-overrides) using 'remote-settings.content-signature.mozilla.org-2025-09-08-21-33-59.chain'
console.error: (new InvalidSignatureError("Invalid content signature (main/fingerprinting-protection-overrides) using 'remote-settings.content-signature.mozilla.org-2025-09-08-21-33-59.chain'", "resource://services-settings/RemoteSettingsClient.sys.mjs", 165))
DevTools listening on ws://127.0.0.1:52151/devtools/browser/449fe540-df9f-49f4-8ff3-ab1558185c77
console.error: services.settings: 
  main/partitioning-exempt-urls Signature failed  InvalidSignatureError: Invalid content signature (main/partitioning-exempt-urls) using 'remote-settings.content-signature.mozilla.org-2025-09-08-21-33-59.chain'
console.error: services.settings: 
  main/partitioning-exempt-urls local data was corrupted
console.warn: services.settings: main/partitioning-exempt-urls Signature verified failed. Retry from scratch
console.error: services.settings: 
  main/partitioning-exempt-urls Signature failed again InvalidSignatureError: Invalid content signature (main/partitioning-exempt-urls) using 'remote-settings.content-signature.mozilla.org-2025-09-08-21-33-59.chain'
console.error: (new InvalidSignatureError("Invalid content signature (main/partitioning-exempt-urls) using 'remote-settings.content-signature.mozilla.org-2025-09-08-21-33-59.chain'", "resource://services-settings/RemoteSettingsClient.sys.mjs", 165))
JavaScript warning: https://pos7mtt0uvb-496ff2e9c6d22116-0-colab.googleusercontent.com/outputframe.html?vrz=colab_20250729-060053_RC00_788359736, line 239: Using //@ to indicate sourceURL pragmas is deprecated. Use //# instead
JavaScript warning: https://kr2e9gglyn-496ff2e9c6d22116-0-colab.googleusercontent.com/outputframe.html?vrz=colab_20250729-060053_RC00_788359736, line 239: Using //@ to indicate sourceURL pragmas is deprecated. Use //# instead
JavaScript warning: https://pos7mtt0uvb-496ff2e9c6d22116-0-colab.googleusercontent.com/outputframe.html?vrz=colab_20250729-060053_RC00_788359736, line 239: Using //@ to indicate sourceURL pragmas is deprecated. Use //# instead
JavaScript warning: https://www.google.com/js/bg/ewkwPWymqQfuUctaJ1I01ziIEjwrJG28Jgq1eVP0gew.js, line 2068: unreachable code after return statement
JavaScript warning: https://www.google.com/js/bg/ewkwPWymqQfuUctaJ1I01ziIEjwrJG28Jgq1eVP0gew.js, line 2068: unreachable code after return statement
JavaScript warning: https://www.google.com/js/bg/ewkwPWymqQfuUctaJ1I01ziIEjwrJG28Jgq1eVP0gew.js, line 2068: unreachable code after return statement
JavaScript warning: https://www.google.com/js/bg/ewkwPWymqQfuUctaJ1I01ziIEjwrJG28Jgq1eVP0gew.js line 2 > eval, line 2068: unreachable code after return statement
JavaScript warning: https://www.google.com/js/bg/ewkwPWymqQfuUctaJ1I01ziIEjwrJG28Jgq1eVP0gew.js line 2 > eval, line 2068: unreachable code after return statement
JavaScript warning: https://www.google.com/js/bg/ewkwPWymqQfuUctaJ1I01ziIEjwrJG28Jgq1eVP0gew.js line 2 > eval, line 2068: unreachable code after return statement
JavaScript warning: https://www.google.com/js/bg/ewkwPWymqQfuUctaJ1I01ziIEjwrJG28Jgq1eVP0gew.js line 2 > eval, line 1: unreachable code after return statement
JavaScript warning: https://www.google.com/js/bg/ewkwPWymqQfuUctaJ1I01ziIEjwrJG28Jgq1eVP0gew.js line 2 > eval line 2068 > eval, line 1: unreachable code after return statement
JavaScript warning: https://www.google.com/js/bg/ewkwPWymqQfuUctaJ1I01ziIEjwrJG28Jgq1eVP0gew.js line 2 > eval line 2068 > eval, line 1: unreachable code after return statement
JavaScript warning: https://www.google.com/js/bg/ewkwPWymqQfuUctaJ1I01ziIEjwrJG28Jgq1eVP0gew.js line 2 > eval line 2068 > eval line 1 > eval, line 1: unreachable code after return statement
JavaScript warning: https://www.google.com/js/bg/ewkwPWymqQfuUctaJ1I01ziIEjwrJG28Jgq1eVP0gew.js line 2 > eval line 2068 > eval line 1 > eval, line 1: unreachable code after return statement
JavaScript warning: https://www.google.com/js/bg/ewkwPWymqQfuUctaJ1I01ziIEjwrJG28Jgq1eVP0gew.js line 2 > eval line 2068 > eval line 1 > eval, line 1: unreachable code after return statement
JavaScript warning: https://www.google.com/js/bg/ewkwPWymqQfuUctaJ1I01ziIEjwrJG28Jgq1eVP0gew.js line 2 > eval line 2068 > eval line 1 > eval line 1 > eval, line 1: unreachable code after return statement
JavaScript warning: https://www.google.com/js/bg/ewkwPWymqQfuUctaJ1I01ziIEjwrJG28Jgq1eVP0gew.js line 2 > eval line 2068 > eval line 1 > eval line 1 > eval, line 1: unreachable code after return statement
JavaScript warning: https://pos7mtt0uvb-496ff2e9c6d22116-0-colab.googleusercontent.com/outputframe.html?vrz=colab_20250729-060053_RC00_788359736 line 13 > eval, line 972: Using //@ to indicate sourceURL pragmas is deprecated. Use //# instead
JavaScript warning: https://opth5688m6d-496ff2e9c6d22116-0-colab.googleusercontent.com/outputframe.html?vrz=colab_20250729-060053_RC00_788359736, line 239: Using //@ to indicate sourceURL pragmas is deprecated. Use //# instead
JavaScript warning: https://24xu64b414qk-496ff2e9c6d22116-0-colab.googleusercontent.com/outputframe.html?vrz=colab_20250729-060053_RC00_788359736, line 239: Using //@ to indicate sourceURL pragmas is deprecated. Use //# instead
JavaScript warning: https://24xu64b414qk-496ff2e9c6d22116-0-colab.googleusercontent.com/outputframe.html?vrz=colab_20250729-060053_RC00_788359736, line 239: Using //@ to indicate sourceURL pragmas is deprecated. Use //# instead
JavaScript warning: https://www.google.com/js/bg/ewkwPWymqQfuUctaJ1I01ziIEjwrJG28Jgq1eVP0gew.js, line 2452: unreachable code after return statement
JavaScript warning: https://www.google.com/js/bg/ewkwPWymqQfuUctaJ1I01ziIEjwrJG28Jgq1eVP0gew.js, line 2452: unreachable code after return statement
JavaScript warning: https://www.google.com/js/bg/ewkwPWymqQfuUctaJ1I01ziIEjwrJG28Jgq1eVP0gew.js, line 2452: unreachable code after return statement
JavaScript warning: https://www.google.com/js/bg/ewkwPWymqQfuUctaJ1I01ziIEjwrJG28Jgq1eVP0gew.js line 2 > eval, line 2452: unreachable code after return statement
JavaScript warning: https://www.google.com/js/bg/ewkwPWymqQfuUctaJ1I01ziIEjwrJG28Jgq1eVP0gew.js line 2 > eval, line 2452: unreachable code after return statement
JavaScript warning: https://www.google.com/js/bg/ewkwPWymqQfuUctaJ1I01ziIEjwrJG28Jgq1eVP0gew.js line 2 > eval, line 2452: unreachable code after return statement
JavaScript warning: https://www.google.com/js/bg/ewkwPWymqQfuUctaJ1I01ziIEjwrJG28Jgq1eVP0gew.js line 2 > eval line 2452 > eval, line 1: unreachable code after return statement
JavaScript warning: https://www.google.com/js/bg/ewkwPWymqQfuUctaJ1I01ziIEjwrJG28Jgq1eVP0gew.js line 2 > eval line 2452 > eval line 1 > eval, line 1: unreachable code after return statement
JavaScript warning: https://www.google.com/js/bg/ewkwPWymqQfuUctaJ1I01ziIEjwrJG28Jgq1eVP0gew.js line 2 > eval line 2452 > eval, line 1: unreachable code after return statement
JavaScript warning: https://www.google.com/js/bg/ewkwPWymqQfuUctaJ1I01ziIEjwrJG28Jgq1eVP0gew.js line 2 > eval line 2452 > eval line 1 > eval, line 1: unreachable code after return statement
JavaScript warning: https://www.google.com/js/bg/ewkwPWymqQfuUctaJ1I01ziIEjwrJG28Jgq1eVP0gew.js line 2 > eval line 2452 > eval line 1 > eval, line 1: unreachable code after return statement
JavaScript warning: https://www.google.com/js/bg/ewkwPWymqQfuUctaJ1I01ziIEjwrJG28Jgq1eVP0gew.js line 2 > eval line 2452 > eval line 1 > eval, line 1: unreachable code after return statement
JavaScript warning: https://www.google.com/js/bg/ewkwPWymqQfuUctaJ1I01ziIEjwrJG28Jgq1eVP0gew.js line 2 > eval line 2452 > eval line 1 > eval line 1 > eval, line 1: unreachable code after return statement
JavaScript warning: https://www.google.com/js/bg/ewkwPWymqQfuUctaJ1I01ziIEjwrJG28Jgq1eVP0gew.js line 2 > eval line 2452 > eval line 1 > eval line 1 > eval, line 1: unreachable code after return statement
1753948914341	addons.xpi	ERROR	System addon update list error SyntaxError: XMLHttpRequest.open: 'http://%(server)s/dummy-system-addons.xml' is not a valid URL.
JavaScript warning: https://24xu64b414qk-496ff2e9c6d22116-0-colab.googleusercontent.com/outputframe.html?vrz=colab_20250729-060053_RC00_788359736 line 13 > eval, line 972: Using //@ to indicate sourceURL pragmas is deprecated. Use //# instead
console.error: services.settings: 
  blocklists/addons-bloomfilters Signature failed  InvalidSignatureError: Invalid content signature (blocklists/addons-bloomfilters) using 'remote-settings.content-signature.mozilla.org-2025-09-08-21-33-59.chain'
console.error: services.settings: 
  blocklists/addons-bloomfilters local data was corrupted
console.warn: services.settings: blocklists/addons-bloomfilters Signature verified failed. Retry from scratch
console.error: services.settings: 
  blocklists/addons-bloomfilters Signature failed again InvalidSignatureError: Invalid content signature (blocklists/addons-bloomfilters) using 'remote-settings.content-signature.mozilla.org-2025-09-08-21-33-59.chain'
console.error: services.settings: 
  Message: InvalidSignatureError: Invalid content signature (blocklists/addons-bloomfilters) using 'remote-settings.content-signature.mozilla.org-2025-09-08-21-33-59.chain'
  Stack:
    InvalidSignatureError@resource://services-settings/RemoteSettingsClient.sys.mjs:165:5
_validateCollectionSignature@resource://services-settings/RemoteSettingsClient.sys.mjs:1021:13

console.error: services.settings: 
  main/search-config-v2 Signature failed  InvalidSignatureError: Invalid content signature (main/search-config-v2) using 'remote-settings.content-signature.mozilla.org-2025-09-08-21-33-59.chain'
console.error: services.settings: 
  main/search-config-v2 local data was corrupted
console.warn: services.settings: main/search-config-v2 Signature verified failed. Retry from scratch
console.error: services.settings: 
  main/search-config-v2 Signature failed again InvalidSignatureError: Invalid content signature (main/search-config-v2) using 'remote-settings.content-signature.mozilla.org-2025-09-08-21-33-59.chain'
console.error: services.settings: 
  Message: InvalidSignatureError: Invalid content signature (main/search-config-v2) using 'remote-settings.content-signature.mozilla.org-2025-09-08-21-33-59.chain'
  Stack:
    InvalidSignatureError@resource://services-settings/RemoteSettingsClient.sys.mjs:165:5
_validateCollectionSignature@resource://services-settings/RemoteSettingsClient.sys.mjs:1021:13

console.error: services.settings: 
  main/search-telemetry-v2 Signature failed  InvalidSignatureError: Invalid content signature (main/search-telemetry-v2) using 'remote-settings.content-signature.mozilla.org-2025-09-08-21-33-59.chain'
console.error: services.settings: 
  main/search-telemetry-v2 local data was corrupted
console.warn: services.settings: main/search-telemetry-v2 Signature verified failed. Retry from scratch
console.error: services.settings: 
  main/search-telemetry-v2 Signature failed again InvalidSignatureError: Invalid content signature (main/search-telemetry-v2) using 'remote-settings.content-signature.mozilla.org-2025-09-08-21-33-59.chain'
console.error: services.settings: 
  Message: InvalidSignatureError: Invalid content signature (main/search-telemetry-v2) using 'remote-settings.content-signature.mozilla.org-2025-09-08-21-33-59.chain'
  Stack:
    InvalidSignatureError@resource://services-settings/RemoteSettingsClient.sys.mjs:165:5
_validateCollectionSignature@resource://services-settings/RemoteSettingsClient.sys.mjs:1021:13

console.error: services.settings: 
  main/translations-models Signature failed  InvalidSignatureError: Invalid content signature (main/translations-models) using 'remote-settings.content-signature.mozilla.org-2025-09-08-21-33-59.chain'
console.error: services.settings: 
  main/translations-models local data was corrupted
console.warn: services.settings: main/translations-models Signature verified failed. Retry from scratch
console.error: services.settings: 
  main/translations-models Signature failed again InvalidSignatureError: Invalid content signature (main/translations-models) using 'remote-settings.content-signature.mozilla.org-2025-09-08-21-33-59.chain'
console.error: services.settings: 
  Message: InvalidSignatureError: Invalid content signature (main/translations-models) using 'remote-settings.content-signature.mozilla.org-2025-09-08-21-33-59.chain'
  Stack:
    InvalidSignatureError@resource://services-settings/RemoteSettingsClient.sys.mjs:165:5
_validateCollectionSignature@resource://services-settings/RemoteSettingsClient.sys.mjs:1021:13

console.error: services.settings: 
  main/devtools-compatibility-browsers Signature failed  InvalidSignatureError: Invalid content signature (main/devtools-compatibility-browsers) using 'remote-settings.content-signature.mozilla.org-2025-09-08-21-33-59.chain'
console.error: services.settings: 
  main/devtools-compatibility-browsers local data was corrupted
console.warn: services.settings: main/devtools-compatibility-browsers Signature verified failed. Retry from scratch
console.error: services.settings: 
  main/devtools-compatibility-browsers Signature failed again InvalidSignatureError: Invalid content signature (main/devtools-compatibility-browsers) using 'remote-settings.content-signature.mozilla.org-2025-09-08-21-33-59.chain'
console.error: services.settings: 
  Message: InvalidSignatureError: Invalid content signature (main/devtools-compatibility-browsers) using 'remote-settings.content-signature.mozilla.org-2025-09-08-21-33-59.chain'
  Stack:
    InvalidSignatureError@resource://services-settings/RemoteSettingsClient.sys.mjs:165:5
_validateCollectionSignature@resource://services-settings/RemoteSettingsClient.sys.mjs:1021:13

console.error: services.settings: 
  main/doh-config Signature failed  InvalidSignatureError: Invalid content signature (main/doh-config) using 'remote-settings.content-signature.mozilla.org-2025-09-08-21-33-59.chain'
console.error: services.settings: 
  main/doh-config local data was corrupted
console.warn: services.settings: main/doh-config Signature verified failed. Retry from scratch
console.error: services.settings: 
  main/doh-config Signature failed again InvalidSignatureError: Invalid content signature (main/doh-config) using 'remote-settings.content-signature.mozilla.org-2025-09-08-21-33-59.chain'
console.error: services.settings: 
  Message: InvalidSignatureError: Invalid content signature (main/doh-config) using 'remote-settings.content-signature.mozilla.org-2025-09-08-21-33-59.chain'
  Stack:
    InvalidSignatureError@resource://services-settings/RemoteSettingsClient.sys.mjs:165:5
_validateCollectionSignature@resource://services-settings/RemoteSettingsClient.sys.mjs:1021:13

console.error: services.settings: 
  main/fingerprinting-protection-overrides Signature failed  InvalidSignatureError: Invalid content signature (main/fingerprinting-protection-overrides) using 'remote-settings.content-signature.mozilla.org-2025-09-08-21-33-59.chain'
console.error: services.settings: 
  main/fingerprinting-protection-overrides local data was corrupted
console.warn: services.settings: main/fingerprinting-protection-overrides Signature verified failed. Retry from scratch
console.error: services.settings: 
  main/fingerprinting-protection-overrides Signature failed again InvalidSignatureError: Invalid content signature (main/fingerprinting-protection-overrides) using 'remote-settings.content-signature.mozilla.org-2025-09-08-21-33-59.chain'
console.error: services.settings: 
  Message: InvalidSignatureError: Invalid content signature (main/fingerprinting-protection-overrides) using 'remote-settings.content-signature.mozilla.org-2025-09-08-21-33-59.chain'
  Stack:
    InvalidSignatureError@resource://services-settings/RemoteSettingsClient.sys.mjs:165:5
_validateCollectionSignature@resource://services-settings/RemoteSettingsClient.sys.mjs:1021:13

console.error: services.settings: 
  main/translations-wasm Signature failed  InvalidSignatureError: Invalid content signature (main/translations-wasm) using 'remote-settings.content-signature.mozilla.org-2025-09-08-21-33-59.chain'
console.error: services.settings: 
  main/translations-wasm local data was corrupted
console.warn: services.settings: main/translations-wasm Signature verified failed. Retry from scratch
console.error: services.settings: 
  main/translations-wasm Signature failed again InvalidSignatureError: Invalid content signature (main/translations-wasm) using 'remote-settings.content-signature.mozilla.org-2025-09-08-21-33-59.chain'
console.error: services.settings: 
  Message: InvalidSignatureError: Invalid content signature (main/translations-wasm) using 'remote-settings.content-signature.mozilla.org-2025-09-08-21-33-59.chain'
  Stack:
    InvalidSignatureError@resource://services-settings/RemoteSettingsClient.sys.mjs:165:5
_validateCollectionSignature@resource://services-settings/RemoteSettingsClient.sys.mjs:1021:13

console.error: services.settings: 
  main/partitioning-exempt-urls Signature failed  InvalidSignatureError: Invalid content signature (main/partitioning-exempt-urls) using 'remote-settings.content-signature.mozilla.org-2025-09-08-21-33-59.chain'
console.error: services.settings: 
  main/partitioning-exempt-urls local data was corrupted
console.warn: services.settings: main/partitioning-exempt-urls Signature verified failed. Retry from scratch
console.error: services.settings: 
  main/partitioning-exempt-urls Signature failed again InvalidSignatureError: Invalid content signature (main/partitioning-exempt-urls) using 'remote-settings.content-signature.mozilla.org-2025-09-08-21-33-59.chain'
console.error: services.settings: 
  Message: InvalidSignatureError: Invalid content signature (main/partitioning-exempt-urls) using 'remote-settings.content-signature.mozilla.org-2025-09-08-21-33-59.chain'
  Stack:
    InvalidSignatureError@resource://services-settings/RemoteSettingsClient.sys.mjs:165:5
_validateCollectionSignature@resource://services-settings/RemoteSettingsClient.sys.mjs:1021:13

console.error: services.settings: 
  blocklists/gfx Signature failed  InvalidSignatureError: Invalid content signature (blocklists/gfx) using 'remote-settings.content-signature.mozilla.org-2025-09-08-21-33-59.chain'
console.error: services.settings: 
  blocklists/gfx local data was corrupted
console.warn: services.settings: blocklists/gfx Signature verified failed. Retry from scratch
console.error: services.settings: 
  blocklists/gfx Signature failed again InvalidSignatureError: Invalid content signature (blocklists/gfx) using 'remote-settings.content-signature.mozilla.org-2025-09-08-21-33-59.chain'
console.error: services.settings: 
  Message: InvalidSignatureError: Invalid content signature (blocklists/gfx) using 'remote-settings.content-signature.mozilla.org-2025-09-08-21-33-59.chain'
  Stack:
    InvalidSignatureError@resource://services-settings/RemoteSettingsClient.sys.mjs:165:5
_validateCollectionSignature@resource://services-settings/RemoteSettingsClient.sys.mjs:1021:13

console.error: services.settings: 
  main/search-config-icons Signature failed  InvalidSignatureError: Invalid content signature (main/search-config-icons) using 'remote-settings.content-signature.mozilla.org-2025-09-08-21-33-59.chain'
console.error: services.settings: 
  main/search-config-icons local data was corrupted
console.warn: services.settings: main/search-config-icons Signature verified failed. Retry from scratch
console.error: services.settings: 
  main/search-config-icons Signature failed again InvalidSignatureError: Invalid content signature (main/search-config-icons) using 'remote-settings.content-signature.mozilla.org-2025-09-08-21-33-59.chain'
console.error: services.settings: 
  Message: InvalidSignatureError: Invalid content signature (main/search-config-icons) using 'remote-settings.content-signature.mozilla.org-2025-09-08-21-33-59.chain'
  Stack:
    InvalidSignatureError@resource://services-settings/RemoteSettingsClient.sys.mjs:165:5
_validateCollectionSignature@resource://services-settings/RemoteSettingsClient.sys.mjs:1021:13

console.error: services.settings: 
  main/search-default-override-allowlist Signature failed  InvalidSignatureError: Invalid content signature (main/search-default-override-allowlist) using 'remote-settings.content-signature.mozilla.org-2025-09-08-21-33-59.chain'
console.error: services.settings: 
  main/search-default-override-allowlist local data was corrupted
console.warn: services.settings: main/search-default-override-allowlist Signature verified failed. Retry from scratch
console.error: services.settings: 
  main/search-default-override-allowlist Signature failed again InvalidSignatureError: Invalid content signature (main/search-default-override-allowlist) using 'remote-settings.content-signature.mozilla.org-2025-09-08-21-33-59.chain'
console.error: services.settings: 
  Message: InvalidSignatureError: Invalid content signature (main/search-default-override-allowlist) using 'remote-settings.content-signature.mozilla.org-2025-09-08-21-33-59.chain'
  Stack:
    InvalidSignatureError@resource://services-settings/RemoteSettingsClient.sys.mjs:165:5
_validateCollectionSignature@resource://services-settings/RemoteSettingsClient.sys.mjs:1021:13

console.error: services.settings: 
  main/top-sites Signature failed  InvalidSignatureError: Invalid content signature (main/top-sites) using 'remote-settings.content-signature.mozilla.org-2025-09-08-21-33-59.chain'
console.error: services.settings: 
  main/top-sites local data was corrupted
console.warn: services.settings: main/top-sites Signature verified failed. Retry from scratch
console.error: services.settings: 
  main/top-sites Signature failed again InvalidSignatureError: Invalid content signature (main/top-sites) using 'remote-settings.content-signature.mozilla.org-2025-09-08-21-33-59.chain'
console.error: services.settings: 
  Message: InvalidSignatureError: Invalid content signature (main/top-sites) using 'remote-settings.content-signature.mozilla.org-2025-09-08-21-33-59.chain'
  Stack:
    InvalidSignatureError@resource://services-settings/RemoteSettingsClient.sys.mjs:165:5
_validateCollectionSignature@resource://services-settings/RemoteSettingsClient.sys.mjs:1021:13

console.error: services.settings: 
  main/password-rules Signature failed  InvalidSignatureError: Invalid content signature (main/password-rules) using 'remote-settings.content-signature.mozilla.org-2025-09-08-21-33-59.chain'
console.error: services.settings: 
  main/password-rules local data was corrupted
console.warn: services.settings: main/password-rules Signature verified failed. Retry from scratch
console.error: services.settings: 
  main/password-rules Signature failed again InvalidSignatureError: Invalid content signature (main/password-rules) using 'remote-settings.content-signature.mozilla.org-2025-09-08-21-33-59.chain'
console.error: services.settings: 
  Message: InvalidSignatureError: Invalid content signature (main/password-rules) using 'remote-settings.content-signature.mozilla.org-2025-09-08-21-33-59.chain'
  Stack:
    InvalidSignatureError@resource://services-settings/RemoteSettingsClient.sys.mjs:165:5
_validateCollectionSignature@resource://services-settings/RemoteSettingsClient.sys.mjs:1021:13

console.error: services.settings: 
  main/url-classifier-skip-urls Signature failed  InvalidSignatureError: Invalid content signature (main/url-classifier-skip-urls) using 'remote-settings.content-signature.mozilla.org-2025-09-08-21-33-59.chain'
console.error: services.settings: 
  main/url-classifier-skip-urls local data was corrupted
console.warn: services.settings: main/url-classifier-skip-urls Signature verified failed. Retry from scratch
console.error: services.settings: 
  main/url-classifier-skip-urls Signature failed again InvalidSignatureError: Invalid content signature (main/url-classifier-skip-urls) using 'remote-settings.content-signature.mozilla.org-2025-09-08-21-33-59.chain'
console.error: services.settings: 
  Message: InvalidSignatureError: Invalid content signature (main/url-classifier-skip-urls) using 'remote-settings.content-signature.mozilla.org-2025-09-08-21-33-59.chain'
  Stack:
    InvalidSignatureError@resource://services-settings/RemoteSettingsClient.sys.mjs:165:5
_validateCollectionSignature@resource://services-settings/RemoteSettingsClient.sys.mjs:1021:13

console.error: services.settings: 
  main/websites-with-shared-credential-backends Signature failed  InvalidSignatureError: Invalid content signature (main/websites-with-shared-credential-backends) using 'remote-settings.content-signature.mozilla.org-2025-09-08-21-33-59.chain'
console.error: services.settings: 
  main/websites-with-shared-credential-backends local data was corrupted
console.warn: services.settings: main/websites-with-shared-credential-backends Signature verified failed. Retry from scratch
console.error: services.settings: 
  main/websites-with-shared-credential-backends Signature failed again InvalidSignatureError: Invalid content signature (main/websites-with-shared-credential-backends) using 'remote-settings.content-signature.mozilla.org-2025-09-08-21-33-59.chain'
console.error: services.settings: 
  Message: InvalidSignatureError: Invalid content signature (main/websites-with-shared-credential-backends) using 'remote-settings.content-signature.mozilla.org-2025-09-08-21-33-59.chain'
  Stack:
    InvalidSignatureError@resource://services-settings/RemoteSettingsClient.sys.mjs:165:5
_validateCollectionSignature@resource://services-settings/RemoteSettingsClient.sys.mjs:1021:13

console.error: services.settings: 
  main/normandy-recipes-capabilities Signature failed  InvalidSignatureError: Invalid content signature (main/normandy-recipes-capabilities) using 'remote-settings.content-signature.mozilla.org-2025-09-08-21-33-59.chain'
console.error: services.settings: 
  main/normandy-recipes-capabilities local data was corrupted
console.warn: services.settings: main/normandy-recipes-capabilities Signature verified failed. Retry from scratch
console.error: services.settings: 
  main/normandy-recipes-capabilities Signature failed again InvalidSignatureError: Invalid content signature (main/normandy-recipes-capabilities) using 'remote-settings.content-signature.mozilla.org-2025-09-08-21-33-59.chain'
console.error: services.settings: 
  Message: InvalidSignatureError: Invalid content signature (main/normandy-recipes-capabilities) using 'remote-settings.content-signature.mozilla.org-2025-09-08-21-33-59.chain'
  Stack:
    InvalidSignatureError@resource://services-settings/RemoteSettingsClient.sys.mjs:165:5
_validateCollectionSignature@resource://services-settings/RemoteSettingsClient.sys.mjs:1021:13

console.error: services.settings: 
  main/cookie-banner-rules-list Signature failed  InvalidSignatureError: Invalid content signature (main/cookie-banner-rules-list) using 'remote-settings.content-signature.mozilla.org-2025-09-08-21-33-59.chain'
console.error: services.settings: 
  main/cookie-banner-rules-list local data was corrupted
console.warn: services.settings: main/cookie-banner-rules-list Signature verified failed. Retry from scratch
console.error: services.settings: 
  main/cookie-banner-rules-list Signature failed again InvalidSignatureError: Invalid content signature (main/cookie-banner-rules-list) using 'remote-settings.content-signature.mozilla.org-2025-09-08-21-33-59.chain'
console.error: services.settings: 
  Message: InvalidSignatureError: Invalid content signature (main/cookie-banner-rules-list) using 'remote-settings.content-signature.mozilla.org-2025-09-08-21-33-59.chain'
  Stack:
    InvalidSignatureError@resource://services-settings/RemoteSettingsClient.sys.mjs:165:5
_validateCollectionSignature@resource://services-settings/RemoteSettingsClient.sys.mjs:1021:13

console.warn: services.settings: main/search-config Signature verified failed. Retry from scratch
console.error: services.settings: 
  main/search-config Signature failed again InvalidSignatureError: Invalid content signature (main/search-config) using 'remote-settings.content-signature.mozilla.org-2025-09-08-21-33-59.chain'
console.error: services.settings: 
  Message: InvalidSignatureError: Invalid content signature (main/search-config) using 'remote-settings.content-signature.mozilla.org-2025-09-08-21-33-59.chain'
  Stack:
    InvalidSignatureError@resource://services-settings/RemoteSettingsClient.sys.mjs:165:5
_validateCollectionSignature@resource://services-settings/RemoteSettingsClient.sys.mjs:1021:13

console.warn: services.settings: main/search-config-overrides Signature verified failed. Retry from scratch
console.error: services.settings: 
  main/search-config-overrides Signature failed again InvalidSignatureError: Invalid content signature (main/search-config-overrides) using 'remote-settings.content-signature.mozilla.org-2025-09-08-21-33-59.chain'
console.error: services.settings: 
  Message: InvalidSignatureError: Invalid content signature (main/search-config-overrides) using 'remote-settings.content-signature.mozilla.org-2025-09-08-21-33-59.chain'
  Stack:
    InvalidSignatureError@resource://services-settings/RemoteSettingsClient.sys.mjs:165:5
_validateCollectionSignature@resource://services-settings/RemoteSettingsClient.sys.mjs:1021:13

console.error: services.settings: 
  main/query-stripping Signature failed  InvalidSignatureError: Invalid content signature (main/query-stripping) using 'remote-settings.content-signature.mozilla.org-2025-09-08-21-33-59.chain'
console.error: services.settings: 
  main/query-stripping local data was corrupted
console.warn: services.settings: main/query-stripping Signature verified failed. Retry from scratch
console.error: services.settings: 
  main/query-stripping Signature failed again InvalidSignatureError: Invalid content signature (main/query-stripping) using 'remote-settings.content-signature.mozilla.org-2025-09-08-21-33-59.chain'
console.error: services.settings: 
  Message: InvalidSignatureError: Invalid content signature (main/query-stripping) using 'remote-settings.content-signature.mozilla.org-2025-09-08-21-33-59.chain'
  Stack:
    InvalidSignatureError@resource://services-settings/RemoteSettingsClient.sys.mjs:165:5
_validateCollectionSignature@resource://services-settings/RemoteSettingsClient.sys.mjs:1021:13

console.error: services.settings: 
  main/addons-manager-settings Signature failed  InvalidSignatureError: Invalid content signature (main/addons-manager-settings) using 'remote-settings.content-signature.mozilla.org-2025-09-08-21-33-59.chain'
console.error: services.settings: 
  main/addons-manager-settings local data was corrupted
console.warn: services.settings: main/addons-manager-settings Signature verified failed. Retry from scratch
console.error: services.settings: 
  main/addons-manager-settings Signature failed again InvalidSignatureError: Invalid content signature (main/addons-manager-settings) using 'remote-settings.content-signature.mozilla.org-2025-09-08-21-33-59.chain'
console.error: services.settings: 
  Message: InvalidSignatureError: Invalid content signature (main/addons-manager-settings) using 'remote-settings.content-signature.mozilla.org-2025-09-08-21-33-59.chain'
  Stack:
    InvalidSignatureError@resource://services-settings/RemoteSettingsClient.sys.mjs:165:5
_validateCollectionSignature@resource://services-settings/RemoteSettingsClient.sys.mjs:1021:13

console.error: services.settings: 
  main/doh-providers Signature failed  InvalidSignatureError: Invalid content signature (main/doh-providers) using 'remote-settings.content-signature.mozilla.org-2025-09-08-21-33-59.chain'
console.error: services.settings: 
  main/doh-providers local data was corrupted
console.warn: services.settings: main/doh-providers Signature verified failed. Retry from scratch
console.error: services.settings: 
  main/doh-providers Signature failed again InvalidSignatureError: Invalid content signature (main/doh-providers) using 'remote-settings.content-signature.mozilla.org-2025-09-08-21-33-59.chain'
console.error: services.settings: 
  Message: InvalidSignatureError: Invalid content signature (main/doh-providers) using 'remote-settings.content-signature.mozilla.org-2025-09-08-21-33-59.chain'
  Stack:
    InvalidSignatureError@resource://services-settings/RemoteSettingsClient.sys.mjs:165:5
_validateCollectionSignature@resource://services-settings/RemoteSettingsClient.sys.mjs:1021:13

console.error: services.settings: 
  main/pioneer-study-addons-v1 Signature failed  InvalidSignatureError: Invalid content signature (main/pioneer-study-addons-v1) using 'remote-settings.content-signature.mozilla.org-2025-09-08-21-33-59.chain'
console.error: services.settings: 
  main/pioneer-study-addons-v1 local data was corrupted
console.warn: services.settings: main/pioneer-study-addons-v1 Signature verified failed. Retry from scratch
console.error: services.settings: 
  main/pioneer-study-addons-v1 Signature failed again InvalidSignatureError: Invalid content signature (main/pioneer-study-addons-v1) using 'remote-settings.content-signature.mozilla.org-2025-09-08-21-33-59.chain'
console.error: services.settings: 
  Message: InvalidSignatureError: Invalid content signature (main/pioneer-study-addons-v1) using 'remote-settings.content-signature.mozilla.org-2025-09-08-21-33-59.chain'
  Stack:
    InvalidSignatureError@resource://services-settings/RemoteSettingsClient.sys.mjs:165:5
_validateCollectionSignature@resource://services-settings/RemoteSettingsClient.sys.mjs:1021:13

console.warn: services.settings: main/hijack-blocklists Signature verified failed. Retry from scratch
console.error: services.settings: 
  main/hijack-blocklists Signature failed again InvalidSignatureError: Invalid content signature (main/hijack-blocklists) using 'remote-settings.content-signature.mozilla.org-2025-09-08-21-33-59.chain'
console.error: services.settings: 
  Message: InvalidSignatureError: Invalid content signature (main/hijack-blocklists) using 'remote-settings.content-signature.mozilla.org-2025-09-08-21-33-59.chain'
  Stack:
    InvalidSignatureError@resource://services-settings/RemoteSettingsClient.sys.mjs:165:5
_validateCollectionSignature@resource://services-settings/RemoteSettingsClient.sys.mjs:1021:13

console.warn: services.settings: main/anti-tracking-url-decoration Signature verified failed. Retry from scratch
console.error: services.settings: 
  main/anti-tracking-url-decoration Signature failed again InvalidSignatureError: Invalid content signature (main/anti-tracking-url-decoration) using 'remote-settings.content-signature.mozilla.org-2025-09-08-21-33-59.chain'
console.error: services.settings: 
  Message: InvalidSignatureError: Invalid content signature (main/anti-tracking-url-decoration) using 'remote-settings.content-signature.mozilla.org-2025-09-08-21-33-59.chain'
  Stack:
    InvalidSignatureError@resource://services-settings/RemoteSettingsClient.sys.mjs:165:5
_validateCollectionSignature@resource://services-settings/RemoteSettingsClient.sys.mjs:1021:13

console.error: (new InvalidSignatureError("Invalid content signature (blocklists/addons-bloomfilters) using 'remote-settings.content-signature.mozilla.org-2025-09-08-21-33-59.chain'", "resource://services-settings/RemoteSettingsClient.sys.mjs", 165))
JavaScript warning: https://4ul1rft7eto-496ff2e9c6d22116-0-colab.googleusercontent.com/outputframe.html?vrz=colab_20250729-060053_RC00_788359736, line 239: Using //@ to indicate sourceURL pragmas is deprecated. Use //# instead
JavaScript warning: https://x6y4s57xgb-496ff2e9c6d22116-0-colab.googleusercontent.com/outputframe.html?vrz=colab_20250729-060053_RC00_788359736, line 239: Using //@ to indicate sourceURL pragmas is deprecated. Use //# instead
JavaScript warning: https://www.google.com/js/bg/ewkwPWymqQfuUctaJ1I01ziIEjwrJG28Jgq1eVP0gew.js, line 3296: unreachable code after return statement
JavaScript warning: https://www.google.com/js/bg/ewkwPWymqQfuUctaJ1I01ziIEjwrJG28Jgq1eVP0gew.js, line 3296: unreachable code after return statement
JavaScript warning: https://www.google.com/js/bg/ewkwPWymqQfuUctaJ1I01ziIEjwrJG28Jgq1eVP0gew.js, line 3296: unreachable code after return statement
JavaScript warning: https://www.google.com/js/bg/ewkwPWymqQfuUctaJ1I01ziIEjwrJG28Jgq1eVP0gew.js line 2 > eval, line 3296: unreachable code after return statement
JavaScript warning: https://www.google.com/js/bg/ewkwPWymqQfuUctaJ1I01ziIEjwrJG28Jgq1eVP0gew.js line 2 > eval, line 3296: unreachable code after return statement
JavaScript warning: https://www.google.com/js/bg/ewkwPWymqQfuUctaJ1I01ziIEjwrJG28Jgq1eVP0gew.js line 2 > eval, line 3296: unreachable code after return statement
JavaScript warning: https://www.google.com/js/bg/ewkwPWymqQfuUctaJ1I01ziIEjwrJG28Jgq1eVP0gew.js line 2 > eval, line 1: unreachable code after return statement
JavaScript warning: https://www.google.com/js/bg/ewkwPWymqQfuUctaJ1I01ziIEjwrJG28Jgq1eVP0gew.js line 2 > eval line 3296 > eval, line 1: unreachable code after return statement
JavaScript warning: https://www.google.com/js/bg/ewkwPWymqQfuUctaJ1I01ziIEjwrJG28Jgq1eVP0gew.js line 2 > eval line 3296 > eval, line 1: unreachable code after return statement
JavaScript warning: https://www.google.com/js/bg/ewkwPWymqQfuUctaJ1I01ziIEjwrJG28Jgq1eVP0gew.js line 2 > eval line 3296 > eval line 1 > eval, line 1: unreachable code after return statement
JavaScript warning: https://www.google.com/js/bg/ewkwPWymqQfuUctaJ1I01ziIEjwrJG28Jgq1eVP0gew.js line 2 > eval line 3296 > eval line 1 > eval, line 1: unreachable code after return statement
JavaScript warning: https://www.google.com/js/bg/ewkwPWymqQfuUctaJ1I01ziIEjwrJG28Jgq1eVP0gew.js line 2 > eval line 3296 > eval line 1 > eval, line 1: unreachable code after return statement
JavaScript warning: https://www.google.com/js/bg/ewkwPWymqQfuUctaJ1I01ziIEjwrJG28Jgq1eVP0gew.js line 2 > eval line 3296 > eval line 1 > eval line 1 > eval, line 1: unreachable code after return statement
JavaScript warning: https://www.google.com/js/bg/ewkwPWymqQfuUctaJ1I01ziIEjwrJG28Jgq1eVP0gew.js line 2 > eval line 3296 > eval line 1 > eval line 1 > eval, line 1: unreachable code after return statement
JavaScript warning: https://4ul1rft7eto-496ff2e9c6d22116-0-colab.googleusercontent.com/outputframe.html?vrz=colab_20250729-060053_RC00_788359736, line 239: Using //@ to indicate sourceURL pragmas is deprecated. Use //# instead
JavaScript warning: https://4ul1rft7eto-496ff2e9c6d22116-0-colab.googleusercontent.com/outputframe.html?vrz=colab_20250729-060053_RC00_788359736, line 239: Using //@ to indicate sourceURL pragmas is deprecated. Use //# instead
JavaScript warning: https://www.googletagmanager.com/gtag/js?id=G-S3V05QCXK5&cx=c&_slc=1, line 712: Script terminated by timeout at:
k.gj@https://www.googletagmanager.com/gtag/js?id=G-S3V05QCXK5&cx=c&_slc=1:712:30
get@https://www.googletagmanager.com/gtag/js?id=G-S3V05QCXK5&cx=c&_slc=1:710:119
stop@https://www.googletagmanager.com/gtag/js?id=G-S3V05QCXK5&cx=c&_slc=1:710:87
k.ao/c/<@https://www.googletagmanager.com/gtag/js?id=G-S3V05QCXK5&cx=c&_slc=1:710:410

1753949393826	Marionette	INFO	Stopped listening on port 52158
Dynamically enable window occlusion 1
49235117	Marionette	INFO	Marionette enabled
1753949235237	Marionette	INFO	Listening on port 53514
WebDriver BiDi listening on ws://127.0.0.1:53507
Read port: 53514
1753949235323	RemoteAgent	WARN	TLS certificate errors will be ignored for this session
console.error: services.settings: 
  main/query-stripping Signature failed  InvalidSignatureError: Invalid content signature (main/query-stripping) using 'remote-settings.content-signature.mozilla.org-2025-09-08-21-33-59.chain'
console.error: services.settings: 
  main/query-stripping local data was corrupted
console.warn: services.settings: main/query-stripping Signature verified failed. Retry from scratch
console.error: services.settings: 
  main/fingerprinting-protection-overrides Signature failed  InvalidSignatureError: Invalid content signature (main/fingerprinting-protection-overrides) using 'remote-settings.content-signature.mozilla.org-2025-09-08-21-33-59.chain'
console.error: services.settings: 
  main/fingerprinting-protection-overrides local data was corrupted
console.warn: services.settings: main/fingerprinting-protection-overrides Signature verified failed. Retry from scratch
console.error: services.settings: 
  main/query-stripping Signature failed again InvalidSignatureError: Invalid content signature (main/query-stripping) using 'remote-settings.content-signature.mozilla.org-2025-09-08-21-33-59.chain'
console.error: (new InvalidSignatureError("Invalid content signature (main/query-stripping) using 'remote-settings.content-signature.mozilla.org-2025-09-08-21-33-59.chain'", "resource://services-settings/RemoteSettingsClient.sys.mjs", 165))
console.error: services.settings: 
  main/fingerprinting-protection-overrides Signature failed again InvalidSignatureError: Invalid content signature (main/fingerprinting-protection-overrides) using 'remote-settings.content-signature.mozilla.org-2025-09-08-21-33-59.chain'
console.error: (new InvalidSignatureError("Invalid content signature (main/fingerprinting-protection-overrides) using 'remote-settings.content-signature.mozilla.org-2025-09-08-21-33-59.chain'", "resource://services-settings/RemoteSettingsClient.sys.mjs", 165))
DevTools listening on ws://127.0.0.1:53507/devtools/browser/c15181ce-ec24-4689-8e4e-d482592fadf7
console.error: services.settings: 
  main/partitioning-exempt-urls Signature failed  InvalidSignatureError: Invalid content signature (main/partitioning-exempt-urls) using 'remote-settings.content-signature.mozilla.org-2025-09-08-21-33-59.chain'
console.error: services.settings: 
  main/partitioning-exempt-urls local data was corrupted
console.warn: services.settings: main/partitioning-exempt-urls Signature verified failed. Retry from scratch
console.error: services.settings: 
  main/partitioning-exempt-urls Signature failed again InvalidSignatureError: Invalid content signature (main/partitioning-exempt-urls) using 'remote-settings.content-signature.mozilla.org-2025-09-08-21-33-59.chain'
console.error: (new InvalidSignatureError("Invalid content signature (main/partitioning-exempt-urls) using 'remote-settings.content-signature.mozilla.org-2025-09-08-21-33-59.chain'", "resource://services-settings/RemoteSettingsClient.sys.mjs", 165))
JavaScript warning: https://v9a7kh5401r-496ff2e9c6d22116-0-colab.googleusercontent.com/outputframe.html?vrz=colab_20250729-060053_RC00_788359736, line 239: Using //@ to indicate sourceURL pragmas is deprecated. Use //# instead
JavaScript warning: https://hv0x7jqji7w-496ff2e9c6d22116-0-colab.googleusercontent.com/outputframe.html?vrz=colab_20250729-060053_RC00_788359736, line 239: Using //@ to indicate sourceURL pragmas is deprecated. Use //# instead
JavaScript warning: https://www.google.com/js/bg/ewkwPWymqQfuUctaJ1I01ziIEjwrJG28Jgq1eVP0gew.js, line 6310: unreachable code after return statement
JavaScript warning: https://www.google.com/js/bg/ewkwPWymqQfuUctaJ1I01ziIEjwrJG28Jgq1eVP0gew.js, line 6310: unreachable code after return statement
JavaScript warning: https://www.google.com/js/bg/ewkwPWymqQfuUctaJ1I01ziIEjwrJG28Jgq1eVP0gew.js, line 6310: unreachable code after return statement
JavaScript warning: https://www.google.com/js/bg/ewkwPWymqQfuUctaJ1I01ziIEjwrJG28Jgq1eVP0gew.js line 2 > eval, line 6310: unreachable code after return statement
JavaScript warning: https://www.google.com/js/bg/ewkwPWymqQfuUctaJ1I01ziIEjwrJG28Jgq1eVP0gew.js line 2 > eval, line 6310: unreachable code after return statement
JavaScript warning: https://www.google.com/js/bg/ewkwPWymqQfuUctaJ1I01ziIEjwrJG28Jgq1eVP0gew.js line 2 > eval, line 6310: unreachable code after return statement
JavaScript warning: https://www.google.com/js/bg/ewkwPWymqQfuUctaJ1I01ziIEjwrJG28Jgq1eVP0gew.js line 2 > eval, line 1: unreachable code after return statement
JavaScript warning: https://www.google.com/js/bg/ewkwPWymqQfuUctaJ1I01ziIEjwrJG28Jgq1eVP0gew.js line 2 > eval line 6310 > eval, line 1: unreachable code after return statement
JavaScript warning: https://www.google.com/js/bg/ewkwPWymqQfuUctaJ1I01ziIEjwrJG28Jgq1eVP0gew.js line 2 > eval, line 1: unreachable code after return statement
JavaScript warning: https://www.google.com/js/bg/ewkwPWymqQfuUctaJ1I01ziIEjwrJG28Jgq1eVP0gew.js line 2 > eval line 6310 > eval, line 1: unreachable code after return statement
JavaScript warning: https://www.google.com/js/bg/ewkwPWymqQfuUctaJ1I01ziIEjwrJG28Jgq1eVP0gew.js line 2 > eval line 6310 > eval line 1 > eval, line 1: unreachable code after return statement
JavaScript warning: https://www.google.com/js/bg/ewkwPWymqQfuUctaJ1I01ziIEjwrJG28Jgq1eVP0gew.js line 2 > eval line 6310 > eval line 1 > eval, line 1: unreachable code after return statement
JavaScript warning: https://www.google.com/js/bg/ewkwPWymqQfuUctaJ1I01ziIEjwrJG28Jgq1eVP0gew.js line 2 > eval line 6310 > eval line 1 > eval line 1 > eval, line 1: unreachable code after return statement
JavaScript warning: https://www.google.com/js/bg/ewkwPWymqQfuUctaJ1I01ziIEjwrJG28Jgq1eVP0gew.js line 2 > eval line 6310 > eval line 1 > eval line 1 > eval, line 1: unreachable code after return statement
JavaScript warning: https://v9a7kh5401r-496ff2e9c6d22116-0-colab.googleusercontent.com/outputframe.html?vrz=colab_20250729-060053_RC00_788359736, line 239: Using //@ to indicate sourceURL pragmas is deprecated. Use //# instead
JavaScript warning: https://v9a7kh5401r-496ff2e9c6d22116-0-colab.googleusercontent.com/outputframe.html?vrz=colab_20250729-060053_RC00_788359736 line 13 > eval, line 972: Using //@ to indicate sourceURL pragmas is deprecated. Use //# instead
JavaScript warning: https://h3xr6yjebid-496ff2e9c6d22116-0-colab.googleusercontent.com/outputframe.html?vrz=colab_20250729-060053_RC00_788359736, line 239: Using //@ to indicate sourceURL pragmas is deprecated. Use //# instead
JavaScript warning: https://7oppyup916d-496ff2e9c6d22116-0-colab.googleusercontent.com/outputframe.html?vrz=colab_20250729-060053_RC00_788359736, line 239: Using //@ to indicate sourceURL pragmas is deprecated. Use //# instead
JavaScript warning: https://7oppyup916d-496ff2e9c6d22116-0-colab.googleusercontent.com/outputframe.html?vrz=colab_20250729-060053_RC00_788359736, line 239: Using //@ to indicate sourceURL pragmas is deprecated. Use //# instead
JavaScript warning: https://www.google.com/js/bg/ewkwPWymqQfuUctaJ1I01ziIEjwrJG28Jgq1eVP0gew.js, line 7696: unreachable code after return statement
JavaScript warning: https://www.google.com/js/bg/ewkwPWymqQfuUctaJ1I01ziIEjwrJG28Jgq1eVP0gew.js, line 7696: unreachable code after return statement
JavaScript warning: https://www.google.com/js/bg/ewkwPWymqQfuUctaJ1I01ziIEjwrJG28Jgq1eVP0gew.js, line 7696: unreachable code after return statement
JavaScript warning: https://www.google.com/js/bg/ewkwPWymqQfuUctaJ1I01ziIEjwrJG28Jgq1eVP0gew.js line 2 > eval, line 7696: unreachable code after return statement
JavaScript warning: https://www.google.com/js/bg/ewkwPWymqQfuUctaJ1I01ziIEjwrJG28Jgq1eVP0gew.js line 2 > eval, line 7696: unreachable code after return statement
JavaScript warning: https://www.google.com/js/bg/ewkwPWymqQfuUctaJ1I01ziIEjwrJG28Jgq1eVP0gew.js line 2 > eval, line 7696: unreachable code after return statement
JavaScript warning: https://www.google.com/js/bg/ewkwPWymqQfuUctaJ1I01ziIEjwrJG28Jgq1eVP0gew.js line 2 > eval line 7696 > eval, line 1: unreachable code after return statement
JavaScript warning: https://www.google.com/js/bg/ewkwPWymqQfuUctaJ1I01ziIEjwrJG28Jgq1eVP0gew.js line 2 > eval line 7696 > eval line 1 > eval, line 1: unreachable code after return statement
JavaScript warning: https://www.google.com/js/bg/ewkwPWymqQfuUctaJ1I01ziIEjwrJG28Jgq1eVP0gew.js line 2 > eval line 7696 > eval, line 1: unreachable code after return statement
JavaScript warning: https://www.google.com/js/bg/ewkwPWymqQfuUctaJ1I01ziIEjwrJG28Jgq1eVP0gew.js line 2 > eval line 7696 > eval line 1 > eval, line 1: unreachable code after return statement
JavaScript warning: https://www.google.com/js/bg/ewkwPWymqQfuUctaJ1I01ziIEjwrJG28Jgq1eVP0gew.js line 2 > eval line 7696 > eval line 1 > eval, line 1: unreachable code after return statement
JavaScript warning: https://www.google.com/js/bg/ewkwPWymqQfuUctaJ1I01ziIEjwrJG28Jgq1eVP0gew.js line 2 > eval line 7696 > eval line 1 > eval, line 1: unreachable code after return statement
JavaScript warning: https://www.google.com/js/bg/ewkwPWymqQfuUctaJ1I01ziIEjwrJG28Jgq1eVP0gew.js line 2 > eval line 7696 > eval line 1 > eval line 1 > eval, line 1: unreachable code after return statement
JavaScript warning: https://www.google.com/js/bg/ewkwPWymqQfuUctaJ1I01ziIEjwrJG28Jgq1eVP0gew.js line 2 > eval line 7696 > eval line 1 > eval line 1 > eval, line 1: unreachable code after return statement
1753949265130	addons.xpi	ERROR	System addon update list error SyntaxError: XMLHttpRequest.open: 'http://%(server)s/dummy-system-addons.xml' is not a valid URL.
console.error: services.settings: 
  blocklists/addons-bloomfilters Signature failed  InvalidSignatureError: Invalid content signature (blocklists/addons-bloomfilters) using 'remote-settings.content-signature.mozilla.org-2025-09-08-21-33-59.chain'
console.error: services.settings: 
  blocklists/addons-bloomfilters local data was corrupted
console.warn: services.settings: blocklists/addons-bloomfilters Signature verified failed. Retry from scratch
console.error: services.settings: 
  blocklists/addons-bloomfilters Signature failed again InvalidSignatureError: Invalid content signature (blocklists/addons-bloomfilters) using 'remote-settings.content-signature.mozilla.org-2025-09-08-21-33-59.chain'
console.error: services.settings: 
  Message: InvalidSignatureError: Invalid content signature (blocklists/addons-bloomfilters) using 'remote-settings.content-signature.mozilla.org-2025-09-08-21-33-59.chain'
  Stack:
    InvalidSignatureError@resource://services-settings/RemoteSettingsClient.sys.mjs:165:5
_validateCollectionSignature@resource://services-settings/RemoteSettingsClient.sys.mjs:1021:13

console.error: services.settings: 
  main/search-config-v2 Signature failed  InvalidSignatureError: Invalid content signature (main/search-config-v2) using 'remote-settings.content-signature.mozilla.org-2025-09-08-21-33-59.chain'
console.error: services.settings: 
  main/search-config-v2 local data was corrupted
console.warn: services.settings: main/search-config-v2 Signature verified failed. Retry from scratch
console.error: services.settings: 
  main/search-config-v2 Signature failed again InvalidSignatureError: Invalid content signature (main/search-config-v2) using 'remote-settings.content-signature.mozilla.org-2025-09-08-21-33-59.chain'
console.error: services.settings: 
  Message: InvalidSignatureError: Invalid content signature (main/search-config-v2) using 'remote-settings.content-signature.mozilla.org-2025-09-08-21-33-59.chain'
  Stack:
    InvalidSignatureError@resource://services-settings/RemoteSettingsClient.sys.mjs:165:5
_validateCollectionSignature@resource://services-settings/RemoteSettingsClient.sys.mjs:1021:13

console.error: services.settings: 
  main/search-telemetry-v2 Signature failed  InvalidSignatureError: Invalid content signature (main/search-telemetry-v2) using 'remote-settings.content-signature.mozilla.org-2025-09-08-21-33-59.chain'
console.error: services.settings: 
  main/search-telemetry-v2 local data was corrupted
console.warn: services.settings: main/search-telemetry-v2 Signature verified failed. Retry from scratch
console.error: services.settings: 
  main/search-telemetry-v2 Signature failed again InvalidSignatureError: Invalid content signature (main/search-telemetry-v2) using 'remote-settings.content-signature.mozilla.org-2025-09-08-21-33-59.chain'
console.error: services.settings: 
  Message: InvalidSignatureError: Invalid content signature (main/search-telemetry-v2) using 'remote-settings.content-signature.mozilla.org-2025-09-08-21-33-59.chain'
  Stack:
    InvalidSignatureError@resource://services-settings/RemoteSettingsClient.sys.mjs:165:5
_validateCollectionSignature@resource://services-settings/RemoteSettingsClient.sys.mjs:1021:13

console.error: services.settings: 
  main/translations-models Signature failed  InvalidSignatureError: Invalid content signature (main/translations-models) using 'remote-settings.content-signature.mozilla.org-2025-09-08-21-33-59.chain'
console.error: services.settings: 
  main/translations-models local data was corrupted
console.warn: services.settings: main/translations-models Signature verified failed. Retry from scratch
console.error: services.settings: 
  main/translations-models Signature failed again InvalidSignatureError: Invalid content signature (main/translations-models) using 'remote-settings.content-signature.mozilla.org-2025-09-08-21-33-59.chain'
console.error: services.settings: 
  Message: InvalidSignatureError: Invalid content signature (main/translations-models) using 'remote-settings.content-signature.mozilla.org-2025-09-08-21-33-59.chain'
  Stack:
    InvalidSignatureError@resource://services-settings/RemoteSettingsClient.sys.mjs:165:5
_validateCollectionSignature@resource://services-settings/RemoteSettingsClient.sys.mjs:1021:13

console.error: services.settings: 
  main/devtools-compatibility-browsers Signature failed  InvalidSignatureError: Invalid content signature (main/devtools-compatibility-browsers) using 'remote-settings.content-signature.mozilla.org-2025-09-08-21-33-59.chain'
console.error: services.settings: 
  main/devtools-compatibility-browsers local data was corrupted
console.warn: services.settings: main/devtools-compatibility-browsers Signature verified failed. Retry from scratch
console.error: services.settings: 
  main/devtools-compatibility-browsers Signature failed again InvalidSignatureError: Invalid content signature (main/devtools-compatibility-browsers) using 'remote-settings.content-signature.mozilla.org-2025-09-08-21-33-59.chain'
console.error: services.settings: 
  Message: InvalidSignatureError: Invalid content signature (main/devtools-compatibility-browsers) using 'remote-settings.content-signature.mozilla.org-2025-09-08-21-33-59.chain'
  Stack:
    InvalidSignatureError@resource://services-settings/RemoteSettingsClient.sys.mjs:165:5
_validateCollectionSignature@resource://services-settings/RemoteSettingsClient.sys.mjs:1021:13

console.error: services.settings: 
  main/doh-config Signature failed  InvalidSignatureError: Invalid content signature (main/doh-config) using 'remote-settings.content-signature.mozilla.org-2025-09-08-21-33-59.chain'
console.error: services.settings: 
  main/doh-config local data was corrupted
console.warn: services.settings: main/doh-config Signature verified failed. Retry from scratch
console.error: services.settings: 
  main/doh-config Signature failed again InvalidSignatureError: Invalid content signature (main/doh-config) using 'remote-settings.content-signature.mozilla.org-2025-09-08-21-33-59.chain'
console.error: services.settings: 
  Message: InvalidSignatureError: Invalid content signature (main/doh-config) using 'remote-settings.content-signature.mozilla.org-2025-09-08-21-33-59.chain'
  Stack:
    InvalidSignatureError@resource://services-settings/RemoteSettingsClient.sys.mjs:165:5
_validateCollectionSignature@resource://services-settings/RemoteSettingsClient.sys.mjs:1021:13

console.error: services.settings: 
  main/fingerprinting-protection-overrides Signature failed  InvalidSignatureError: Invalid content signature (main/fingerprinting-protection-overrides) using 'remote-settings.content-signature.mozilla.org-2025-09-08-21-33-59.chain'
console.error: services.settings: 
  main/fingerprinting-protection-overrides local data was corrupted
console.warn: services.settings: main/fingerprinting-protection-overrides Signature verified failed. Retry from scratch
JavaScript warning: https://7oppyup916d-496ff2e9c6d22116-0-colab.googleusercontent.com/outputframe.html?vrz=colab_20250729-060053_RC00_788359736 line 13 > eval, line 972: Using //@ to indicate sourceURL pragmas is deprecated. Use //# instead
console.error: services.settings: 
  main/fingerprinting-protection-overrides Signature failed again InvalidSignatureError: Invalid content signature (main/fingerprinting-protection-overrides) using 'remote-settings.content-signature.mozilla.org-2025-09-08-21-33-59.chain'
console.error: services.settings: 
  Message: InvalidSignatureError: Invalid content signature (main/fingerprinting-protection-overrides) using 'remote-settings.content-signature.mozilla.org-2025-09-08-21-33-59.chain'
  Stack:
    InvalidSignatureError@resource://services-settings/RemoteSettingsClient.sys.mjs:165:5
_validateCollectionSignature@resource://services-settings/RemoteSettingsClient.sys.mjs:1021:13

console.error: services.settings: 
  main/translations-wasm Signature failed  InvalidSignatureError: Invalid content signature (main/translations-wasm) using 'remote-settings.content-signature.mozilla.org-2025-09-08-21-33-59.chain'
console.error: services.settings: 
  main/translations-wasm local data was corrupted
console.warn: services.settings: main/translations-wasm Signature verified failed. Retry from scratch
console.error: services.settings: 
  main/translations-wasm Signature failed again InvalidSignatureError: Invalid content signature (main/translations-wasm) using 'remote-settings.content-signature.mozilla.org-2025-09-08-21-33-59.chain'
console.error: services.settings: 
  Message: InvalidSignatureError: Invalid content signature (main/translations-wasm) using 'remote-settings.content-signature.mozilla.org-2025-09-08-21-33-59.chain'
  Stack:
    InvalidSignatureError@resource://services-settings/RemoteSettingsClient.sys.mjs:165:5
_validateCollectionSignature@resource://services-settings/RemoteSettingsClient.sys.mjs:1021:13

console.error: services.settings: 
  main/partitioning-exempt-urls Signature failed  InvalidSignatureError: Invalid content signature (main/partitioning-exempt-urls) using 'remote-settings.content-signature.mozilla.org-2025-09-08-21-33-59.chain'
console.error: services.settings: 
  main/partitioning-exempt-urls local data was corrupted
console.warn: services.settings: main/partitioning-exempt-urls Signature verified failed. Retry from scratch
console.error: services.settings: 
  main/partitioning-exempt-urls Signature failed again InvalidSignatureError: Invalid content signature (main/partitioning-exempt-urls) using 'remote-settings.content-signature.mozilla.org-2025-09-08-21-33-59.chain'
console.error: services.settings: 
  Message: InvalidSignatureError: Invalid content signature (main/partitioning-exempt-urls) using 'remote-settings.content-signature.mozilla.org-2025-09-08-21-33-59.chain'
  Stack:
    InvalidSignatureError@resource://services-settings/RemoteSettingsClient.sys.mjs:165:5
_validateCollectionSignature@resource://services-settings/RemoteSettingsClient.sys.mjs:1021:13

console.error: services.settings: 
  blocklists/gfx Signature failed  InvalidSignatureError: Invalid content signature (blocklists/gfx) using 'remote-settings.content-signature.mozilla.org-2025-09-08-21-33-59.chain'
console.error: services.settings: 
  blocklists/gfx local data was corrupted
console.warn: services.settings: blocklists/gfx Signature verified failed. Retry from scratch
console.error: services.settings: 
  blocklists/gfx Signature failed again InvalidSignatureError: Invalid content signature (blocklists/gfx) using 'remote-settings.content-signature.mozilla.org-2025-09-08-21-33-59.chain'
console.error: services.settings: 
  Message: InvalidSignatureError: Invalid content signature (blocklists/gfx) using 'remote-settings.content-signature.mozilla.org-2025-09-08-21-33-59.chain'
  Stack:
    InvalidSignatureError@resource://services-settings/RemoteSettingsClient.sys.mjs:165:5
_validateCollectionSignature@resource://services-settings/RemoteSettingsClient.sys.mjs:1021:13

console.error: services.settings: 
  main/search-config-icons Signature failed  InvalidSignatureError: Invalid content signature (main/search-config-icons) using 'remote-settings.content-signature.mozilla.org-2025-09-08-21-33-59.chain'
console.error: services.settings: 
  main/search-config-icons local data was corrupted
console.warn: services.settings: main/search-config-icons Signature verified failed. Retry from scratch
console.error: services.settings: 
  main/search-config-icons Signature failed again InvalidSignatureError: Invalid content signature (main/search-config-icons) using 'remote-settings.content-signature.mozilla.org-2025-09-08-21-33-59.chain'
console.error: services.settings: 
  Message: InvalidSignatureError: Invalid content signature (main/search-config-icons) using 'remote-settings.content-signature.mozilla.org-2025-09-08-21-33-59.chain'
  Stack:
    InvalidSignatureError@resource://services-settings/RemoteSettingsClient.sys.mjs:165:5
_validateCollectionSignature@resource://services-settings/RemoteSettingsClient.sys.mjs:1021:13

console.error: services.settings: 
  main/search-default-override-allowlist Signature failed  InvalidSignatureError: Invalid content signature (main/search-default-override-allowlist) using 'remote-settings.content-signature.mozilla.org-2025-09-08-21-33-59.chain'
console.error: services.settings: 
  main/search-default-override-allowlist local data was corrupted
console.warn: services.settings: main/search-default-override-allowlist Signature verified failed. Retry from scratch
console.error: services.settings: 
  main/search-default-override-allowlist Signature failed again InvalidSignatureError: Invalid content signature (main/search-default-override-allowlist) using 'remote-settings.content-signature.mozilla.org-2025-09-08-21-33-59.chain'
console.error: services.settings: 
  Message: InvalidSignatureError: Invalid content signature (main/search-default-override-allowlist) using 'remote-settings.content-signature.mozilla.org-2025-09-08-21-33-59.chain'
  Stack:
    InvalidSignatureError@resource://services-settings/RemoteSettingsClient.sys.mjs:165:5
_validateCollectionSignature@resource://services-settings/RemoteSettingsClient.sys.mjs:1021:13

console.error: services.settings: 
  main/top-sites Signature failed  InvalidSignatureError: Invalid content signature (main/top-sites) using 'remote-settings.content-signature.mozilla.org-2025-09-08-21-33-59.chain'
console.error: services.settings: 
  main/top-sites local data was corrupted
console.warn: services.settings: main/top-sites Signature verified failed. Retry from scratch
console.error: services.settings: 
  main/top-sites Signature failed again InvalidSignatureError: Invalid content signature (main/top-sites) using 'remote-settings.content-signature.mozilla.org-2025-09-08-21-33-59.chain'
console.error: services.settings: 
  Message: InvalidSignatureError: Invalid content signature (main/top-sites) using 'remote-settings.content-signature.mozilla.org-2025-09-08-21-33-59.chain'
  Stack:
    InvalidSignatureError@resource://services-settings/RemoteSettingsClient.sys.mjs:165:5
_validateCollectionSignature@resource://services-settings/RemoteSettingsClient.sys.mjs:1021:13

console.error: services.settings: 
  main/password-rules Signature failed  InvalidSignatureError: Invalid content signature (main/password-rules) using 'remote-settings.content-signature.mozilla.org-2025-09-08-21-33-59.chain'
console.error: services.settings: 
  main/password-rules local data was corrupted
console.warn: services.settings: main/password-rules Signature verified failed. Retry from scratch
console.error: services.settings: 
  main/password-rules Signature failed again InvalidSignatureError: Invalid content signature (main/password-rules) using 'remote-settings.content-signature.mozilla.org-2025-09-08-21-33-59.chain'
console.error: services.settings: 
  Message: InvalidSignatureError: Invalid content signature (main/password-rules) using 'remote-settings.content-signature.mozilla.org-2025-09-08-21-33-59.chain'
  Stack:
    InvalidSignatureError@resource://services-settings/RemoteSettingsClient.sys.mjs:165:5
_validateCollectionSignature@resource://services-settings/RemoteSettingsClient.sys.mjs:1021:13

console.error: services.settings: 
  main/url-classifier-skip-urls Signature failed  InvalidSignatureError: Invalid content signature (main/url-classifier-skip-urls) using 'remote-settings.content-signature.mozilla.org-2025-09-08-21-33-59.chain'
console.error: services.settings: 
  main/url-classifier-skip-urls local data was corrupted
console.warn: services.settings: main/url-classifier-skip-urls Signature verified failed. Retry from scratch
console.error: services.settings: 
  main/url-classifier-skip-urls Signature failed again InvalidSignatureError: Invalid content signature (main/url-classifier-skip-urls) using 'remote-settings.content-signature.mozilla.org-2025-09-08-21-33-59.chain'
console.error: services.settings: 
  Message: InvalidSignatureError: Invalid content signature (main/url-classifier-skip-urls) using 'remote-settings.content-signature.mozilla.org-2025-09-08-21-33-59.chain'
  Stack:
    InvalidSignatureError@resource://services-settings/RemoteSettingsClient.sys.mjs:165:5
_validateCollectionSignature@resource://services-settings/RemoteSettingsClient.sys.mjs:1021:13

console.error: services.settings: 
  main/websites-with-shared-credential-backends Signature failed  InvalidSignatureError: Invalid content signature (main/websites-with-shared-credential-backends) using 'remote-settings.content-signature.mozilla.org-2025-09-08-21-33-59.chain'
console.error: services.settings: 
  main/websites-with-shared-credential-backends local data was corrupted
console.warn: services.settings: main/websites-with-shared-credential-backends Signature verified failed. Retry from scratch
console.error: services.settings: 
  main/websites-with-shared-credential-backends Signature failed again InvalidSignatureError: Invalid content signature (main/websites-with-shared-credential-backends) using 'remote-settings.content-signature.mozilla.org-2025-09-08-21-33-59.chain'
console.error: services.settings: 
  Message: InvalidSignatureError: Invalid content signature (main/websites-with-shared-credential-backends) using 'remote-settings.content-signature.mozilla.org-2025-09-08-21-33-59.chain'
  Stack:
    InvalidSignatureError@resource://services-settings/RemoteSettingsClient.sys.mjs:165:5
_validateCollectionSignature@resource://services-settings/RemoteSettingsClient.sys.mjs:1021:13

console.error: services.settings: 
  main/normandy-recipes-capabilities Signature failed  InvalidSignatureError: Invalid content signature (main/normandy-recipes-capabilities) using 'remote-settings.content-signature.mozilla.org-2025-09-08-21-33-59.chain'
console.error: services.settings: 
  main/normandy-recipes-capabilities local data was corrupted
console.warn: services.settings: main/normandy-recipes-capabilities Signature verified failed. Retry from scratch
console.error: services.settings: 
  main/normandy-recipes-capabilities Signature failed again InvalidSignatureError: Invalid content signature (main/normandy-recipes-capabilities) using 'remote-settings.content-signature.mozilla.org-2025-09-08-21-33-59.chain'
console.error: services.settings: 
  Message: InvalidSignatureError: Invalid content signature (main/normandy-recipes-capabilities) using 'remote-settings.content-signature.mozilla.org-2025-09-08-21-33-59.chain'
  Stack:
    InvalidSignatureError@resource://services-settings/RemoteSettingsClient.sys.mjs:165:5
_validateCollectionSignature@resource://services-settings/RemoteSettingsClient.sys.mjs:1021:13

console.error: services.settings: 
  main/cookie-banner-rules-list Signature failed  InvalidSignatureError: Invalid content signature (main/cookie-banner-rules-list) using 'remote-settings.content-signature.mozilla.org-2025-09-08-21-33-59.chain'
console.error: services.settings: 
  main/cookie-banner-rules-list local data was corrupted
console.warn: services.settings: main/cookie-banner-rules-list Signature verified failed. Retry from scratch
console.error: services.settings: 
  main/cookie-banner-rules-list Signature failed again InvalidSignatureError: Invalid content signature (main/cookie-banner-rules-list) using 'remote-settings.content-signature.mozilla.org-2025-09-08-21-33-59.chain'
console.error: services.settings: 
  Message: InvalidSignatureError: Invalid content signature (main/cookie-banner-rules-list) using 'remote-settings.content-signature.mozilla.org-2025-09-08-21-33-59.chain'
  Stack:
    InvalidSignatureError@resource://services-settings/RemoteSettingsClient.sys.mjs:165:5
_validateCollectionSignature@resource://services-settings/RemoteSettingsClient.sys.mjs:1021:13

console.warn: services.settings: main/search-config Signature verified failed. Retry from scratch
console.error: services.settings: 
  main/search-config Signature failed again InvalidSignatureError: Invalid content signature (main/search-config) using 'remote-settings.content-signature.mozilla.org-2025-09-08-21-33-59.chain'
console.error: services.settings: 
  Message: InvalidSignatureError: Invalid content signature (main/search-config) using 'remote-settings.content-signature.mozilla.org-2025-09-08-21-33-59.chain'
  Stack:
    InvalidSignatureError@resource://services-settings/RemoteSettingsClient.sys.mjs:165:5
_validateCollectionSignature@resource://services-settings/RemoteSettingsClient.sys.mjs:1021:13

console.warn: services.settings: main/search-config-overrides Signature verified failed. Retry from scratch
console.error: services.settings: 
  main/search-config-overrides Signature failed again InvalidSignatureError: Invalid content signature (main/search-config-overrides) using 'remote-settings.content-signature.mozilla.org-2025-09-08-21-33-59.chain'
console.error: services.settings: 
  Message: InvalidSignatureError: Invalid content signature (main/search-config-overrides) using 'remote-settings.content-signature.mozilla.org-2025-09-08-21-33-59.chain'
  Stack:
    InvalidSignatureError@resource://services-settings/RemoteSettingsClient.sys.mjs:165:5
_validateCollectionSignature@resource://services-settings/RemoteSettingsClient.sys.mjs:1021:13

console.error: services.settings: 
  main/query-stripping Signature failed  InvalidSignatureError: Invalid content signature (main/query-stripping) using 'remote-settings.content-signature.mozilla.org-2025-09-08-21-33-59.chain'
console.error: services.settings: 
  main/query-stripping local data was corrupted
console.warn: services.settings: main/query-stripping Signature verified failed. Retry from scratch
console.error: services.settings: 
  main/query-stripping Signature failed again InvalidSignatureError: Invalid content signature (main/query-stripping) using 'remote-settings.content-signature.mozilla.org-2025-09-08-21-33-59.chain'
console.error: services.settings: 
  Message: InvalidSignatureError: Invalid content signature (main/query-stripping) using 'remote-settings.content-signature.mozilla.org-2025-09-08-21-33-59.chain'
  Stack:
    InvalidSignatureError@resource://services-settings/RemoteSettingsClient.sys.mjs:165:5
_validateCollectionSignature@resource://services-settings/RemoteSettingsClient.sys.mjs:1021:13

console.error: services.settings: 
  main/addons-manager-settings Signature failed  InvalidSignatureError: Invalid content signature (main/addons-manager-settings) using 'remote-settings.content-signature.mozilla.org-2025-09-08-21-33-59.chain'
console.error: services.settings: 
  main/addons-manager-settings local data was corrupted
console.warn: services.settings: main/addons-manager-settings Signature verified failed. Retry from scratch
console.error: services.settings: 
  main/addons-manager-settings Signature failed again InvalidSignatureError: Invalid content signature (main/addons-manager-settings) using 'remote-settings.content-signature.mozilla.org-2025-09-08-21-33-59.chain'
console.error: services.settings: 
  Message: InvalidSignatureError: Invalid content signature (main/addons-manager-settings) using 'remote-settings.content-signature.mozilla.org-2025-09-08-21-33-59.chain'
  Stack:
    InvalidSignatureError@resource://services-settings/RemoteSettingsClient.sys.mjs:165:5
_validateCollectionSignature@resource://services-settings/RemoteSettingsClient.sys.mjs:1021:13

console.error: services.settings: 
  main/doh-providers Signature failed  InvalidSignatureError: Invalid content signature (main/doh-providers) using 'remote-settings.content-signature.mozilla.org-2025-09-08-21-33-59.chain'
console.error: services.settings: 
  main/doh-providers local data was corrupted
console.warn: services.settings: main/doh-providers Signature verified failed. Retry from scratch
console.error: services.settings: 
  main/doh-providers Signature failed again InvalidSignatureError: Invalid content signature (main/doh-providers) using 'remote-settings.content-signature.mozilla.org-2025-09-08-21-33-59.chain'
console.error: services.settings: 
  Message: InvalidSignatureError: Invalid content signature (main/doh-providers) using 'remote-settings.content-signature.mozilla.org-2025-09-08-21-33-59.chain'
  Stack:
    InvalidSignatureError@resource://services-settings/RemoteSettingsClient.sys.mjs:165:5
_validateCollectionSignature@resource://services-settings/RemoteSettingsClient.sys.mjs:1021:13

console.error: services.settings: 
  main/pioneer-study-addons-v1 Signature failed  InvalidSignatureError: Invalid content signature (main/pioneer-study-addons-v1) using 'remote-settings.content-signature.mozilla.org-2025-09-08-21-33-59.chain'
console.error: services.settings: 
  main/pioneer-study-addons-v1 local data was corrupted
console.warn: services.settings: main/pioneer-study-addons-v1 Signature verified failed. Retry from scratch
console.error: services.settings: 
  main/pioneer-study-addons-v1 Signature failed again InvalidSignatureError: Invalid content signature (main/pioneer-study-addons-v1) using 'remote-settings.content-signature.mozilla.org-2025-09-08-21-33-59.chain'
console.error: services.settings: 
  Message: InvalidSignatureError: Invalid content signature (main/pioneer-study-addons-v1) using 'remote-settings.content-signature.mozilla.org-2025-09-08-21-33-59.chain'
  Stack:
    InvalidSignatureError@resource://services-settings/RemoteSettingsClient.sys.mjs:165:5
_validateCollectionSignature@resource://services-settings/RemoteSettingsClient.sys.mjs:1021:13

console.warn: services.settings: main/hijack-blocklists Signature verified failed. Retry from scratch
console.error: services.settings: 
  main/hijack-blocklists Signature failed again InvalidSignatureError: Invalid content signature (main/hijack-blocklists) using 'remote-settings.content-signature.mozilla.org-2025-09-08-21-33-59.chain'
console.error: services.settings: 
  Message: InvalidSignatureError: Invalid content signature (main/hijack-blocklists) using 'remote-settings.content-signature.mozilla.org-2025-09-08-21-33-59.chain'
  Stack:
    InvalidSignatureError@resource://services-settings/RemoteSettingsClient.sys.mjs:165:5
_validateCollectionSignature@resource://services-settings/RemoteSettingsClient.sys.mjs:1021:13

console.warn: services.settings: main/anti-tracking-url-decoration Signature verified failed. Retry from scratch
console.error: services.settings: 
  main/anti-tracking-url-decoration Signature failed again InvalidSignatureError: Invalid content signature (main/anti-tracking-url-decoration) using 'remote-settings.content-signature.mozilla.org-2025-09-08-21-33-59.chain'
console.error: services.settings: 
  Message: InvalidSignatureError: Invalid content signature (main/anti-tracking-url-decoration) using 'remote-settings.content-signature.mozilla.org-2025-09-08-21-33-59.chain'
  Stack:
    InvalidSignatureError@resource://services-settings/RemoteSettingsClient.sys.mjs:165:5
_validateCollectionSignature@resource://services-settings/RemoteSettingsClient.sys.mjs:1021:13

console.error: (new InvalidSignatureError("Invalid content signature (blocklists/addons-bloomfilters) using 'remote-settings.content-signature.mozilla.org-2025-09-08-21-33-59.chain'", "resource://services-settings/RemoteSettingsClient.sys.mjs", 165))
JavaScript warning: https://www.googletagmanager.com/gtag/js?id=G-S3V05QCXK5&cx=c&_slc=1, line 718: Script terminated by timeout at:
k.gj@https://www.googletagmanager.com/gtag/js?id=G-S3V05QCXK5&cx=c&_slc=1:718:30
get@https://www.googletagmanager.com/gtag/js?id=G-S3V05QCXK5&cx=c&_slc=1:716:119
stop@https://www.googletagmanager.com/gtag/js?id=G-S3V05QCXK5&cx=c&_slc=1:716:87
k.ao/c/<@https://www.googletagmanager.com/gtag/js?id=G-S3V05QCXK5&cx=c&_slc=1:716:410

1753949286194	Marionette	INFO	Stopped listening on port 53514
Dynamically enable window occlusion 1
1753949339763	geckodriver	INFO	Listening on 127.0.0.1:53633
1753949342800	mozrunner::runner	INFO	Running command: "C:\\Program Files\\Mozilla Firefox\\firefox.exe" "--marionette" "--remote-debugging-port" "53634" "--remote-allow-hosts" "localhost" "-no-remote" "-profile" "C:\\Users\\Atomix\\AppData\\Local\\Temp\\rust_mozprofileOmmsPN"
console.warn: services.settings: Ignoring preference override of remote settings server
console.warn: services.settings: Allow by setting MOZ_REMOTE_SETTINGS_DEVTOOLS=1 in the environment
Dynamically enable window occlusion 0
1753949343045	Marionette	INFO	Marionette enabled
1753949343166	Marionette	INFO	Listening on port 53641
WebDriver BiDi listening on ws://127.0.0.1:53634
Read port: 53641
1753949343345	RemoteAgent	WARN	TLS certificate errors will be ignored for this session
console.error: services.settings: 
  main/query-stripping Signature failed  InvalidSignatureError: Invalid content signature (main/query-stripping) using 'remote-settings.content-signature.mozilla.org-2025-09-08-21-33-59.chain'
console.error: services.settings: 
  main/query-stripping local data was corrupted
console.warn: services.settings: main/query-stripping Signature verified failed. Retry from scratch
console.error: services.settings: 
  main/fingerprinting-protection-overrides Signature failed  InvalidSignatureError: Invalid content signature (main/fingerprinting-protection-overrides) using 'remote-settings.content-signature.mozilla.org-2025-09-08-21-33-59.chain'
console.error: services.settings: 
  main/fingerprinting-protection-overrides local data was corrupted
console.warn: services.settings: main/fingerprinting-protection-overrides Signature verified failed. Retry from scratch
console.error: services.settings: 
  main/query-stripping Signature failed again InvalidSignatureError: Invalid content signature (main/query-stripping) using 'remote-settings.content-signature.mozilla.org-2025-09-08-21-33-59.chain'
console.error: (new InvalidSignatureError("Invalid content signature (main/query-stripping) using 'remote-settings.content-signature.mozilla.org-2025-09-08-21-33-59.chain'", "resource://services-settings/RemoteSettingsClient.sys.mjs", 165))
console.error: services.settings: 
  main/fingerprinting-protection-overrides Signature failed again InvalidSignatureError: Invalid content signature (main/fingerprinting-protection-overrides) using 'remote-settings.content-signature.mozilla.org-2025-09-08-21-33-59.chain'
console.error: (new InvalidSignatureError("Invalid content signature (main/fingerprinting-protection-overrides) using 'remote-settings.content-signature.mozilla.org-2025-09-08-21-33-59.chain'", "resource://services-settings/RemoteSettingsClient.sys.mjs", 165))
DevTools listening on ws://127.0.0.1:53634/devtools/browser/27d96080-b324-48d9-b099-81cf366c8dbb
console.error: services.settings: 
  main/partitioning-exempt-urls Signature failed  InvalidSignatureError: Invalid content signature (main/partitioning-exempt-urls) using 'remote-settings.content-signature.mozilla.org-2025-09-08-21-33-59.chain'
console.error: services.settings: 
  main/partitioning-exempt-urls local data was corrupted
console.warn: services.settings: main/partitioning-exempt-urls Signature verified failed. Retry from scratch
console.error: services.settings: 
  main/partitioning-exempt-urls Signature failed again InvalidSignatureError: Invalid content signature (main/partitioning-exempt-urls) using 'remote-settings.content-signature.mozilla.org-2025-09-08-21-33-59.chain'
console.error: (new InvalidSignatureError("Invalid content signature (main/partitioning-exempt-urls) using 'remote-settings.content-signature.mozilla.org-2025-09-08-21-33-59.chain'", "resource://services-settings/RemoteSettingsClient.sys.mjs", 165))
JavaScript warning: https://oogacnlcgba-496ff2e9c6d22116-0-colab.googleusercontent.com/outputframe.html?vrz=colab_20250729-060053_RC00_788359736, line 239: Using //@ to indicate sourceURL pragmas is deprecated. Use //# instead
JavaScript warning: https://mmarevgm76f-496ff2e9c6d22116-0-colab.googleusercontent.com/outputframe.html?vrz=colab_20250729-060053_RC00_788359736, line 239: Using //@ to indicate sourceURL pragmas is deprecated. Use //# instead
JavaScript warning: https://oogacnlcgba-496ff2e9c6d22116-0-colab.googleusercontent.com/outputframe.html?vrz=colab_20250729-060053_RC00_788359736, line 239: Using //@ to indicate sourceURL pragmas is deprecated. Use //# instead
JavaScript warning: https://www.google.com/js/bg/0qnx2Gb82MY1wqpIt-pJ8z32LEcFDaWHqPgsrVnGetI.js, line 352: unreachable code after return statement
JavaScript warning: https://www.google.com/js/bg/0qnx2Gb82MY1wqpIt-pJ8z32LEcFDaWHqPgsrVnGetI.js, line 352: unreachable code after return statement
JavaScript warning: https://www.google.com/js/bg/0qnx2Gb82MY1wqpIt-pJ8z32LEcFDaWHqPgsrVnGetI.js, line 352: unreachable code after return statement
JavaScript warning: https://www.google.com/js/bg/0qnx2Gb82MY1wqpIt-pJ8z32LEcFDaWHqPgsrVnGetI.js, line 352: unreachable code after return statement
JavaScript warning: https://www.google.com/js/bg/0qnx2Gb82MY1wqpIt-pJ8z32LEcFDaWHqPgsrVnGetI.js, line 352: unreachable code after return statement
JavaScript warning: https://www.google.com/js/bg/0qnx2Gb82MY1wqpIt-pJ8z32LEcFDaWHqPgsrVnGetI.js, line 352: unreachable code after return statement
JavaScript warning: https://www.google.com/js/bg/0qnx2Gb82MY1wqpIt-pJ8z32LEcFDaWHqPgsrVnGetI.js, line 352: unreachable code after return statement
JavaScript warning: https://www.google.com/js/bg/0qnx2Gb82MY1wqpIt-pJ8z32LEcFDaWHqPgsrVnGetI.js line 2 > eval, line 352: unreachable code after return statement
JavaScript warning: https://www.google.com/js/bg/0qnx2Gb82MY1wqpIt-pJ8z32LEcFDaWHqPgsrVnGetI.js line 2 > eval, line 352: unreachable code after return statement
JavaScript warning: https://www.google.com/js/bg/0qnx2Gb82MY1wqpIt-pJ8z32LEcFDaWHqPgsrVnGetI.js line 2 > eval, line 352: unreachable code after return statement
JavaScript warning: https://www.google.com/js/bg/0qnx2Gb82MY1wqpIt-pJ8z32LEcFDaWHqPgsrVnGetI.js line 2 > eval, line 352: unreachable code after return statement
JavaScript warning: https://www.google.com/js/bg/0qnx2Gb82MY1wqpIt-pJ8z32LEcFDaWHqPgsrVnGetI.js line 2 > eval, line 1: unreachable code after return statement
JavaScript warning: https://www.google.com/js/bg/0qnx2Gb82MY1wqpIt-pJ8z32LEcFDaWHqPgsrVnGetI.js line 2 > eval line 352 > eval, line 1: unreachable code after return statement
JavaScript warning: https://oogacnlcgba-496ff2e9c6d22116-0-colab.googleusercontent.com/outputframe.html?vrz=colab_20250729-060053_RC00_788359736 line 13 > eval, line 972: Using //@ to indicate sourceURL pragmas is deprecated. Use //# instead
JavaScript warning: https://www.google.com/js/bg/0qnx2Gb82MY1wqpIt-pJ8z32LEcFDaWHqPgsrVnGetI.js line 2 > eval, line 1: unreachable code after return statement
JavaScript warning: https://www.google.com/js/bg/0qnx2Gb82MY1wqpIt-pJ8z32LEcFDaWHqPgsrVnGetI.js line 2 > eval line 352 > eval, line 1: unreachable code after return statement
JavaScript warning: https://www.google.com/js/bg/0qnx2Gb82MY1wqpIt-pJ8z32LEcFDaWHqPgsrVnGetI.js line 2 > eval, line 1: unreachable code after return statement
JavaScript warning: https://www.google.com/js/bg/0qnx2Gb82MY1wqpIt-pJ8z32LEcFDaWHqPgsrVnGetI.js line 2 > eval line 352 > eval, line 1: unreachable code after return statement
JavaScript warning: https://www.google.com/js/bg/0qnx2Gb82MY1wqpIt-pJ8z32LEcFDaWHqPgsrVnGetI.js line 2 > eval, line 352: unreachable code after return statement
JavaScript warning: https://www.google.com/js/bg/0qnx2Gb82MY1wqpIt-pJ8z32LEcFDaWHqPgsrVnGetI.js line 2 > eval, line 352: unreachable code after return statement
JavaScript warning: https://www.google.com/js/bg/0qnx2Gb82MY1wqpIt-pJ8z32LEcFDaWHqPgsrVnGetI.js line 2 > eval, line 352: unreachable code after return statement
JavaScript warning: https://www.google.com/js/bg/0qnx2Gb82MY1wqpIt-pJ8z32LEcFDaWHqPgsrVnGetI.js line 2 > eval line 352 > eval line 1 > eval, line 1: unreachable code after return statement
JavaScript warning: https://www.google.com/js/bg/0qnx2Gb82MY1wqpIt-pJ8z32LEcFDaWHqPgsrVnGetI.js line 2 > eval line 352 > eval line 1 > eval, line 1: unreachable code after return statement
JavaScript warning: https://www.google.com/js/bg/0qnx2Gb82MY1wqpIt-pJ8z32LEcFDaWHqPgsrVnGetI.js line 2 > eval line 352 > eval line 1 > eval, line 1: unreachable code after return statement
JavaScript warning: https://www.google.com/js/bg/0qnx2Gb82MY1wqpIt-pJ8z32LEcFDaWHqPgsrVnGetI.js line 2 > eval line 352 > eval line 1 > eval line 1 > eval, line 1: unreachable code after return statement
JavaScript warning: https://www.google.com/js/bg/0qnx2Gb82MY1wqpIt-pJ8z32LEcFDaWHqPgsrVnGetI.js line 2 > eval line 352 > eval line 1 > eval line 1 > eval, line 1: unreachable code after return statement
JavaScript warning: https://www.google.com/js/bg/0qnx2Gb82MY1wqpIt-pJ8z32LEcFDaWHqPgsrVnGetI.js line 2 > eval line 352 > eval line 1 > eval line 1 > eval, line 1: unreachable code after return statement
JavaScript warning: https://ffpulcbfrsb-496ff2e9c6d22116-0-colab.googleusercontent.com/outputframe.html?vrz=colab_20250729-060053_RC00_788359736, line 239: Using //@ to indicate sourceURL pragmas is deprecated. Use //# instead
JavaScript warning: https://at4tt14jzoi-496ff2e9c6d22116-0-colab.googleusercontent.com/outputframe.html?vrz=colab_20250729-060053_RC00_788359736, line 239: Using //@ to indicate sourceURL pragmas is deprecated. Use //# instead
JavaScript warning: https://ffpulcbfrsb-496ff2e9c6d22116-0-colab.googleusercontent.com/outputframe.html?vrz=colab_20250729-060053_RC00_788359736, line 239: Using //@ to indicate sourceURL pragmas is deprecated. Use //# instead
JavaScript warning: https://www.google.com/js/bg/ewkwPWymqQfuUctaJ1I01ziIEjwrJG28Jgq1eVP0gew.js, line 1192: unreachable code after return statement
JavaScript warning: https://www.google.com/js/bg/ewkwPWymqQfuUctaJ1I01ziIEjwrJG28Jgq1eVP0gew.js, line 1192: unreachable code after return statement
JavaScript warning: https://www.google.com/js/bg/ewkwPWymqQfuUctaJ1I01ziIEjwrJG28Jgq1eVP0gew.js, line 1192: unreachable code after return statement
JavaScript warning: https://www.google.com/js/bg/ewkwPWymqQfuUctaJ1I01ziIEjwrJG28Jgq1eVP0gew.js line 2 > eval, line 1192: unreachable code after return statement
JavaScript warning: https://www.google.com/js/bg/ewkwPWymqQfuUctaJ1I01ziIEjwrJG28Jgq1eVP0gew.js line 2 > eval, line 1192: unreachable code after return statement
JavaScript warning: https://www.google.com/js/bg/ewkwPWymqQfuUctaJ1I01ziIEjwrJG28Jgq1eVP0gew.js line 2 > eval, line 1192: unreachable code after return statement
JavaScript warning: https://www.google.com/js/bg/ewkwPWymqQfuUctaJ1I01ziIEjwrJG28Jgq1eVP0gew.js line 2 > eval, line 1: unreachable code after return statement
JavaScript warning: https://www.google.com/js/bg/ewkwPWymqQfuUctaJ1I01ziIEjwrJG28Jgq1eVP0gew.js line 2 > eval line 1192 > eval, line 1: unreachable code after return statement
JavaScript warning: https://www.google.com/js/bg/ewkwPWymqQfuUctaJ1I01ziIEjwrJG28Jgq1eVP0gew.js line 2 > eval, line 1: unreachable code after return statement
JavaScript warning: https://www.google.com/js/bg/ewkwPWymqQfuUctaJ1I01ziIEjwrJG28Jgq1eVP0gew.js line 2 > eval line 1192 > eval, line 1: unreachable code after return statement
JavaScript warning: https://www.google.com/js/bg/ewkwPWymqQfuUctaJ1I01ziIEjwrJG28Jgq1eVP0gew.js line 2 > eval line 1192 > eval line 1 > eval, line 1: unreachable code after return statement
JavaScript warning: https://www.google.com/js/bg/ewkwPWymqQfuUctaJ1I01ziIEjwrJG28Jgq1eVP0gew.js line 2 > eval line 1192 > eval line 1 > eval, line 1: unreachable code after return statement
JavaScript warning: https://www.google.com/js/bg/ewkwPWymqQfuUctaJ1I01ziIEjwrJG28Jgq1eVP0gew.js line 2 > eval line 1192 > eval line 1 > eval line 1 > eval, line 1: unreachable code after return statement
JavaScript warning: https://www.google.com/js/bg/ewkwPWymqQfuUctaJ1I01ziIEjwrJG28Jgq1eVP0gew.js line 2 > eval line 1192 > eval line 1 > eval line 1 > eval, line 1: unreachable code after return statement
1753949373552	addons.xpi	ERROR	System addon update list error SyntaxError: XMLHttpRequest.open: 'http://%(server)s/dummy-system-addons.xml' is not a valid URL.
JavaScript warning: https://ffpulcbfrsb-496ff2e9c6d22116-0-colab.googleusercontent.com/outputframe.html?vrz=colab_20250729-060053_RC00_788359736 line 13 > eval, line 972: Using //@ to indicate sourceURL pragmas is deprecated. Use //# instead
console.error: services.settings: 
  security-state/cert-revocations Signature failed  InvalidSignatureError: Invalid content signature (security-state/cert-revocations) using 'onecrl.content-signature.mozilla.org-2025-09-11-10-18-46.chain'
console.error: services.settings: 
  security-state/cert-revocations local data was corrupted
console.warn: services.settings: security-state/cert-revocations Signature verified failed. Retry from scratch
console.error: services.settings: 
  security-state/cert-revocations Signature failed again InvalidSignatureError: Invalid content signature (security-state/cert-revocations) using 'onecrl.content-signature.mozilla.org-2025-09-11-10-18-46.chain'
console.error: services.settings: 
  Message: InvalidSignatureError: Invalid content signature (security-state/cert-revocations) using 'onecrl.content-signature.mozilla.org-2025-09-11-10-18-46.chain'
  Stack:
    InvalidSignatureError@resource://services-settings/RemoteSettingsClient.sys.mjs:165:5
_validateCollectionSignature@resource://services-settings/RemoteSettingsClient.sys.mjs:1021:13

console.warn: LoginRecipes: "Falling back to a synchronous message for: https://accounts.google.com."
JavaScript warning: https://accounts.google.com/v3/signin/identifier?authuser=0&continue=https%3A%2F%2Fcolab.research.google.com%2Fdrive%2F1SYoYLAALYgvNVwPRAYxsJBKK_6aTHjNc&hl=en&ifkv=AdBytiOSrL20PRUxt3ciUSOewfTNVCkOHHJi5CmLhBF44iVr-YK3zt-tnjiuJRQsHbl3WJh1vTfk&flowName=GlifWebSignIn&flowEntry=ServiceLogin&dsh=S1211267030%3A1753949376222775 line 1275 > injectedScript, line 4470: unreachable code after return statement
JavaScript warning: https://accounts.google.com/v3/signin/identifier?authuser=0&continue=https%3A%2F%2Fcolab.research.google.com%2Fdrive%2F1SYoYLAALYgvNVwPRAYxsJBKK_6aTHjNc&hl=en&ifkv=AdBytiOSrL20PRUxt3ciUSOewfTNVCkOHHJi5CmLhBF44iVr-YK3zt-tnjiuJRQsHbl3WJh1vTfk&flowName=GlifWebSignIn&flowEntry=ServiceLogin&dsh=S1211267030%3A1753949376222775 line 1275 > injectedScript, line 4470: unreachable code after return statement
JavaScript warning: https://accounts.google.com/v3/signin/identifier?authuser=0&continue=https%3A%2F%2Fcolab.research.google.com%2Fdrive%2F1SYoYLAALYgvNVwPRAYxsJBKK_6aTHjNc&hl=en&ifkv=AdBytiOSrL20PRUxt3ciUSOewfTNVCkOHHJi5CmLhBF44iVr-YK3zt-tnjiuJRQsHbl3WJh1vTfk&flowName=GlifWebSignIn&flowEntry=ServiceLogin&dsh=S1211267030%3A1753949376222775 line 1275 > injectedScript, line 4470: unreachable code after return statement
JavaScript warning: https://accounts.google.com/v3/signin/identifier?authuser=0&continue=https%3A%2F%2Fcolab.research.google.com%2Fdrive%2F1SYoYLAALYgvNVwPRAYxsJBKK_6aTHjNc&hl=en&ifkv=AdBytiOSrL20PRUxt3ciUSOewfTNVCkOHHJi5CmLhBF44iVr-YK3zt-tnjiuJRQsHbl3WJh1vTfk&flowName=GlifWebSignIn&flowEntry=ServiceLogin&dsh=S1211267030%3A1753949376222775 line 1275 > injectedScript line 2 > eval, line 4470: unreachable code after return statement
JavaScript warning: https://accounts.google.com/v3/signin/identifier?authuser=0&continue=https%3A%2F%2Fcolab.research.google.com%2Fdrive%2F1SYoYLAALYgvNVwPRAYxsJBKK_6aTHjNc&hl=en&ifkv=AdBytiOSrL20PRUxt3ciUSOewfTNVCkOHHJi5CmLhBF44iVr-YK3zt-tnjiuJRQsHbl3WJh1vTfk&flowName=GlifWebSignIn&flowEntry=ServiceLogin&dsh=S1211267030%3A1753949376222775 line 1275 > injectedScript line 2 > eval, line 4470: unreachable code after return statement
JavaScript warning: https://accounts.google.com/v3/signin/identifier?authuser=0&continue=https%3A%2F%2Fcolab.research.google.com%2Fdrive%2F1SYoYLAALYgvNVwPRAYxsJBKK_6aTHjNc&hl=en&ifkv=AdBytiOSrL20PRUxt3ciUSOewfTNVCkOHHJi5CmLhBF44iVr-YK3zt-tnjiuJRQsHbl3WJh1vTfk&flowName=GlifWebSignIn&flowEntry=ServiceLogin&dsh=S1211267030%3A1753949376222775 line 1275 > injectedScript line 2 > eval, line 4470: unreachable code after return statement
JavaScript warning: https://accounts.google.com/v3/signin/identifier?authuser=0&continue=https%3A%2F%2Fcolab.research.google.com%2Fdrive%2F1SYoYLAALYgvNVwPRAYxsJBKK_6aTHjNc&hl=en&ifkv=AdBytiOSrL20PRUxt3ciUSOewfTNVCkOHHJi5CmLhBF44iVr-YK3zt-tnjiuJRQsHbl3WJh1vTfk&flowName=GlifWebSignIn&flowEntry=ServiceLogin&dsh=S1211267030%3A1753949376222775 line 1275 > injectedScript line 2 > eval line 4470 > eval, line 1: unreachable code after return statement
JavaScript warning: https://accounts.google.com/v3/signin/identifier?authuser=0&continue=https%3A%2F%2Fcolab.research.google.com%2Fdrive%2F1SYoYLAALYgvNVwPRAYxsJBKK_6aTHjNc&hl=en&ifkv=AdBytiOSrL20PRUxt3ciUSOewfTNVCkOHHJi5CmLhBF44iVr-YK3zt-tnjiuJRQsHbl3WJh1vTfk&flowName=GlifWebSignIn&flowEntry=ServiceLogin&dsh=S1211267030%3A1753949376222775 line 1275 > injectedScript line 2 > eval line 4470 > eval line 1 > eval, line 1: unreachable code after return statement
JavaScript warning: https://accounts.google.com/v3/signin/identifier?authuser=0&continue=https%3A%2F%2Fcolab.research.google.com%2Fdrive%2F1SYoYLAALYgvNVwPRAYxsJBKK_6aTHjNc&hl=en&ifkv=AdBytiOSrL20PRUxt3ciUSOewfTNVCkOHHJi5CmLhBF44iVr-YK3zt-tnjiuJRQsHbl3WJh1vTfk&flowName=GlifWebSignIn&flowEntry=ServiceLogin&dsh=S1211267030%3A1753949376222775 line 1275 > injectedScript line 2 > eval line 4470 > eval, line 1: unreachable code after return statement
JavaScript warning: https://accounts.google.com/v3/signin/identifier?authuser=0&continue=https%3A%2F%2Fcolab.research.google.com%2Fdrive%2F1SYoYLAALYgvNVwPRAYxsJBKK_6aTHjNc&hl=en&ifkv=AdBytiOSrL20PRUxt3ciUSOewfTNVCkOHHJi5CmLhBF44iVr-YK3zt-tnjiuJRQsHbl3WJh1vTfk&flowName=GlifWebSignIn&flowEntry=ServiceLogin&dsh=S1211267030%3A1753949376222775 line 1275 > injectedScript line 2 > eval line 4470 > eval line 1 > eval, line 1: unreachable code after return statement
JavaScript warning: https://accounts.google.com/v3/signin/identifier?authuser=0&continue=https%3A%2F%2Fcolab.research.google.com%2Fdrive%2F1SYoYLAALYgvNVwPRAYxsJBKK_6aTHjNc&hl=en&ifkv=AdBytiOSrL20PRUxt3ciUSOewfTNVCkOHHJi5CmLhBF44iVr-YK3zt-tnjiuJRQsHbl3WJh1vTfk&flowName=GlifWebSignIn&flowEntry=ServiceLogin&dsh=S1211267030%3A1753949376222775 line 1275 > injectedScript line 2 > eval line 4470 > eval line 1 > eval, line 1: unreachable code after return statement
JavaScript warning: https://accounts.google.com/v3/signin/identifier?authuser=0&continue=https%3A%2F%2Fcolab.research.google.com%2Fdrive%2F1SYoYLAALYgvNVwPRAYxsJBKK_6aTHjNc&hl=en&ifkv=AdBytiOSrL20PRUxt3ciUSOewfTNVCkOHHJi5CmLhBF44iVr-YK3zt-tnjiuJRQsHbl3WJh1vTfk&flowName=GlifWebSignIn&flowEntry=ServiceLogin&dsh=S1211267030%3A1753949376222775 line 1275 > injectedScript line 2 > eval line 4470 > eval line 1 > eval, line 1: unreachable code after return statement
JavaScript warning: https://accounts.google.com/v3/signin/identifier?authuser=0&continue=https%3A%2F%2Fcolab.research.google.com%2Fdrive%2F1SYoYLAALYgvNVwPRAYxsJBKK_6aTHjNc&hl=en&ifkv=AdBytiOSrL20PRUxt3ciUSOewfTNVCkOHHJi5CmLhBF44iVr-YK3zt-tnjiuJRQsHbl3WJh1vTfk&flowName=GlifWebSignIn&flowEntry=ServiceLogin&dsh=S1211267030%3A1753949376222775 line 1275 > injectedScript line 2 > eval line 4470 > eval line 1 > eval line 1 > eval, line 1: unreachable code after return statement
JavaScript warning: https://accounts.google.com/v3/signin/identifier?authuser=0&continue=https%3A%2F%2Fcolab.research.google.com%2Fdrive%2F1SYoYLAALYgvNVwPRAYxsJBKK_6aTHjNc&hl=en&ifkv=AdBytiOSrL20PRUxt3ciUSOewfTNVCkOHHJi5CmLhBF44iVr-YK3zt-tnjiuJRQsHbl3WJh1vTfk&flowName=GlifWebSignIn&flowEntry=ServiceLogin&dsh=S1211267030%3A1753949376222775 line 1275 > injectedScript line 2 > eval line 4470 > eval line 1 > eval line 1 > eval, line 1: unreachable code after return statement
JavaScript warning: https://accounts.google.com/v3/signin/identifier?authuser=0&continue=https%3A%2F%2Fcolab.research.google.com%2Fdrive%2F1SYoYLAALYgvNVwPRAYxsJBKK_6aTHjNc&hl=en&ifkv=AdBytiOSrL20PRUxt3ciUSOewfTNVCkOHHJi5CmLhBF44iVr-YK3zt-tnjiuJRQsHbl3WJh1vTfk&flowName=GlifWebSignIn&flowEntry=ServiceLogin&dsh=S1211267030%3A1753949376222775 line 1275 > injectedScript, line 2692: unreachable code after return statement
JavaScript warning: https://accounts.google.com/v3/signin/identifier?authuser=0&continue=https%3A%2F%2Fcolab.research.google.com%2Fdrive%2F1SYoYLAALYgvNVwPRAYxsJBKK_6aTHjNc&hl=en&ifkv=AdBytiOSrL20PRUxt3ciUSOewfTNVCkOHHJi5CmLhBF44iVr-YK3zt-tnjiuJRQsHbl3WJh1vTfk&flowName=GlifWebSignIn&flowEntry=ServiceLogin&dsh=S1211267030%3A1753949376222775 line 1275 > injectedScript, line 2692: unreachable code after return statement
JavaScript warning: https://accounts.google.com/v3/signin/identifier?authuser=0&continue=https%3A%2F%2Fcolab.research.google.com%2Fdrive%2F1SYoYLAALYgvNVwPRAYxsJBKK_6aTHjNc&hl=en&ifkv=AdBytiOSrL20PRUxt3ciUSOewfTNVCkOHHJi5CmLhBF44iVr-YK3zt-tnjiuJRQsHbl3WJh1vTfk&flowName=GlifWebSignIn&flowEntry=ServiceLogin&dsh=S1211267030%3A1753949376222775 line 1275 > injectedScript, line 2692: unreachable code after return statement
JavaScript warning: https://accounts.google.com/v3/signin/identifier?authuser=0&continue=https%3A%2F%2Fcolab.research.google.com%2Fdrive%2F1SYoYLAALYgvNVwPRAYxsJBKK_6aTHjNc&hl=en&ifkv=AdBytiOSrL20PRUxt3ciUSOewfTNVCkOHHJi5CmLhBF44iVr-YK3zt-tnjiuJRQsHbl3WJh1vTfk&flowName=GlifWebSignIn&flowEntry=ServiceLogin&dsh=S1211267030%3A1753949376222775 line 1275 > injectedScript line 2 > eval, line 2692: unreachable code after return statement
JavaScript warning: https://accounts.google.com/v3/signin/identifier?authuser=0&continue=https%3A%2F%2Fcolab.research.google.com%2Fdrive%2F1SYoYLAALYgvNVwPRAYxsJBKK_6aTHjNc&hl=en&ifkv=AdBytiOSrL20PRUxt3ciUSOewfTNVCkOHHJi5CmLhBF44iVr-YK3zt-tnjiuJRQsHbl3WJh1vTfk&flowName=GlifWebSignIn&flowEntry=ServiceLogin&dsh=S1211267030%3A1753949376222775 line 1275 > injectedScript line 2 > eval, line 2692: unreachable code after return statement
JavaScript warning: https://accounts.google.com/v3/signin/identifier?authuser=0&continue=https%3A%2F%2Fcolab.research.google.com%2Fdrive%2F1SYoYLAALYgvNVwPRAYxsJBKK_6aTHjNc&hl=en&ifkv=AdBytiOSrL20PRUxt3ciUSOewfTNVCkOHHJi5CmLhBF44iVr-YK3zt-tnjiuJRQsHbl3WJh1vTfk&flowName=GlifWebSignIn&flowEntry=ServiceLogin&dsh=S1211267030%3A1753949376222775 line 1275 > injectedScript line 2 > eval, line 2692: unreachable code after return statement
JavaScript warning: https://accounts.google.com/v3/signin/identifier?authuser=0&continue=https%3A%2F%2Fcolab.research.google.com%2Fdrive%2F1SYoYLAALYgvNVwPRAYxsJBKK_6aTHjNc&hl=en&ifkv=AdBytiOSrL20PRUxt3ciUSOewfTNVCkOHHJi5CmLhBF44iVr-YK3zt-tnjiuJRQsHbl3WJh1vTfk&flowName=GlifWebSignIn&flowEntry=ServiceLogin&dsh=S1211267030%3A1753949376222775 line 1275 > injectedScript line 2 > eval line 2692 > eval, line 1: unreachable code after return statement
JavaScript warning: https://accounts.google.com/v3/signin/identifier?authuser=0&continue=https%3A%2F%2Fcolab.research.google.com%2Fdrive%2F1SYoYLAALYgvNVwPRAYxsJBKK_6aTHjNc&hl=en&ifkv=AdBytiOSrL20PRUxt3ciUSOewfTNVCkOHHJi5CmLhBF44iVr-YK3zt-tnjiuJRQsHbl3WJh1vTfk&flowName=GlifWebSignIn&flowEntry=ServiceLogin&dsh=S1211267030%3A1753949376222775 line 1275 > injectedScript line 2 > eval line 2692 > eval line 1 > eval, line 1: unreachable code after return statement
JavaScript warning: https://accounts.google.com/v3/signin/identifier?authuser=0&continue=https%3A%2F%2Fcolab.research.google.com%2Fdrive%2F1SYoYLAALYgvNVwPRAYxsJBKK_6aTHjNc&hl=en&ifkv=AdBytiOSrL20PRUxt3ciUSOewfTNVCkOHHJi5CmLhBF44iVr-YK3zt-tnjiuJRQsHbl3WJh1vTfk&flowName=GlifWebSignIn&flowEntry=ServiceLogin&dsh=S1211267030%3A1753949376222775 line 1275 > injectedScript line 2 > eval line 2692 > eval, line 1: unreachable code after return statement
JavaScript warning: https://accounts.google.com/v3/signin/identifier?authuser=0&continue=https%3A%2F%2Fcolab.research.google.com%2Fdrive%2F1SYoYLAALYgvNVwPRAYxsJBKK_6aTHjNc&hl=en&ifkv=AdBytiOSrL20PRUxt3ciUSOewfTNVCkOHHJi5CmLhBF44iVr-YK3zt-tnjiuJRQsHbl3WJh1vTfk&flowName=GlifWebSignIn&flowEntry=ServiceLogin&dsh=S1211267030%3A1753949376222775 line 1275 > injectedScript line 2 > eval line 2692 > eval line 1 > eval, line 1: unreachable code after return statement
JavaScript warning: https://accounts.google.com/v3/signin/identifier?authuser=0&continue=https%3A%2F%2Fcolab.research.google.com%2Fdrive%2F1SYoYLAALYgvNVwPRAYxsJBKK_6aTHjNc&hl=en&ifkv=AdBytiOSrL20PRUxt3ciUSOewfTNVCkOHHJi5CmLhBF44iVr-YK3zt-tnjiuJRQsHbl3WJh1vTfk&flowName=GlifWebSignIn&flowEntry=ServiceLogin&dsh=S1211267030%3A1753949376222775 line 1275 > injectedScript line 2 > eval line 2692 > eval line 1 > eval, line 1: unreachable code after return statement
JavaScript warning: https://accounts.google.com/v3/signin/identifier?authuser=0&continue=https%3A%2F%2Fcolab.research.google.com%2Fdrive%2F1SYoYLAALYgvNVwPRAYxsJBKK_6aTHjNc&hl=en&ifkv=AdBytiOSrL20PRUxt3ciUSOewfTNVCkOHHJi5CmLhBF44iVr-YK3zt-tnjiuJRQsHbl3WJh1vTfk&flowName=GlifWebSignIn&flowEntry=ServiceLogin&dsh=S1211267030%3A1753949376222775 line 1275 > injectedScript line 2 > eval line 2692 > eval line 1 > eval, line 1: unreachable code after return statement
JavaScript warning: https://accounts.google.com/v3/signin/identifier?authuser=0&continue=https%3A%2F%2Fcolab.research.google.com%2Fdrive%2F1SYoYLAALYgvNVwPRAYxsJBKK_6aTHjNc&hl=en&ifkv=AdBytiOSrL20PRUxt3ciUSOewfTNVCkOHHJi5CmLhBF44iVr-YK3zt-tnjiuJRQsHbl3WJh1vTfk&flowName=GlifWebSignIn&flowEntry=ServiceLogin&dsh=S1211267030%3A1753949376222775 line 1275 > injectedScript line 2 > eval line 2692 > eval line 1 > eval line 1 > eval, line 1: unreachable code after return statement
JavaScript warning: https://accounts.google.com/v3/signin/identifier?authuser=0&continue=https%3A%2F%2Fcolab.research.google.com%2Fdrive%2F1SYoYLAALYgvNVwPRAYxsJBKK_6aTHjNc&hl=en&ifkv=AdBytiOSrL20PRUxt3ciUSOewfTNVCkOHHJi5CmLhBF44iVr-YK3zt-tnjiuJRQsHbl3WJh1vTfk&flowName=GlifWebSignIn&flowEntry=ServiceLogin&dsh=S1211267030%3A1753949376222775 line 1275 > injectedScript line 2 > eval line 2692 > eval line 1 > eval line 1 > eval, line 1: unreachable code after return statement
1753949387002	Marionette	INFO	Stopped listening on port 53641
Dynamically enable window occlusion 1
console.error: services.settings: 
  Message: NetworkError: Network error: TypeError: NetworkError: Network request failed
  Stack:
    APIError@resource://services-settings/RemoteSettingsClient.sys.mjs:107:1
NetworkError@resource://services-settings/RemoteSettingsClient.sys.mjs:111:5
_adjustedError@resource://services-settings/RemoteSettingsClient.sys.mjs:911:14
maybeSync@resource://services-settings/RemoteSettingsClient.sys.mjs:816:38

console.error: (new AbortError("IndexedDB: main/message-groups getLastModified() IndexedDB:  execute() A request was aborted, for example through a call to IDBTransaction.abort.", "resource://services-settings/IDBHelpers.sys.mjs", 16))
1753949434446	geckodriver	INFO	Listening on 127.0.0.1:53759
1753949437494	mozrunner::runner	INFO	Running command: "C:\\Program Files\\Mozilla Firefox\\firefox.exe" "--marionette" "--remote-debugging-port" "53760" "--remote-allow-hosts" "localhost" "-no-remote" "-profile" "C:\\Users\\Atomix\\AppData\\Local\\Temp\\rust_mozprofileoKyzxD"
console.warn: services.settings: Ignoring preference override of remote settings server
console.warn: services.settings: Allow by setting MOZ_REMOTE_SETTINGS_DEVTOOLS=1 in the environment
Dynamically enable window occlusion 0
1753949437760	Marionette	INFO	Marionette enabled
1753949437875	Marionette	INFO	Listening on port 53767
WebDriver BiDi listening on ws://127.0.0.1:53760
Read port: 53767
1753949437963	RemoteAgent	WARN	TLS certificate errors will be ignored for this session
console.error: services.settings: 
  main/query-stripping Signature failed  InvalidSignatureError: Invalid content signature (main/query-stripping) using 'remote-settings.content-signature.mozilla.org-2025-09-08-21-33-59.chain'
console.error: services.settings: 
  main/query-stripping local data was corrupted
console.warn: services.settings: main/query-stripping Signature verified failed. Retry from scratch
console.error: services.settings: 
  main/query-stripping Signature failed again InvalidSignatureError: Invalid content signature (main/query-stripping) using 'remote-settings.content-signature.mozilla.org-2025-09-08-21-33-59.chain'
console.error: (new InvalidSignatureError("Invalid content signature (main/query-stripping) using 'remote-settings.content-signature.mozilla.org-2025-09-08-21-33-59.chain'", "resource://services-settings/RemoteSettingsClient.sys.mjs", 165))
console.error: services.settings: 
  main/fingerprinting-protection-overrides Signature failed  InvalidSignatureError: Invalid content signature (main/fingerprinting-protection-overrides) using 'remote-settings.content-signature.mozilla.org-2025-09-08-21-33-59.chain'
console.error: services.settings: 
  main/fingerprinting-protection-overrides local data was corrupted
console.warn: services.settings: main/fingerprinting-protection-overrides Signature verified failed. Retry from scratch
console.error: services.settings: 
  main/fingerprinting-protection-overrides Signature failed again InvalidSignatureError: Invalid content signature (main/fingerprinting-protection-overrides) using 'remote-settings.content-signature.mozilla.org-2025-09-08-21-33-59.chain'
console.error: (new InvalidSignatureError("Invalid content signature (main/fingerprinting-protection-overrides) using 'remote-settings.content-signature.mozilla.org-2025-09-08-21-33-59.chain'", "resource://services-settings/RemoteSettingsClient.sys.mjs", 165))
DevTools listening on ws://127.0.0.1:53760/devtools/browser/e9eab379-4207-4f74-af81-aa234181991b
console.error: services.settings: 
  main/partitioning-exempt-urls Signature failed  InvalidSignatureError: Invalid content signature (main/partitioning-exempt-urls) using 'remote-settings.content-signature.mozilla.org-2025-09-08-21-33-59.chain'
console.error: services.settings: 
  main/partitioning-exempt-urls local data was corrupted
console.warn: services.settings: main/partitioning-exempt-urls Signature verified failed. Retry from scratch
console.error: services.settings: 
  main/partitioning-exempt-urls Signature failed again InvalidSignatureError: Invalid content signature (main/partitioning-exempt-urls) using 'remote-settings.content-signature.mozilla.org-2025-09-08-21-33-59.chain'
console.error: (new InvalidSignatureError("Invalid content signature (main/partitioning-exempt-urls) using 'remote-settings.content-signature.mozilla.org-2025-09-08-21-33-59.chain'", "resource://services-settings/RemoteSettingsClient.sys.mjs", 165))
JavaScript warning: https://es8ivl51oue-496ff2e9c6d22116-0-colab.googleusercontent.com/outputframe.html?vrz=colab_20250729-060053_RC00_788359736, line 239: Using //@ to indicate sourceURL pragmas is deprecated. Use //# instead
JavaScript warning: https://0q81zc61v42-496ff2e9c6d22116-0-colab.googleusercontent.com/outputframe.html?vrz=colab_20250729-060053_RC00_788359736, line 239: Using //@ to indicate sourceURL pragmas is deprecated. Use //# instead
JavaScript warning: https://es8ivl51oue-496ff2e9c6d22116-0-colab.googleusercontent.com/outputframe.html?vrz=colab_20250729-060053_RC00_788359736, line 239: Using //@ to indicate sourceURL pragmas is deprecated. Use //# instead
JavaScript warning: https://es8ivl51oue-496ff2e9c6d22116-0-colab.googleusercontent.com/outputframe.html?vrz=colab_20250729-060053_RC00_788359736 line 13 > eval, line 972: Using //@ to indicate sourceURL pragmas is deprecated. Use //# instead
JavaScript warning: https://www.google.com/js/bg/ewkwPWymqQfuUctaJ1I01ziIEjwrJG28Jgq1eVP0gew.js, line 4818: unreachable code after return statement
JavaScript warning: https://www.google.com/js/bg/ewkwPWymqQfuUctaJ1I01ziIEjwrJG28Jgq1eVP0gew.js, line 4818: unreachable code after return statement
JavaScript warning: https://www.google.com/js/bg/ewkwPWymqQfuUctaJ1I01ziIEjwrJG28Jgq1eVP0gew.js, line 4818: unreachable code after return statement
JavaScript warning: https://www.google.com/js/bg/ewkwPWymqQfuUctaJ1I01ziIEjwrJG28Jgq1eVP0gew.js line 2 > eval, line 4818: unreachable code after return statement
JavaScript warning: https://www.google.com/js/bg/ewkwPWymqQfuUctaJ1I01ziIEjwrJG28Jgq1eVP0gew.js line 2 > eval, line 4818: unreachable code after return statement
JavaScript warning: https://www.google.com/js/bg/ewkwPWymqQfuUctaJ1I01ziIEjwrJG28Jgq1eVP0gew.js line 2 > eval, line 4818: unreachable code after return statement
JavaScript warning: https://www.google.com/js/bg/ewkwPWymqQfuUctaJ1I01ziIEjwrJG28Jgq1eVP0gew.js line 2 > eval line 4818 > eval, line 1: unreachable code after return statement
JavaScript warning: https://www.google.com/js/bg/ewkwPWymqQfuUctaJ1I01ziIEjwrJG28Jgq1eVP0gew.js line 2 > eval line 4818 > eval line 1 > eval, line 1: unreachable code after return statement
JavaScript warning: https://www.google.com/js/bg/ewkwPWymqQfuUctaJ1I01ziIEjwrJG28Jgq1eVP0gew.js line 2 > eval line 4818 > eval, line 1: unreachable code after return statement
JavaScript warning: https://www.google.com/js/bg/ewkwPWymqQfuUctaJ1I01ziIEjwrJG28Jgq1eVP0gew.js line 2 > eval line 4818 > eval line 1 > eval, line 1: unreachable code after return statement
JavaScript warning: https://www.google.com/js/bg/ewkwPWymqQfuUctaJ1I01ziIEjwrJG28Jgq1eVP0gew.js line 2 > eval line 4818 > eval line 1 > eval, line 1: unreachable code after return statement
JavaScript warning: https://www.google.com/js/bg/ewkwPWymqQfuUctaJ1I01ziIEjwrJG28Jgq1eVP0gew.js line 2 > eval line 4818 > eval line 1 > eval, line 1: unreachable code after return statement
JavaScript warning: https://www.google.com/js/bg/ewkwPWymqQfuUctaJ1I01ziIEjwrJG28Jgq1eVP0gew.js line 2 > eval line 4818 > eval line 1 > eval line 1 > eval, line 1: unreachable code after return statement
JavaScript warning: https://www.google.com/js/bg/ewkwPWymqQfuUctaJ1I01ziIEjwrJG28Jgq1eVP0gew.js line 2 > eval line 4818 > eval line 1 > eval line 1 > eval, line 1: unreachable code after return statement
JavaScript warning: https://fw8c932gzha-496ff2e9c6d22116-0-colab.googleusercontent.com/outputframe.html?vrz=colab_20250729-060053_RC00_788359736, line 239: Using //@ to indicate sourceURL pragmas is deprecated. Use //# instead
JavaScript warning: https://a8z1cqp7zug-496ff2e9c6d22116-0-colab.googleusercontent.com/outputframe.html?vrz=colab_20250729-060053_RC00_788359736, line 239: Using //@ to indicate sourceURL pragmas is deprecated. Use //# instead
JavaScript warning: https://www.google.com/js/bg/ewkwPWymqQfuUctaJ1I01ziIEjwrJG28Jgq1eVP0gew.js, line 4033: unreachable code after return statement
JavaScript warning: https://www.google.com/js/bg/ewkwPWymqQfuUctaJ1I01ziIEjwrJG28Jgq1eVP0gew.js, line 4033: unreachable code after return statement
JavaScript warning: https://www.google.com/js/bg/ewkwPWymqQfuUctaJ1I01ziIEjwrJG28Jgq1eVP0gew.js, line 4033: unreachable code after return statement
JavaScript warning: https://www.google.com/js/bg/ewkwPWymqQfuUctaJ1I01ziIEjwrJG28Jgq1eVP0gew.js line 2 > eval, line 4033: unreachable code after return statement
JavaScript warning: https://www.google.com/js/bg/ewkwPWymqQfuUctaJ1I01ziIEjwrJG28Jgq1eVP0gew.js line 2 > eval, line 4033: unreachable code after return statement
JavaScript warning: https://www.google.com/js/bg/ewkwPWymqQfuUctaJ1I01ziIEjwrJG28Jgq1eVP0gew.js line 2 > eval, line 4033: unreachable code after return statement
JavaScript warning: https://www.google.com/js/bg/ewkwPWymqQfuUctaJ1I01ziIEjwrJG28Jgq1eVP0gew.js line 2 > eval, line 1: unreachable code after return statement
JavaScript warning: https://www.google.com/js/bg/ewkwPWymqQfuUctaJ1I01ziIEjwrJG28Jgq1eVP0gew.js line 2 > eval line 4033 > eval, line 1: unreachable code after return statement
JavaScript warning: https://www.google.com/js/bg/ewkwPWymqQfuUctaJ1I01ziIEjwrJG28Jgq1eVP0gew.js line 2 > eval, line 1: unreachable code after return statement
JavaScript warning: https://www.google.com/js/bg/ewkwPWymqQfuUctaJ1I01ziIEjwrJG28Jgq1eVP0gew.js line 2 > eval line 4033 > eval, line 1: unreachable code after return statement
JavaScript warning: https://www.google.com/js/bg/ewkwPWymqQfuUctaJ1I01ziIEjwrJG28Jgq1eVP0gew.js line 2 > eval line 4033 > eval line 1 > eval, line 1: unreachable code after return statement
JavaScript warning: https://www.google.com/js/bg/ewkwPWymqQfuUctaJ1I01ziIEjwrJG28Jgq1eVP0gew.js line 2 > eval line 4033 > eval line 1 > eval, line 1: unreachable code after return statement
JavaScript warning: https://www.google.com/js/bg/ewkwPWymqQfuUctaJ1I01ziIEjwrJG28Jgq1eVP0gew.js line 2 > eval line 4033 > eval line 1 > eval line 1 > eval, line 1: unreachable code after return statement
JavaScript warning: https://www.google.com/js/bg/ewkwPWymqQfuUctaJ1I01ziIEjwrJG28Jgq1eVP0gew.js line 2 > eval line 4033 > eval line 1 > eval line 1 > eval, line 1: unreachable code after return statement
JavaScript warning: https://a8z1cqp7zug-496ff2e9c6d22116-0-colab.googleusercontent.com/outputframe.html?vrz=colab_20250729-060053_RC00_788359736, line 239: Using //@ to indicate sourceURL pragmas is deprecated. Use //# instead
1753949467767	addons.xpi	ERROR	System addon update list error SyntaxError: XMLHttpRequest.open: 'http://%(server)s/dummy-system-addons.xml' is not a valid URL.
console.error: services.settings: 
  blocklists/addons-bloomfilters Signature failed  InvalidSignatureError: Invalid content signature (blocklists/addons-bloomfilters) using 'remote-settings.content-signature.mozilla.org-2025-09-08-21-33-59.chain'
console.error: services.settings: 
  blocklists/addons-bloomfilters local data was corrupted
console.warn: services.settings: blocklists/addons-bloomfilters Signature verified failed. Retry from scratch
console.error: services.settings: 
  blocklists/addons-bloomfilters Signature failed again InvalidSignatureError: Invalid content signature (blocklists/addons-bloomfilters) using 'remote-settings.content-signature.mozilla.org-2025-09-08-21-33-59.chain'
console.error: services.settings: 
  Message: InvalidSignatureError: Invalid content signature (blocklists/addons-bloomfilters) using 'remote-settings.content-signature.mozilla.org-2025-09-08-21-33-59.chain'
  Stack:
    InvalidSignatureError@resource://services-settings/RemoteSettingsClient.sys.mjs:165:5
_validateCollectionSignature@resource://services-settings/RemoteSettingsClient.sys.mjs:1021:13

console.error: services.settings: 
  main/search-config-v2 Signature failed  InvalidSignatureError: Invalid content signature (main/search-config-v2) using 'remote-settings.content-signature.mozilla.org-2025-09-08-21-33-59.chain'
console.error: services.settings: 
  main/search-config-v2 local data was corrupted
console.warn: services.settings: main/search-config-v2 Signature verified failed. Retry from scratch
console.error: services.settings: 
  main/search-config-v2 Signature failed again InvalidSignatureError: Invalid content signature (main/search-config-v2) using 'remote-settings.content-signature.mozilla.org-2025-09-08-21-33-59.chain'
console.error: services.settings: 
  Message: InvalidSignatureError: Invalid content signature (main/search-config-v2) using 'remote-settings.content-signature.mozilla.org-2025-09-08-21-33-59.chain'
  Stack:
    InvalidSignatureError@resource://services-settings/RemoteSettingsClient.sys.mjs:165:5
_validateCollectionSignature@resource://services-settings/RemoteSettingsClient.sys.mjs:1021:13

console.error: services.settings: 
  main/search-telemetry-v2 Signature failed  InvalidSignatureError: Invalid content signature (main/search-telemetry-v2) using 'remote-settings.content-signature.mozilla.org-2025-09-08-21-33-59.chain'
console.error: services.settings: 
  main/search-telemetry-v2 local data was corrupted
console.warn: services.settings: main/search-telemetry-v2 Signature verified failed. Retry from scratch
console.error: services.settings: 
  main/search-telemetry-v2 Signature failed again InvalidSignatureError: Invalid content signature (main/search-telemetry-v2) using 'remote-settings.content-signature.mozilla.org-2025-09-08-21-33-59.chain'
console.error: services.settings: 
  Message: InvalidSignatureError: Invalid content signature (main/search-telemetry-v2) using 'remote-settings.content-signature.mozilla.org-2025-09-08-21-33-59.chain'
  Stack:
    InvalidSignatureError@resource://services-settings/RemoteSettingsClient.sys.mjs:165:5
_validateCollectionSignature@resource://services-settings/RemoteSettingsClient.sys.mjs:1021:13

console.error: services.settings: 
  main/translations-models Signature failed  InvalidSignatureError: Invalid content signature (main/translations-models) using 'remote-settings.content-signature.mozilla.org-2025-09-08-21-33-59.chain'
console.error: services.settings: 
  main/translations-models local data was corrupted
console.warn: services.settings: main/translations-models Signature verified failed. Retry from scratch
console.error: services.settings: 
  main/translations-models Signature failed again InvalidSignatureError: Invalid content signature (main/translations-models) using 'remote-settings.content-signature.mozilla.org-2025-09-08-21-33-59.chain'
console.error: services.settings: 
  Message: InvalidSignatureError: Invalid content signature (main/translations-models) using 'remote-settings.content-signature.mozilla.org-2025-09-08-21-33-59.chain'
  Stack:
    InvalidSignatureError@resource://services-settings/RemoteSettingsClient.sys.mjs:165:5
_validateCollectionSignature@resource://services-settings/RemoteSettingsClient.sys.mjs:1021:13

console.error: services.settings: 
  main/devtools-compatibility-browsers Signature failed  InvalidSignatureError: Invalid content signature (main/devtools-compatibility-browsers) using 'remote-settings.content-signature.mozilla.org-2025-09-08-21-33-59.chain'
console.error: services.settings: 
  main/devtools-compatibility-browsers local data was corrupted
console.warn: services.settings: main/devtools-compatibility-browsers Signature verified failed. Retry from scratch
console.error: services.settings: 
  main/devtools-compatibility-browsers Signature failed again InvalidSignatureError: Invalid content signature (main/devtools-compatibility-browsers) using 'remote-settings.content-signature.mozilla.org-2025-09-08-21-33-59.chain'
console.error: services.settings: 
  Message: InvalidSignatureError: Invalid content signature (main/devtools-compatibility-browsers) using 'remote-settings.content-signature.mozilla.org-2025-09-08-21-33-59.chain'
  Stack:
    InvalidSignatureError@resource://services-settings/RemoteSettingsClient.sys.mjs:165:5
_validateCollectionSignature@resource://services-settings/RemoteSettingsClient.sys.mjs:1021:13

console.error: services.settings: 
  main/doh-config Signature failed  InvalidSignatureError: Invalid content signature (main/doh-config) using 'remote-settings.content-signature.mozilla.org-2025-09-08-21-33-59.chain'
console.error: services.settings: 
  main/doh-config local data was corrupted
console.warn: services.settings: main/doh-config Signature verified failed. Retry from scratch
console.error: services.settings: 
  main/doh-config Signature failed again InvalidSignatureError: Invalid content signature (main/doh-config) using 'remote-settings.content-signature.mozilla.org-2025-09-08-21-33-59.chain'
console.error: services.settings: 
  Message: InvalidSignatureError: Invalid content signature (main/doh-config) using 'remote-settings.content-signature.mozilla.org-2025-09-08-21-33-59.chain'
  Stack:
    InvalidSignatureError@resource://services-settings/RemoteSettingsClient.sys.mjs:165:5
_validateCollectionSignature@resource://services-settings/RemoteSettingsClient.sys.mjs:1021:13

console.error: services.settings: 
  main/fingerprinting-protection-overrides Signature failed  InvalidSignatureError: Invalid content signature (main/fingerprinting-protection-overrides) using 'remote-settings.content-signature.mozilla.org-2025-09-08-21-33-59.chain'
console.error: services.settings: 
  main/fingerprinting-protection-overrides local data was corrupted
console.warn: services.settings: main/fingerprinting-protection-overrides Signature verified failed. Retry from scratch
console.error: services.settings: 
  main/fingerprinting-protection-overrides Signature failed again InvalidSignatureError: Invalid content signature (main/fingerprinting-protection-overrides) using 'remote-settings.content-signature.mozilla.org-2025-09-08-21-33-59.chain'
console.error: services.settings: 
  Message: InvalidSignatureError: Invalid content signature (main/fingerprinting-protection-overrides) using 'remote-settings.content-signature.mozilla.org-2025-09-08-21-33-59.chain'
  Stack:
    InvalidSignatureError@resource://services-settings/RemoteSettingsClient.sys.mjs:165:5
_validateCollectionSignature@resource://services-settings/RemoteSettingsClient.sys.mjs:1021:13

console.error: services.settings: 
  main/translations-wasm Signature failed  InvalidSignatureError: Invalid content signature (main/translations-wasm) using 'remote-settings.content-signature.mozilla.org-2025-09-08-21-33-59.chain'
console.error: services.settings: 
  main/translations-wasm local data was corrupted
console.warn: services.settings: main/translations-wasm Signature verified failed. Retry from scratch
console.error: services.settings: 
  main/translations-wasm Signature failed again InvalidSignatureError: Invalid content signature (main/translations-wasm) using 'remote-settings.content-signature.mozilla.org-2025-09-08-21-33-59.chain'
console.error: services.settings: 
  Message: InvalidSignatureError: Invalid content signature (main/translations-wasm) using 'remote-settings.content-signature.mozilla.org-2025-09-08-21-33-59.chain'
  Stack:
    InvalidSignatureError@resource://services-settings/RemoteSettingsClient.sys.mjs:165:5
_validateCollectionSignature@resource://services-settings/RemoteSettingsClient.sys.mjs:1021:13

console.error: services.settings: 
  main/partitioning-exempt-urls Signature failed  InvalidSignatureError: Invalid content signature (main/partitioning-exempt-urls) using 'remote-settings.content-signature.mozilla.org-2025-09-08-21-33-59.chain'
console.error: services.settings: 
  main/partitioning-exempt-urls local data was corrupted
console.warn: services.settings: main/partitioning-exempt-urls Signature verified failed. Retry from scratch
console.error: services.settings: 
  main/partitioning-exempt-urls Signature failed again InvalidSignatureError: Invalid content signature (main/partitioning-exempt-urls) using 'remote-settings.content-signature.mozilla.org-2025-09-08-21-33-59.chain'
console.error: services.settings: 
  Message: InvalidSignatureError: Invalid content signature (main/partitioning-exempt-urls) using 'remote-settings.content-signature.mozilla.org-2025-09-08-21-33-59.chain'
  Stack:
    InvalidSignatureError@resource://services-settings/RemoteSettingsClient.sys.mjs:165:5
_validateCollectionSignature@resource://services-settings/RemoteSettingsClient.sys.mjs:1021:13

console.error: services.settings: 
  blocklists/gfx Signature failed  InvalidSignatureError: Invalid content signature (blocklists/gfx) using 'remote-settings.content-signature.mozilla.org-2025-09-08-21-33-59.chain'
console.error: services.settings: 
  blocklists/gfx local data was corrupted
console.warn: services.settings: blocklists/gfx Signature verified failed. Retry from scratch
console.error: services.settings: 
  blocklists/gfx Signature failed again InvalidSignatureError: Invalid content signature (blocklists/gfx) using 'remote-settings.content-signature.mozilla.org-2025-09-08-21-33-59.chain'
console.error: services.settings: 
  Message: InvalidSignatureError: Invalid content signature (blocklists/gfx) using 'remote-settings.content-signature.mozilla.org-2025-09-08-21-33-59.chain'
  Stack:
    InvalidSignatureError@resource://services-settings/RemoteSettingsClient.sys.mjs:165:5
_validateCollectionSignature@resource://services-settings/RemoteSettingsClient.sys.mjs:1021:13

console.error: services.settings: 
  main/search-config-icons Signature failed  InvalidSignatureError: Invalid content signature (main/search-config-icons) using 'remote-settings.content-signature.mozilla.org-2025-09-08-21-33-59.chain'
console.error: services.settings: 
  main/search-config-icons local data was corrupted
console.warn: services.settings: main/search-config-icons Signature verified failed. Retry from scratch
console.error: services.settings: 
  main/search-config-icons Signature failed again InvalidSignatureError: Invalid content signature (main/search-config-icons) using 'remote-settings.content-signature.mozilla.org-2025-09-08-21-33-59.chain'
console.error: services.settings: 
  Message: InvalidSignatureError: Invalid content signature (main/search-config-icons) using 'remote-settings.content-signature.mozilla.org-2025-09-08-21-33-59.chain'
  Stack:
    InvalidSignatureError@resource://services-settings/RemoteSettingsClient.sys.mjs:165:5
_validateCollectionSignature@resource://services-settings/RemoteSettingsClient.sys.mjs:1021:13

console.error: services.settings: 
  main/search-default-override-allowlist Signature failed  InvalidSignatureError: Invalid content signature (main/search-default-override-allowlist) using 'remote-settings.content-signature.mozilla.org-2025-09-08-21-33-59.chain'
console.error: services.settings: 
  main/search-default-override-allowlist local data was corrupted
console.warn: services.settings: main/search-default-override-allowlist Signature verified failed. Retry from scratch
console.error: services.settings: 
  main/search-default-override-allowlist Signature failed again InvalidSignatureError: Invalid content signature (main/search-default-override-allowlist) using 'remote-settings.content-signature.mozilla.org-2025-09-08-21-33-59.chain'
console.error: services.settings: 
  Message: InvalidSignatureError: Invalid content signature (main/search-default-override-allowlist) using 'remote-settings.content-signature.mozilla.org-2025-09-08-21-33-59.chain'
  Stack:
    InvalidSignatureError@resource://services-settings/RemoteSettingsClient.sys.mjs:165:5
_validateCollectionSignature@resource://services-settings/RemoteSettingsClient.sys.mjs:1021:13

console.error: services.settings: 
  main/top-sites Signature failed  InvalidSignatureError: Invalid content signature (main/top-sites) using 'remote-settings.content-signature.mozilla.org-2025-09-08-21-33-59.chain'
console.error: services.settings: 
  main/top-sites local data was corrupted
console.warn: services.settings: main/top-sites Signature verified failed. Retry from scratch
console.error: services.settings: 
  main/top-sites Signature failed again InvalidSignatureError: Invalid content signature (main/top-sites) using 'remote-settings.content-signature.mozilla.org-2025-09-08-21-33-59.chain'
console.error: services.settings: 
  Message: InvalidSignatureError: Invalid content signature (main/top-sites) using 'remote-settings.content-signature.mozilla.org-2025-09-08-21-33-59.chain'
  Stack:
    InvalidSignatureError@resource://services-settings/RemoteSettingsClient.sys.mjs:165:5
_validateCollectionSignature@resource://services-settings/RemoteSettingsClient.sys.mjs:1021:13

console.error: services.settings: 
  main/password-rules Signature failed  InvalidSignatureError: Invalid content signature (main/password-rules) using 'remote-settings.content-signature.mozilla.org-2025-09-08-21-33-59.chain'
console.error: services.settings: 
  main/password-rules local data was corrupted
console.warn: services.settings: main/password-rules Signature verified failed. Retry from scratch
console.error: services.settings: 
  main/password-rules Signature failed again InvalidSignatureError: Invalid content signature (main/password-rules) using 'remote-settings.content-signature.mozilla.org-2025-09-08-21-33-59.chain'
console.error: services.settings: 
  Message: InvalidSignatureError: Invalid content signature (main/password-rules) using 'remote-settings.content-signature.mozilla.org-2025-09-08-21-33-59.chain'
  Stack:
    InvalidSignatureError@resource://services-settings/RemoteSettingsClient.sys.mjs:165:5
_validateCollectionSignature@resource://services-settings/RemoteSettingsClient.sys.mjs:1021:13

console.error: services.settings: 
  main/url-classifier-skip-urls Signature failed  InvalidSignatureError: Invalid content signature (main/url-classifier-skip-urls) using 'remote-settings.content-signature.mozilla.org-2025-09-08-21-33-59.chain'
console.error: services.settings: 
  main/url-classifier-skip-urls local data was corrupted
console.warn: services.settings: main/url-classifier-skip-urls Signature verified failed. Retry from scratch
console.error: services.settings: 
  main/url-classifier-skip-urls Signature failed again InvalidSignatureError: Invalid content signature (main/url-classifier-skip-urls) using 'remote-settings.content-signature.mozilla.org-2025-09-08-21-33-59.chain'
console.error: services.settings: 
  Message: InvalidSignatureError: Invalid content signature (main/url-classifier-skip-urls) using 'remote-settings.content-signature.mozilla.org-2025-09-08-21-33-59.chain'
  Stack:
    InvalidSignatureError@resource://services-settings/RemoteSettingsClient.sys.mjs:165:5
_validateCollectionSignature@resource://services-settings/RemoteSettingsClient.sys.mjs:1021:13

console.error: services.settings: 
  main/websites-with-shared-credential-backends Signature failed  InvalidSignatureError: Invalid content signature (main/websites-with-shared-credential-backends) using 'remote-settings.content-signature.mozilla.org-2025-09-08-21-33-59.chain'
console.error: services.settings: 
  main/websites-with-shared-credential-backends local data was corrupted
console.warn: services.settings: main/websites-with-shared-credential-backends Signature verified failed. Retry from scratch
console.error: services.settings: 
  main/websites-with-shared-credential-backends Signature failed again InvalidSignatureError: Invalid content signature (main/websites-with-shared-credential-backends) using 'remote-settings.content-signature.mozilla.org-2025-09-08-21-33-59.chain'
console.error: services.settings: 
  Message: InvalidSignatureError: Invalid content signature (main/websites-with-shared-credential-backends) using 'remote-settings.content-signature.mozilla.org-2025-09-08-21-33-59.chain'
  Stack:
    InvalidSignatureError@resource://services-settings/RemoteSettingsClient.sys.mjs:165:5
_validateCollectionSignature@resource://services-settings/RemoteSettingsClient.sys.mjs:1021:13

console.error: services.settings: 
  main/normandy-recipes-capabilities Signature failed  InvalidSignatureError: Invalid content signature (main/normandy-recipes-capabilities) using 'remote-settings.content-signature.mozilla.org-2025-09-08-21-33-59.chain'
console.error: services.settings: 
  main/normandy-recipes-capabilities local data was corrupted
console.warn: services.settings: main/normandy-recipes-capabilities Signature verified failed. Retry from scratch
console.error: services.settings: 
  main/normandy-recipes-capabilities Signature failed again InvalidSignatureError: Invalid content signature (main/normandy-recipes-capabilities) using 'remote-settings.content-signature.mozilla.org-2025-09-08-21-33-59.chain'
console.error: services.settings: 
  Message: InvalidSignatureError: Invalid content signature (main/normandy-recipes-capabilities) using 'remote-settings.content-signature.mozilla.org-2025-09-08-21-33-59.chain'
  Stack:
    InvalidSignatureError@resource://services-settings/RemoteSettingsClient.sys.mjs:165:5
_validateCollectionSignature@resource://services-settings/RemoteSettingsClient.sys.mjs:1021:13

console.error: services.settings: 
  main/cookie-banner-rules-list Signature failed  InvalidSignatureError: Invalid content signature (main/cookie-banner-rules-list) using 'remote-settings.content-signature.mozilla.org-2025-09-08-21-33-59.chain'
console.error: services.settings: 
  main/cookie-banner-rules-list local data was corrupted
console.warn: services.settings: main/cookie-banner-rules-list Signature verified failed. Retry from scratch
console.error: services.settings: 
  main/cookie-banner-rules-list Signature failed again InvalidSignatureError: Invalid content signature (main/cookie-banner-rules-list) using 'remote-settings.content-signature.mozilla.org-2025-09-08-21-33-59.chain'
console.error: services.settings: 
  Message: InvalidSignatureError: Invalid content signature (main/cookie-banner-rules-list) using 'remote-settings.content-signature.mozilla.org-2025-09-08-21-33-59.chain'
  Stack:
    InvalidSignatureError@resource://services-settings/RemoteSettingsClient.sys.mjs:165:5
_validateCollectionSignature@resource://services-settings/RemoteSettingsClient.sys.mjs:1021:13

console.warn: services.settings: main/search-config Signature verified failed. Retry from scratch
console.error: services.settings: 
  main/search-config Signature failed again InvalidSignatureError: Invalid content signature (main/search-config) using 'remote-settings.content-signature.mozilla.org-2025-09-08-21-33-59.chain'
console.error: services.settings: 
  Message: InvalidSignatureError: Invalid content signature (main/search-config) using 'remote-settings.content-signature.mozilla.org-2025-09-08-21-33-59.chain'
  Stack:
    InvalidSignatureError@resource://services-settings/RemoteSettingsClient.sys.mjs:165:5
_validateCollectionSignature@resource://services-settings/RemoteSettingsClient.sys.mjs:1021:13

console.warn: services.settings: main/search-config-overrides Signature verified failed. Retry from scratch
JavaScript warning: https://a8z1cqp7zug-496ff2e9c6d22116-0-colab.googleusercontent.com/outputframe.html?vrz=colab_20250729-060053_RC00_788359736 line 13 > eval, line 972: Using //@ to indicate sourceURL pragmas is deprecated. Use //# instead
console.error: services.settings: 
  main/search-config-overrides Signature failed again InvalidSignatureError: Invalid content signature (main/search-config-overrides) using 'remote-settings.content-signature.mozilla.org-2025-09-08-21-33-59.chain'
console.error: services.settings: 
  Message: InvalidSignatureError: Invalid content signature (main/search-config-overrides) using 'remote-settings.content-signature.mozilla.org-2025-09-08-21-33-59.chain'
  Stack:
    InvalidSignatureError@resource://services-settings/RemoteSettingsClient.sys.mjs:165:5
_validateCollectionSignature@resource://services-settings/RemoteSettingsClient.sys.mjs:1021:13

console.error: services.settings: 
  main/query-stripping Signature failed  InvalidSignatureError: Invalid content signature (main/query-stripping) using 'remote-settings.content-signature.mozilla.org-2025-09-08-21-33-59.chain'
console.error: services.settings: 
  main/query-stripping local data was corrupted
console.warn: services.settings: main/query-stripping Signature verified failed. Retry from scratch
console.error: services.settings: 
  main/query-stripping Signature failed again InvalidSignatureError: Invalid content signature (main/query-stripping) using 'remote-settings.content-signature.mozilla.org-2025-09-08-21-33-59.chain'
console.error: services.settings: 
  Message: InvalidSignatureError: Invalid content signature (main/query-stripping) using 'remote-settings.content-signature.mozilla.org-2025-09-08-21-33-59.chain'
  Stack:
    InvalidSignatureError@resource://services-settings/RemoteSettingsClient.sys.mjs:165:5
_validateCollectionSignature@resource://services-settings/RemoteSettingsClient.sys.mjs:1021:13

console.error: services.settings: 
  main/addons-manager-settings Signature failed  InvalidSignatureError: Invalid content signature (main/addons-manager-settings) using 'remote-settings.content-signature.mozilla.org-2025-09-08-21-33-59.chain'
console.error: services.settings: 
  main/addons-manager-settings local data was corrupted
console.warn: services.settings: main/addons-manager-settings Signature verified failed. Retry from scratch
console.error: services.settings: 
  main/addons-manager-settings Signature failed again InvalidSignatureError: Invalid content signature (main/addons-manager-settings) using 'remote-settings.content-signature.mozilla.org-2025-09-08-21-33-59.chain'
console.error: services.settings: 
  Message: InvalidSignatureError: Invalid content signature (main/addons-manager-settings) using 'remote-settings.content-signature.mozilla.org-2025-09-08-21-33-59.chain'
  Stack:
    InvalidSignatureError@resource://services-settings/RemoteSettingsClient.sys.mjs:165:5
_validateCollectionSignature@resource://services-settings/RemoteSettingsClient.sys.mjs:1021:13

console.error: services.settings: 
  main/doh-providers Signature failed  InvalidSignatureError: Invalid content signature (main/doh-providers) using 'remote-settings.content-signature.mozilla.org-2025-09-08-21-33-59.chain'
console.error: services.settings: 
  main/doh-providers local data was corrupted
console.warn: services.settings: main/doh-providers Signature verified failed. Retry from scratch
console.error: services.settings: 
  main/doh-providers Signature failed again InvalidSignatureError: Invalid content signature (main/doh-providers) using 'remote-settings.content-signature.mozilla.org-2025-09-08-21-33-59.chain'
console.error: services.settings: 
  Message: InvalidSignatureError: Invalid content signature (main/doh-providers) using 'remote-settings.content-signature.mozilla.org-2025-09-08-21-33-59.chain'
  Stack:
    InvalidSignatureError@resource://services-settings/RemoteSettingsClient.sys.mjs:165:5
_validateCollectionSignature@resource://services-settings/RemoteSettingsClient.sys.mjs:1021:13

console.error: services.settings: 
  main/pioneer-study-addons-v1 Signature failed  InvalidSignatureError: Invalid content signature (main/pioneer-study-addons-v1) using 'remote-settings.content-signature.mozilla.org-2025-09-08-21-33-59.chain'
console.error: services.settings: 
  main/pioneer-study-addons-v1 local data was corrupted
console.warn: services.settings: main/pioneer-study-addons-v1 Signature verified failed. Retry from scratch
console.error: services.settings: 
  main/pioneer-study-addons-v1 Signature failed again InvalidSignatureError: Invalid content signature (main/pioneer-study-addons-v1) using 'remote-settings.content-signature.mozilla.org-2025-09-08-21-33-59.chain'
console.error: services.settings: 
  Message: InvalidSignatureError: Invalid content signature (main/pioneer-study-addons-v1) using 'remote-settings.content-signature.mozilla.org-2025-09-08-21-33-59.chain'
  Stack:
    InvalidSignatureError@resource://services-settings/RemoteSettingsClient.sys.mjs:165:5
_validateCollectionSignature@resource://services-settings/RemoteSettingsClient.sys.mjs:1021:13

console.warn: services.settings: main/hijack-blocklists Signature verified failed. Retry from scratch
console.error: services.settings: 
  main/hijack-blocklists Signature failed again InvalidSignatureError: Invalid content signature (main/hijack-blocklists) using 'remote-settings.content-signature.mozilla.org-2025-09-08-21-33-59.chain'
console.error: services.settings: 
  Message: InvalidSignatureError: Invalid content signature (main/hijack-blocklists) using 'remote-settings.content-signature.mozilla.org-2025-09-08-21-33-59.chain'
  Stack:
    InvalidSignatureError@resource://services-settings/RemoteSettingsClient.sys.mjs:165:5
_validateCollectionSignature@resource://services-settings/RemoteSettingsClient.sys.mjs:1021:13

console.warn: services.settings: main/anti-tracking-url-decoration Signature verified failed. Retry from scratch
console.error: services.settings: 
  main/anti-tracking-url-decoration Signature failed again InvalidSignatureError: Invalid content signature (main/anti-tracking-url-decoration) using 'remote-settings.content-signature.mozilla.org-2025-09-08-21-33-59.chain'
console.error: services.settings: 
  Message: InvalidSignatureError: Invalid content signature (main/anti-tracking-url-decoration) using 'remote-settings.content-signature.mozilla.org-2025-09-08-21-33-59.chain'
  Stack:
    InvalidSignatureError@resource://services-settings/RemoteSettingsClient.sys.mjs:165:5
_validateCollectionSignature@resource://services-settings/RemoteSettingsClient.sys.mjs:1021:13

console.error: (new InvalidSignatureError("Invalid content signature (blocklists/addons-bloomfilters) using 'remote-settings.content-signature.mozilla.org-2025-09-08-21-33-59.chain'", "resource://services-settings/RemoteSettingsClient.sys.mjs", 165))
JavaScript warning: https://6hc3qvwm7rl-496ff2e9c6d22116-0-colab.googleusercontent.com/outputframe.html?vrz=colab_20250729-060053_RC00_788359736, line 239: Using //@ to indicate sourceURL pragmas is deprecated. Use //# instead
JavaScript warning: https://v4av5hyz6i-496ff2e9c6d22116-0-colab.googleusercontent.com/outputframe.html?vrz=colab_20250729-060053_RC00_788359736, line 239: Using //@ to indicate sourceURL pragmas is deprecated. Use //# instead
JavaScript warning: https://www.google.com/js/bg/ewkwPWymqQfuUctaJ1I01ziIEjwrJG28Jgq1eVP0gew.js, line 6785: unreachable code after return statement
JavaScript warning: https://www.google.com/js/bg/ewkwPWymqQfuUctaJ1I01ziIEjwrJG28Jgq1eVP0gew.js, line 6785: unreachable code after return statement
JavaScript warning: https://www.google.com/js/bg/ewkwPWymqQfuUctaJ1I01ziIEjwrJG28Jgq1eVP0gew.js, line 6785: unreachable code after return statement
JavaScript warning: https://www.google.com/js/bg/ewkwPWymqQfuUctaJ1I01ziIEjwrJG28Jgq1eVP0gew.js line 2 > eval, line 6785: unreachable code after return statement
JavaScript warning: https://www.google.com/js/bg/ewkwPWymqQfuUctaJ1I01ziIEjwrJG28Jgq1eVP0gew.js line 2 > eval, line 6785: unreachable code after return statement
JavaScript warning: https://www.google.com/js/bg/ewkwPWymqQfuUctaJ1I01ziIEjwrJG28Jgq1eVP0gew.js line 2 > eval, line 6785: unreachable code after return statement
JavaScript warning: https://www.google.com/js/bg/ewkwPWymqQfuUctaJ1I01ziIEjwrJG28Jgq1eVP0gew.js line 2 > eval, line 1: unreachable code after return statement
JavaScript warning: https://www.google.com/js/bg/ewkwPWymqQfuUctaJ1I01ziIEjwrJG28Jgq1eVP0gew.js line 2 > eval line 6785 > eval, line 1: unreachable code after return statement
JavaScript warning: https://www.google.com/js/bg/ewkwPWymqQfuUctaJ1I01ziIEjwrJG28Jgq1eVP0gew.js line 2 > eval, line 1: unreachable code after return statement
JavaScript warning: https://www.google.com/js/bg/ewkwPWymqQfuUctaJ1I01ziIEjwrJG28Jgq1eVP0gew.js line 2 > eval line 6785 > eval, line 1: unreachable code after return statement
JavaScript warning: https://www.google.com/js/bg/ewkwPWymqQfuUctaJ1I01ziIEjwrJG28Jgq1eVP0gew.js line 2 > eval line 6785 > eval line 1 > eval, line 1: unreachable code after return statement
JavaScript warning: https://www.google.com/js/bg/ewkwPWymqQfuUctaJ1I01ziIEjwrJG28Jgq1eVP0gew.js line 2 > eval line 6785 > eval line 1 > eval, line 1: unreachable code after return statement
JavaScript warning: https://www.google.com/js/bg/ewkwPWymqQfuUctaJ1I01ziIEjwrJG28Jgq1eVP0gew.js line 2 > eval line 6785 > eval line 1 > eval line 1 > eval, line 1: unreachable code after return statement
JavaScript warning: https://www.google.com/js/bg/ewkwPWymqQfuUctaJ1I01ziIEjwrJG28Jgq1eVP0gew.js line 2 > eval line 6785 > eval line 1 > eval line 1 > eval, line 1: unreachable code after return statement
console.error: ({})
JavaScript error: , line 0: NotFoundError: No such JSProcessActor 'DevToolsProcess'
JavaScript error: , line 0: NotFoundError: No such JSProcessActor 'DevToolsProcess'
JavaScript error: , line 0: NotFoundError: No such JSProcessActor 'DevToolsProcess'
JavaScript error: , line 0: NotFoundError: No such JSProcessActor 'DevToolsProcess'
JavaScript error: , line 0: NotFoundError: No such JSProcessActor 'DevToolsProcess'
JavaScript error: , line 0: NotFoundError: No such JSProcessActor 'DevToolsProcess'
JavaScript error: , line 0: NotFoundError: No such JSProcessActor 'DevToolsProcess'
JavaScript error: , line 0: NotFoundError: No such JSProcessActor 'DevToolsProcess'
JavaScript error: , line 0: NotFoundError: No such JSProcessActor 'DevToolsProcess'
JavaScript error: , line 0: NotFoundError: No such JSProcessActor 'DevToolsProcess'
JavaScript error: , line 0: NotFoundError: No such JSProcessActor 'DevToolsProcess'
JavaScript error: , line 0: NotFoundError: No such JSProcessActor 'DevToolsProcess'
JavaScript error: , line 0: NotFoundError: No such JSProcessActor 'DevToolsProcess'
JavaScript error: , line 0: NotFoundError: No such JSProcessActor 'DevToolsProcess'
JavaScript error: , line 0: NotFoundError: No such JSProcessActor 'DevToolsProcess'
JavaScript error: , line 0: NotFoundError: No such JSProcessActor 'DevToolsProcess'
JavaScript error: , line 0: NotFoundError: No such JSProcessActor 'DevToolsProcess'
JavaScript error: , line 0: NotFoundError: No such JSProcessActor 'DevToolsProcess'
JavaScript error: , line 0: NotFoundError: No such JSProcessActor 'DevToolsProcess'
JavaScript warning: https://6hc3qvwm7rl-496ff2e9c6d22116-0-colab.googleusercontent.com/outputframe.html?vrz=colab_20250729-060053_RC00_788359736, line 239: Using //@ to indicate sourceURL pragmas is deprecated. Use //# instead
JavaScript warning: https://v0ufczwojy-496ff2e9c6d22116-0-colab.googleusercontent.com/outputframe.html?vrz=colab_20250729-060053_RC00_788359736, line 239: Using //@ to indicate sourceURL pragmas is deprecated. Use //# instead
JavaScript warning: https://r5q6trfjcb7-496ff2e9c6d22116-0-colab.googleusercontent.com/outputframe.html?vrz=colab_20250729-060053_RC00_788359736, line 239: Using //@ to indicate sourceURL pragmas is deprecated. Use //# instead
JavaScript warning: https://www.google.com/js/bg/ewkwPWymqQfuUctaJ1I01ziIEjwrJG28Jgq1eVP0gew.js, line 906: unreachable code after return statement
JavaScript warning: https://www.google.com/js/bg/ewkwPWymqQfuUctaJ1I01ziIEjwrJG28Jgq1eVP0gew.js, line 906: unreachable code after return statement
JavaScript warning: https://www.google.com/js/bg/ewkwPWymqQfuUctaJ1I01ziIEjwrJG28Jgq1eVP0gew.js, line 906: unreachable code after return statement
JavaScript warning: https://www.google.com/js/bg/ewkwPWymqQfuUctaJ1I01ziIEjwrJG28Jgq1eVP0gew.js line 2 > eval, line 906: unreachable code after return statement
JavaScript warning: https://www.google.com/js/bg/ewkwPWymqQfuUctaJ1I01ziIEjwrJG28Jgq1eVP0gew.js line 2 > eval, line 906: unreachable code after return statement
JavaScript warning: https://www.google.com/js/bg/ewkwPWymqQfuUctaJ1I01ziIEjwrJG28Jgq1eVP0gew.js line 2 > eval, line 906: unreachable code after return statement
JavaScript warning: https://www.google.com/js/bg/ewkwPWymqQfuUctaJ1I01ziIEjwrJG28Jgq1eVP0gew.js line 2 > eval, line 1: unreachable code after return statement
JavaScript warning: https://www.google.com/js/bg/ewkwPWymqQfuUctaJ1I01ziIEjwrJG28Jgq1eVP0gew.js line 2 > eval line 906 > eval, line 1: unreachable code after return statement
JavaScript warning: https://www.google.com/js/bg/ewkwPWymqQfuUctaJ1I01ziIEjwrJG28Jgq1eVP0gew.js line 2 > eval, line 1: unreachable code after return statement
JavaScript warning: https://www.google.com/js/bg/ewkwPWymqQfuUctaJ1I01ziIEjwrJG28Jgq1eVP0gew.js line 2 > eval line 906 > eval, line 1: unreachable code after return statement
JavaScript warning: https://www.google.com/js/bg/ewkwPWymqQfuUctaJ1I01ziIEjwrJG28Jgq1eVP0gew.js line 2 > eval line 906 > eval line 1 > eval, line 1: unreachable code after return statement
JavaScript warning: https://www.google.com/js/bg/ewkwPWymqQfuUctaJ1I01ziIEjwrJG28Jgq1eVP0gew.js line 2 > eval line 906 > eval line 1 > eval, line 1: unreachable code after return statement
JavaScript warning: https://www.google.com/js/bg/ewkwPWymqQfuUctaJ1I01ziIEjwrJG28Jgq1eVP0gew.js line 2 > eval line 906 > eval line 1 > eval line 1 > eval, line 1: unreachable code after return statement
JavaScript warning: https://www.google.com/js/bg/ewkwPWymqQfuUctaJ1I01ziIEjwrJG28Jgq1eVP0gew.js line 2 > eval line 906 > eval line 1 > eval line 1 > eval, line 1: unreachable code after return statement
JavaScript warning: https://www.googletagmanager.com/gtag/js?id=G-S3V05QCXK5&cx=c&_slc=1, line 711: Script terminated by timeout at:
k.gj@https://www.googletagmanager.com/gtag/js?id=G-S3V05QCXK5&cx=c&_slc=1:711:486
get@https://www.googletagmanager.com/gtag/js?id=G-S3V05QCXK5&cx=c&_slc=1:710:119
stop@https://www.googletagmanager.com/gtag/js?id=G-S3V05QCXK5&cx=c&_slc=1:710:87
k.ao/c/<@https://www.googletagmanager.com/gtag/js?id=G-S3V05QCXK5&cx=c&_slc=1:710:410

1753950019627	Marionette	INFO	Stopped listening on port 53767
Dynamically enable window occlusion 1
1753950689060	geckodriver	INFO	Listening on 127.0.0.1:54091
1753950692121	mozrunner::runner	INFO	Running command: "C:\\Program Files\\Mozilla Firefox\\firefox.exe" "--marionette" "--remote-debugging-port" "54092" "--remote-allow-hosts" "localhost" "-no-remote" "-profile" "C:\\Users\\Atomix\\AppData\\Local\\Temp\\rust_mozprofilekuACw6"
console.warn: services.settings: Ignoring preference override of remote settings server
console.warn: services.settings: Allow by setting MOZ_REMOTE_SETTINGS_DEVTOOLS=1 in the environment
Dynamically enable window occlusion 0
1753950692412	Marionette	INFO	Marionette enabled
1753950692530	Marionette	INFO	Listening on port 54099
WebDriver BiDi listening on ws://127.0.0.1:54092
Read port: 54099
1753950692711	RemoteAgent	WARN	TLS certificate errors will be ignored for this session
console.error: services.settings: 
  main/query-stripping Signature failed  InvalidSignatureError: Invalid content signature (main/query-stripping) using 'remote-settings.content-signature.mozilla.org-2025-09-08-21-33-59.chain'
console.error: services.settings: 
  main/fingerprinting-protection-overrides Signature failed  InvalidSignatureError: Invalid content signature (main/fingerprinting-protection-overrides) using 'remote-settings.content-signature.mozilla.org-2025-09-08-21-33-59.chain'
console.error: services.settings: 
  main/query-stripping local data was corrupted
console.warn: services.settings: main/query-stripping Signature verified failed. Retry from scratch
console.error: services.settings: 
  main/fingerprinting-protection-overrides local data was corrupted
console.warn: services.settings: main/fingerprinting-protection-overrides Signature verified failed. Retry from scratch
console.error: services.settings: 
  main/query-stripping Signature failed again InvalidSignatureError: Invalid content signature (main/query-stripping) using 'remote-settings.content-signature.mozilla.org-2025-09-08-21-33-59.chain'
console.error: (new InvalidSignatureError("Invalid content signature (main/query-stripping) using 'remote-settings.content-signature.mozilla.org-2025-09-08-21-33-59.chain'", "resource://services-settings/RemoteSettingsClient.sys.mjs", 165))
console.error: services.settings: 
  main/fingerprinting-protection-overrides Signature failed again InvalidSignatureError: Invalid content signature (main/fingerprinting-protection-overrides) using 'remote-settings.content-signature.mozilla.org-2025-09-08-21-33-59.chain'
console.error: (new InvalidSignatureError("Invalid content signature (main/fingerprinting-protection-overrides) using 'remote-settings.content-signature.mozilla.org-2025-09-08-21-33-59.chain'", "resource://services-settings/RemoteSettingsClient.sys.mjs", 165))
DevTools listening on ws://127.0.0.1:54092/devtools/browser/4e31270b-bcc1-4e0a-a0bb-0ac22acc06f8
console.error: services.settings: 
  main/partitioning-exempt-urls Signature failed  InvalidSignatureError: Invalid content signature (main/partitioning-exempt-urls) using 'remote-settings.content-signature.mozilla.org-2025-09-08-21-33-59.chain'
console.error: services.settings: 
  main/partitioning-exempt-urls local data was corrupted
console.warn: services.settings: main/partitioning-exempt-urls Signature verified failed. Retry from scratch
console.error: services.settings: 
  main/partitioning-exempt-urls Signature failed again InvalidSignatureError: Invalid content signature (main/partitioning-exempt-urls) using 'remote-settings.content-signature.mozilla.org-2025-09-08-21-33-59.chain'
console.error: (new InvalidSignatureError("Invalid content signature (main/partitioning-exempt-urls) using 'remote-settings.content-signature.mozilla.org-2025-09-08-21-33-59.chain'", "resource://services-settings/RemoteSettingsClient.sys.mjs", 165))
JavaScript warning: https://dty5c5tb9k4-496ff2e9c6d22116-0-colab.googleusercontent.com/outputframe.html?vrz=colab_20250729-060053_RC00_788359736, line 239: Using //@ to indicate sourceURL pragmas is deprecated. Use //# instead
JavaScript warning: https://g5gsh1x4hfw-496ff2e9c6d22116-0-colab.googleusercontent.com/outputframe.html?vrz=colab_20250729-060053_RC00_788359736, line 239: Using //@ to indicate sourceURL pragmas is deprecated. Use //# instead
JavaScript warning: https://dty5c5tb9k4-496ff2e9c6d22116-0-colab.googleusercontent.com/outputframe.html?vrz=colab_20250729-060053_RC00_788359736, line 239: Using //@ to indicate sourceURL pragmas is deprecated. Use //# instead
JavaScript warning: https://www.google.com/js/bg/ewkwPWymqQfuUctaJ1I01ziIEjwrJG28Jgq1eVP0gew.js, line 6461: unreachable code after return statement
JavaScript warning: https://www.google.com/js/bg/ewkwPWymqQfuUctaJ1I01ziIEjwrJG28Jgq1eVP0gew.js, line 6461: unreachable code after return statement
JavaScript warning: https://www.google.com/js/bg/ewkwPWymqQfuUctaJ1I01ziIEjwrJG28Jgq1eVP0gew.js, line 6461: unreachable code after return statement
JavaScript warning: https://www.google.com/js/bg/ewkwPWymqQfuUctaJ1I01ziIEjwrJG28Jgq1eVP0gew.js line 2 > eval, line 6461: unreachable code after return statement
JavaScript warning: https://www.google.com/js/bg/ewkwPWymqQfuUctaJ1I01ziIEjwrJG28Jgq1eVP0gew.js line 2 > eval, line 6461: unreachable code after return statement
JavaScript warning: https://dty5c5tb9k4-496ff2e9c6d22116-0-colab.googleusercontent.com/outputframe.html?vrz=colab_20250729-060053_RC00_788359736 line 13 > eval, line 972: Using //@ to indicate sourceURL pragmas is deprecated. Use //# instead
JavaScript warning: https://www.google.com/js/bg/ewkwPWymqQfuUctaJ1I01ziIEjwrJG28Jgq1eVP0gew.js line 2 > eval, line 6461: unreachable code after return statement
JavaScript warning: https://www.google.com/js/bg/ewkwPWymqQfuUctaJ1I01ziIEjwrJG28Jgq1eVP0gew.js line 2 > eval line 6461 > eval, line 1: unreachable code after return statement
JavaScript warning: https://www.google.com/js/bg/ewkwPWymqQfuUctaJ1I01ziIEjwrJG28Jgq1eVP0gew.js line 2 > eval line 6461 > eval line 1 > eval, line 1: unreachable code after return statement
JavaScript warning: https://www.google.com/js/bg/ewkwPWymqQfuUctaJ1I01ziIEjwrJG28Jgq1eVP0gew.js line 2 > eval line 6461 > eval, line 1: unreachable code after return statement
JavaScript warning: https://www.google.com/js/bg/ewkwPWymqQfuUctaJ1I01ziIEjwrJG28Jgq1eVP0gew.js line 2 > eval line 6461 > eval line 1 > eval, line 1: unreachable code after return statement
JavaScript warning: https://www.google.com/js/bg/ewkwPWymqQfuUctaJ1I01ziIEjwrJG28Jgq1eVP0gew.js line 2 > eval line 6461 > eval line 1 > eval, line 1: unreachable code after return statement
JavaScript warning: https://www.google.com/js/bg/ewkwPWymqQfuUctaJ1I01ziIEjwrJG28Jgq1eVP0gew.js line 2 > eval line 6461 > eval line 1 > eval, line 1: unreachable code after return statement
JavaScript warning: https://www.google.com/js/bg/ewkwPWymqQfuUctaJ1I01ziIEjwrJG28Jgq1eVP0gew.js line 2 > eval line 6461 > eval line 1 > eval line 1 > eval, line 1: unreachable code after return statement
JavaScript warning: https://www.google.com/js/bg/ewkwPWymqQfuUctaJ1I01ziIEjwrJG28Jgq1eVP0gew.js line 2 > eval line 6461 > eval line 1 > eval line 1 > eval, line 1: unreachable code after return statement
JavaScript warning: https://pebaydkqwf-496ff2e9c6d22116-0-colab.googleusercontent.com/outputframe.html?vrz=colab_20250729-060053_RC00_788359736, line 239: Using //@ to indicate sourceURL pragmas is deprecated. Use //# instead
JavaScript warning: https://ehdpy36npll-496ff2e9c6d22116-0-colab.googleusercontent.com/outputframe.html?vrz=colab_20250729-060053_RC00_788359736, line 239: Using //@ to indicate sourceURL pragmas is deprecated. Use //# instead
JavaScript warning: https://ehdpy36npll-496ff2e9c6d22116-0-colab.googleusercontent.com/outputframe.html?vrz=colab_20250729-060053_RC00_788359736, line 239: Using //@ to indicate sourceURL pragmas is deprecated. Use //# instead
JavaScript warning: https://www.google.com/js/bg/ewkwPWymqQfuUctaJ1I01ziIEjwrJG28Jgq1eVP0gew.js, line 4717: unreachable code after return statement
JavaScript warning: https://www.google.com/js/bg/ewkwPWymqQfuUctaJ1I01ziIEjwrJG28Jgq1eVP0gew.js, line 4717: unreachable code after return statement
JavaScript warning: https://www.google.com/js/bg/ewkwPWymqQfuUctaJ1I01ziIEjwrJG28Jgq1eVP0gew.js, line 4717: unreachable code after return statement
JavaScript warning: https://www.google.com/js/bg/ewkwPWymqQfuUctaJ1I01ziIEjwrJG28Jgq1eVP0gew.js line 2 > eval, line 4717: unreachable code after return statement
JavaScript warning: https://www.google.com/js/bg/ewkwPWymqQfuUctaJ1I01ziIEjwrJG28Jgq1eVP0gew.js line 2 > eval, line 4717: unreachable code after return statement
JavaScript warning: https://www.google.com/js/bg/ewkwPWymqQfuUctaJ1I01ziIEjwrJG28Jgq1eVP0gew.js line 2 > eval, line 4717: unreachable code after return statement
JavaScript warning: https://www.google.com/js/bg/ewkwPWymqQfuUctaJ1I01ziIEjwrJG28Jgq1eVP0gew.js line 2 > eval, line 1: unreachable code after return statement
JavaScript warning: https://www.google.com/js/bg/ewkwPWymqQfuUctaJ1I01ziIEjwrJG28Jgq1eVP0gew.js line 2 > eval line 4717 > eval, line 1: unreachable code after return statement
JavaScript warning: https://www.google.com/js/bg/ewkwPWymqQfuUctaJ1I01ziIEjwrJG28Jgq1eVP0gew.js line 2 > eval line 4717 > eval, line 1: unreachable code after return statement
JavaScript warning: https://www.google.com/js/bg/ewkwPWymqQfuUctaJ1I01ziIEjwrJG28Jgq1eVP0gew.js line 2 > eval line 4717 > eval line 1 > eval, line 1: unreachable code after return statement
JavaScript warning: https://www.google.com/js/bg/ewkwPWymqQfuUctaJ1I01ziIEjwrJG28Jgq1eVP0gew.js line 2 > eval line 4717 > eval line 1 > eval, line 1: unreachable code after return statement
JavaScript warning: https://www.google.com/js/bg/ewkwPWymqQfuUctaJ1I01ziIEjwrJG28Jgq1eVP0gew.js line 2 > eval line 4717 > eval line 1 > eval, line 1: unreachable code after return statement
JavaScript warning: https://www.google.com/js/bg/ewkwPWymqQfuUctaJ1I01ziIEjwrJG28Jgq1eVP0gew.js line 2 > eval line 4717 > eval line 1 > eval line 1 > eval, line 1: unreachable code after return statement
JavaScript warning: https://www.google.com/js/bg/ewkwPWymqQfuUctaJ1I01ziIEjwrJG28Jgq1eVP0gew.js line 2 > eval line 4717 > eval line 1 > eval line 1 > eval, line 1: unreachable code after return statement
1753950722659	addons.xpi	ERROR	System addon update list error SyntaxError: XMLHttpRequest.open: 'http://%(server)s/dummy-system-addons.xml' is not a valid URL.
console.error: services.settings: 
  blocklists/addons-bloomfilters Signature failed  InvalidSignatureError: Invalid content signature (blocklists/addons-bloomfilters) using 'remote-settings.content-signature.mozilla.org-2025-09-08-21-33-59.chain'
console.error: services.settings: 
  blocklists/addons-bloomfilters local data was corrupted
console.warn: services.settings: blocklists/addons-bloomfilters Signature verified failed. Retry from scratch
console.error: services.settings: 
  blocklists/addons-bloomfilters Signature failed again InvalidSignatureError: Invalid content signature (blocklists/addons-bloomfilters) using 'remote-settings.content-signature.mozilla.org-2025-09-08-21-33-59.chain'
console.error: services.settings: 
  Message: InvalidSignatureError: Invalid content signature (blocklists/addons-bloomfilters) using 'remote-settings.content-signature.mozilla.org-2025-09-08-21-33-59.chain'
  Stack:
    InvalidSignatureError@resource://services-settings/RemoteSettingsClient.sys.mjs:165:5
_validateCollectionSignature@resource://services-settings/RemoteSettingsClient.sys.mjs:1021:13

console.error: services.settings: 
  main/search-config-v2 Signature failed  InvalidSignatureError: Invalid content signature (main/search-config-v2) using 'remote-settings.content-signature.mozilla.org-2025-09-08-21-33-59.chain'
console.error: services.settings: 
  main/search-config-v2 local data was corrupted
console.warn: services.settings: main/search-config-v2 Signature verified failed. Retry from scratch
console.error: services.settings: 
  main/search-config-v2 Signature failed again InvalidSignatureError: Invalid content signature (main/search-config-v2) using 'remote-settings.content-signature.mozilla.org-2025-09-08-21-33-59.chain'
console.error: services.settings: 
  Message: InvalidSignatureError: Invalid content signature (main/search-config-v2) using 'remote-settings.content-signature.mozilla.org-2025-09-08-21-33-59.chain'
  Stack:
    InvalidSignatureError@resource://services-settings/RemoteSettingsClient.sys.mjs:165:5
_validateCollectionSignature@resource://services-settings/RemoteSettingsClient.sys.mjs:1021:13

console.error: services.settings: 
  main/search-telemetry-v2 Signature failed  InvalidSignatureError: Invalid content signature (main/search-telemetry-v2) using 'remote-settings.content-signature.mozilla.org-2025-09-08-21-33-59.chain'
console.error: services.settings: 
  main/search-telemetry-v2 local data was corrupted
console.warn: services.settings: main/search-telemetry-v2 Signature verified failed. Retry from scratch
console.error: services.settings: 
  main/search-telemetry-v2 Signature failed again InvalidSignatureError: Invalid content signature (main/search-telemetry-v2) using 'remote-settings.content-signature.mozilla.org-2025-09-08-21-33-59.chain'
console.error: services.settings: 
  Message: InvalidSignatureError: Invalid content signature (main/search-telemetry-v2) using 'remote-settings.content-signature.mozilla.org-2025-09-08-21-33-59.chain'
  Stack:
    InvalidSignatureError@resource://services-settings/RemoteSettingsClient.sys.mjs:165:5
_validateCollectionSignature@resource://services-settings/RemoteSettingsClient.sys.mjs:1021:13

console.error: services.settings: 
  main/translations-models Signature failed  InvalidSignatureError: Invalid content signature (main/translations-models) using 'remote-settings.content-signature.mozilla.org-2025-09-08-21-33-59.chain'
console.error: services.settings: 
  main/translations-models local data was corrupted
console.warn: services.settings: main/translations-models Signature verified failed. Retry from scratch
console.error: services.settings: 
  main/translations-models Signature failed again InvalidSignatureError: Invalid content signature (main/translations-models) using 'remote-settings.content-signature.mozilla.org-2025-09-08-21-33-59.chain'
console.error: services.settings: 
  Message: InvalidSignatureError: Invalid content signature (main/translations-models) using 'remote-settings.content-signature.mozilla.org-2025-09-08-21-33-59.chain'
  Stack:
    InvalidSignatureError@resource://services-settings/RemoteSettingsClient.sys.mjs:165:5
_validateCollectionSignature@resource://services-settings/RemoteSettingsClient.sys.mjs:1021:13

console.error: services.settings: 
  main/devtools-compatibility-browsers Signature failed  InvalidSignatureError: Invalid content signature (main/devtools-compatibility-browsers) using 'remote-settings.content-signature.mozilla.org-2025-09-08-21-33-59.chain'
console.error: services.settings: 
  main/devtools-compatibility-browsers local data was corrupted
console.warn: services.settings: main/devtools-compatibility-browsers Signature verified failed. Retry from scratch
console.error: services.settings: 
  main/devtools-compatibility-browsers Signature failed again InvalidSignatureError: Invalid content signature (main/devtools-compatibility-browsers) using 'remote-settings.content-signature.mozilla.org-2025-09-08-21-33-59.chain'
console.error: services.settings: 
  Message: InvalidSignatureError: Invalid content signature (main/devtools-compatibility-browsers) using 'remote-settings.content-signature.mozilla.org-2025-09-08-21-33-59.chain'
  Stack:
    InvalidSignatureError@resource://services-settings/RemoteSettingsClient.sys.mjs:165:5
_validateCollectionSignature@resource://services-settings/RemoteSettingsClient.sys.mjs:1021:13

console.error: services.settings: 
  main/doh-config Signature failed  InvalidSignatureError: Invalid content signature (main/doh-config) using 'remote-settings.content-signature.mozilla.org-2025-09-08-21-33-59.chain'
console.error: services.settings: 
  main/doh-config local data was corrupted
console.warn: services.settings: main/doh-config Signature verified failed. Retry from scratch
console.error: services.settings: 
  main/doh-config Signature failed again InvalidSignatureError: Invalid content signature (main/doh-config) using 'remote-settings.content-signature.mozilla.org-2025-09-08-21-33-59.chain'
console.error: services.settings: 
  Message: InvalidSignatureError: Invalid content signature (main/doh-config) using 'remote-settings.content-signature.mozilla.org-2025-09-08-21-33-59.chain'
  Stack:
    InvalidSignatureError@resource://services-settings/RemoteSettingsClient.sys.mjs:165:5
_validateCollectionSignature@resource://services-settings/RemoteSettingsClient.sys.mjs:1021:13

console.error: services.settings: 
  main/fingerprinting-protection-overrides Signature failed  InvalidSignatureError: Invalid content signature (main/fingerprinting-protection-overrides) using 'remote-settings.content-signature.mozilla.org-2025-09-08-21-33-59.chain'
console.error: services.settings: 
  main/fingerprinting-protection-overrides local data was corrupted
console.warn: services.settings: main/fingerprinting-protection-overrides Signature verified failed. Retry from scratch
console.error: services.settings: 
  main/fingerprinting-protection-overrides Signature failed again InvalidSignatureError: Invalid content signature (main/fingerprinting-protection-overrides) using 'remote-settings.content-signature.mozilla.org-2025-09-08-21-33-59.chain'
console.error: services.settings: 
  Message: InvalidSignatureError: Invalid content signature (main/fingerprinting-protection-overrides) using 'remote-settings.content-signature.mozilla.org-2025-09-08-21-33-59.chain'
  Stack:
    InvalidSignatureError@resource://services-settings/RemoteSettingsClient.sys.mjs:165:5
_validateCollectionSignature@resource://services-settings/RemoteSettingsClient.sys.mjs:1021:13

console.error: services.settings: 
  main/translations-wasm Signature failed  InvalidSignatureError: Invalid content signature (main/translations-wasm) using 'remote-settings.content-signature.mozilla.org-2025-09-08-21-33-59.chain'
console.error: services.settings: 
  main/translations-wasm local data was corrupted
console.warn: services.settings: main/translations-wasm Signature verified failed. Retry from scratch
console.error: services.settings: 
  main/translations-wasm Signature failed again InvalidSignatureError: Invalid content signature (main/translations-wasm) using 'remote-settings.content-signature.mozilla.org-2025-09-08-21-33-59.chain'
console.error: services.settings: 
  Message: InvalidSignatureError: Invalid content signature (main/translations-wasm) using 'remote-settings.content-signature.mozilla.org-2025-09-08-21-33-59.chain'
  Stack:
    InvalidSignatureError@resource://services-settings/RemoteSettingsClient.sys.mjs:165:5
_validateCollectionSignature@resource://services-settings/RemoteSettingsClient.sys.mjs:1021:13

console.error: services.settings: 
  main/partitioning-exempt-urls Signature failed  InvalidSignatureError: Invalid content signature (main/partitioning-exempt-urls) using 'remote-settings.content-signature.mozilla.org-2025-09-08-21-33-59.chain'
console.error: services.settings: 
  main/partitioning-exempt-urls local data was corrupted
console.warn: services.settings: main/partitioning-exempt-urls Signature verified failed. Retry from scratch
console.error: services.settings: 
  main/partitioning-exempt-urls Signature failed again InvalidSignatureError: Invalid content signature (main/partitioning-exempt-urls) using 'remote-settings.content-signature.mozilla.org-2025-09-08-21-33-59.chain'
console.error: services.settings: 
  Message: InvalidSignatureError: Invalid content signature (main/partitioning-exempt-urls) using 'remote-settings.content-signature.mozilla.org-2025-09-08-21-33-59.chain'
  Stack:
    InvalidSignatureError@resource://services-settings/RemoteSettingsClient.sys.mjs:165:5
_validateCollectionSignature@resource://services-settings/RemoteSettingsClient.sys.mjs:1021:13

console.error: services.settings: 
  blocklists/gfx Signature failed  InvalidSignatureError: Invalid content signature (blocklists/gfx) using 'remote-settings.content-signature.mozilla.org-2025-09-08-21-33-59.chain'
console.error: services.settings: 
  blocklists/gfx local data was corrupted
console.warn: services.settings: blocklists/gfx Signature verified failed. Retry from scratch
console.error: services.settings: 
  blocklists/gfx Signature failed again InvalidSignatureError: Invalid content signature (blocklists/gfx) using 'remote-settings.content-signature.mozilla.org-2025-09-08-21-33-59.chain'
console.error: services.settings: 
  Message: InvalidSignatureError: Invalid content signature (blocklists/gfx) using 'remote-settings.content-signature.mozilla.org-2025-09-08-21-33-59.chain'
  Stack:
    InvalidSignatureError@resource://services-settings/RemoteSettingsClient.sys.mjs:165:5
_validateCollectionSignature@resource://services-settings/RemoteSettingsClient.sys.mjs:1021:13

console.error: services.settings: 
  main/search-config-icons Signature failed  InvalidSignatureError: Invalid content signature (main/search-config-icons) using 'remote-settings.content-signature.mozilla.org-2025-09-08-21-33-59.chain'
console.error: services.settings: 
  main/search-config-icons local data was corrupted
console.warn: services.settings: main/search-config-icons Signature verified failed. Retry from scratch
console.error: services.settings: 
  main/search-config-icons Signature failed again InvalidSignatureError: Invalid content signature (main/search-config-icons) using 'remote-settings.content-signature.mozilla.org-2025-09-08-21-33-59.chain'
console.error: services.settings: 
  Message: InvalidSignatureError: Invalid content signature (main/search-config-icons) using 'remote-settings.content-signature.mozilla.org-2025-09-08-21-33-59.chain'
  Stack:
    InvalidSignatureError@resource://services-settings/RemoteSettingsClient.sys.mjs:165:5
_validateCollectionSignature@resource://services-settings/RemoteSettingsClient.sys.mjs:1021:13

console.error: services.settings: 
  main/search-default-override-allowlist Signature failed  InvalidSignatureError: Invalid content signature (main/search-default-override-allowlist) using 'remote-settings.content-signature.mozilla.org-2025-09-08-21-33-59.chain'
console.error: services.settings: 
  main/search-default-override-allowlist local data was corrupted
console.warn: services.settings: main/search-default-override-allowlist Signature verified failed. Retry from scratch
console.error: services.settings: 
  main/search-default-override-allowlist Signature failed again InvalidSignatureError: Invalid content signature (main/search-default-override-allowlist) using 'remote-settings.content-signature.mozilla.org-2025-09-08-21-33-59.chain'
console.error: services.settings: 
  Message: InvalidSignatureError: Invalid content signature (main/search-default-override-allowlist) using 'remote-settings.content-signature.mozilla.org-2025-09-08-21-33-59.chain'
  Stack:
    InvalidSignatureError@resource://services-settings/RemoteSettingsClient.sys.mjs:165:5
_validateCollectionSignature@resource://services-settings/RemoteSettingsClient.sys.mjs:1021:13

console.error: services.settings: 
  main/top-sites Signature failed  InvalidSignatureError: Invalid content signature (main/top-sites) using 'remote-settings.content-signature.mozilla.org-2025-09-08-21-33-59.chain'
console.error: services.settings: 
  main/top-sites local data was corrupted
console.warn: services.settings: main/top-sites Signature verified failed. Retry from scratch
console.error: services.settings: 
  main/top-sites Signature failed again InvalidSignatureError: Invalid content signature (main/top-sites) using 'remote-settings.content-signature.mozilla.org-2025-09-08-21-33-59.chain'
console.error: services.settings: 
  Message: InvalidSignatureError: Invalid content signature (main/top-sites) using 'remote-settings.content-signature.mozilla.org-2025-09-08-21-33-59.chain'
  Stack:
    InvalidSignatureError@resource://services-settings/RemoteSettingsClient.sys.mjs:165:5
_validateCollectionSignature@resource://services-settings/RemoteSettingsClient.sys.mjs:1021:13

console.error: services.settings: 
  main/password-rules Signature failed  InvalidSignatureError: Invalid content signature (main/password-rules) using 'remote-settings.content-signature.mozilla.org-2025-09-08-21-33-59.chain'
console.error: services.settings: 
  main/password-rules local data was corrupted
console.warn: services.settings: main/password-rules Signature verified failed. Retry from scratch
console.error: services.settings: 
  main/password-rules Signature failed again InvalidSignatureError: Invalid content signature (main/password-rules) using 'remote-settings.content-signature.mozilla.org-2025-09-08-21-33-59.chain'
console.error: services.settings: 
  Message: InvalidSignatureError: Invalid content signature (main/password-rules) using 'remote-settings.content-signature.mozilla.org-2025-09-08-21-33-59.chain'
  Stack:
    InvalidSignatureError@resource://services-settings/RemoteSettingsClient.sys.mjs:165:5
_validateCollectionSignature@resource://services-settings/RemoteSettingsClient.sys.mjs:1021:13

console.error: services.settings: 
  main/url-classifier-skip-urls Signature failed  InvalidSignatureError: Invalid content signature (main/url-classifier-skip-urls) using 'remote-settings.content-signature.mozilla.org-2025-09-08-21-33-59.chain'
console.error: services.settings: 
  main/url-classifier-skip-urls local data was corrupted
console.warn: services.settings: main/url-classifier-skip-urls Signature verified failed. Retry from scratch
console.error: services.settings: 
  main/url-classifier-skip-urls Signature failed again InvalidSignatureError: Invalid content signature (main/url-classifier-skip-urls) using 'remote-settings.content-signature.mozilla.org-2025-09-08-21-33-59.chain'
console.error: services.settings: 
  Message: InvalidSignatureError: Invalid content signature (main/url-classifier-skip-urls) using 'remote-settings.content-signature.mozilla.org-2025-09-08-21-33-59.chain'
  Stack:
    InvalidSignatureError@resource://services-settings/RemoteSettingsClient.sys.mjs:165:5
_validateCollectionSignature@resource://services-settings/RemoteSettingsClient.sys.mjs:1021:13

console.error: services.settings: 
  main/websites-with-shared-credential-backends Signature failed  InvalidSignatureError: Invalid content signature (main/websites-with-shared-credential-backends) using 'remote-settings.content-signature.mozilla.org-2025-09-08-21-33-59.chain'
console.error: services.settings: 
  main/websites-with-shared-credential-backends local data was corrupted
console.warn: services.settings: main/websites-with-shared-credential-backends Signature verified failed. Retry from scratch
console.error: services.settings: 
  main/websites-with-shared-credential-backends Signature failed again InvalidSignatureError: Invalid content signature (main/websites-with-shared-credential-backends) using 'remote-settings.content-signature.mozilla.org-2025-09-08-21-33-59.chain'
console.error: services.settings: 
  Message: InvalidSignatureError: Invalid content signature (main/websites-with-shared-credential-backends) using 'remote-settings.content-signature.mozilla.org-2025-09-08-21-33-59.chain'
  Stack:
    InvalidSignatureError@resource://services-settings/RemoteSettingsClient.sys.mjs:165:5
_validateCollectionSignature@resource://services-settings/RemoteSettingsClient.sys.mjs:1021:13

console.error: services.settings: 
  main/normandy-recipes-capabilities Signature failed  InvalidSignatureError: Invalid content signature (main/normandy-recipes-capabilities) using 'remote-settings.content-signature.mozilla.org-2025-09-08-21-33-59.chain'
console.error: services.settings: 
  main/normandy-recipes-capabilities local data was corrupted
console.warn: services.settings: main/normandy-recipes-capabilities Signature verified failed. Retry from scratch
console.error: services.settings: 
  main/normandy-recipes-capabilities Signature failed again InvalidSignatureError: Invalid content signature (main/normandy-recipes-capabilities) using 'remote-settings.content-signature.mozilla.org-2025-09-08-21-33-59.chain'
console.error: services.settings: 
  Message: InvalidSignatureError: Invalid content signature (main/normandy-recipes-capabilities) using 'remote-settings.content-signature.mozilla.org-2025-09-08-21-33-59.chain'
  Stack:
    InvalidSignatureError@resource://services-settings/RemoteSettingsClient.sys.mjs:165:5
_validateCollectionSignature@resource://services-settings/RemoteSettingsClient.sys.mjs:1021:13

console.error: services.settings: 
  main/cookie-banner-rules-list Signature failed  InvalidSignatureError: Invalid content signature (main/cookie-banner-rules-list) using 'remote-settings.content-signature.mozilla.org-2025-09-08-21-33-59.chain'
console.error: services.settings: 
  main/cookie-banner-rules-list local data was corrupted
console.warn: services.settings: main/cookie-banner-rules-list Signature verified failed. Retry from scratch
JavaScript warning: https://ehdpy36npll-496ff2e9c6d22116-0-colab.googleusercontent.com/outputframe.html?vrz=colab_20250729-060053_RC00_788359736 line 13 > eval, line 972: Using //@ to indicate sourceURL pragmas is deprecated. Use //# instead
console.error: services.settings: 
  main/cookie-banner-rules-list Signature failed again InvalidSignatureError: Invalid content signature (main/cookie-banner-rules-list) using 'remote-settings.content-signature.mozilla.org-2025-09-08-21-33-59.chain'
console.error: services.settings: 
  Message: InvalidSignatureError: Invalid content signature (main/cookie-banner-rules-list) using 'remote-settings.content-signature.mozilla.org-2025-09-08-21-33-59.chain'
  Stack:
    InvalidSignatureError@resource://services-settings/RemoteSettingsClient.sys.mjs:165:5
_validateCollectionSignature@resource://services-settings/RemoteSettingsClient.sys.mjs:1021:13

console.warn: services.settings: main/search-config Signature verified failed. Retry from scratch
console.error: services.settings: 
  main/search-config Signature failed again InvalidSignatureError: Invalid content signature (main/search-config) using 'remote-settings.content-signature.mozilla.org-2025-09-08-21-33-59.chain'
console.error: services.settings: 
  Message: InvalidSignatureError: Invalid content signature (main/search-config) using 'remote-settings.content-signature.mozilla.org-2025-09-08-21-33-59.chain'
  Stack:
    InvalidSignatureError@resource://services-settings/RemoteSettingsClient.sys.mjs:165:5
_validateCollectionSignature@resource://services-settings/RemoteSettingsClient.sys.mjs:1021:13

console.warn: services.settings: main/search-config-overrides Signature verified failed. Retry from scratch
console.error: services.settings: 
  main/search-config-overrides Signature failed again InvalidSignatureError: Invalid content signature (main/search-config-overrides) using 'remote-settings.content-signature.mozilla.org-2025-09-08-21-33-59.chain'
console.error: services.settings: 
  Message: InvalidSignatureError: Invalid content signature (main/search-config-overrides) using 'remote-settings.content-signature.mozilla.org-2025-09-08-21-33-59.chain'
  Stack:
    InvalidSignatureError@resource://services-settings/RemoteSettingsClient.sys.mjs:165:5
_validateCollectionSignature@resource://services-settings/RemoteSettingsClient.sys.mjs:1021:13

console.error: services.settings: 
  main/query-stripping Signature failed  InvalidSignatureError: Invalid content signature (main/query-stripping) using 'remote-settings.content-signature.mozilla.org-2025-09-08-21-33-59.chain'
console.error: services.settings: 
  main/query-stripping local data was corrupted
console.warn: services.settings: main/query-stripping Signature verified failed. Retry from scratch
console.error: services.settings: 
  main/query-stripping Signature failed again InvalidSignatureError: Invalid content signature (main/query-stripping) using 'remote-settings.content-signature.mozilla.org-2025-09-08-21-33-59.chain'
console.error: services.settings: 
  Message: InvalidSignatureError: Invalid content signature (main/query-stripping) using 'remote-settings.content-signature.mozilla.org-2025-09-08-21-33-59.chain'
  Stack:
    InvalidSignatureError@resource://services-settings/RemoteSettingsClient.sys.mjs:165:5
_validateCollectionSignature@resource://services-settings/RemoteSettingsClient.sys.mjs:1021:13

console.error: services.settings: 
  main/addons-manager-settings Signature failed  InvalidSignatureError: Invalid content signature (main/addons-manager-settings) using 'remote-settings.content-signature.mozilla.org-2025-09-08-21-33-59.chain'
console.error: services.settings: 
  main/addons-manager-settings local data was corrupted
console.warn: services.settings: main/addons-manager-settings Signature verified failed. Retry from scratch
console.error: services.settings: 
  main/addons-manager-settings Signature failed again InvalidSignatureError: Invalid content signature (main/addons-manager-settings) using 'remote-settings.content-signature.mozilla.org-2025-09-08-21-33-59.chain'
console.error: services.settings: 
  Message: InvalidSignatureError: Invalid content signature (main/addons-manager-settings) using 'remote-settings.content-signature.mozilla.org-2025-09-08-21-33-59.chain'
  Stack:
    InvalidSignatureError@resource://services-settings/RemoteSettingsClient.sys.mjs:165:5
_validateCollectionSignature@resource://services-settings/RemoteSettingsClient.sys.mjs:1021:13

console.error: services.settings: 
  main/doh-providers Signature failed  InvalidSignatureError: Invalid content signature (main/doh-providers) using 'remote-settings.content-signature.mozilla.org-2025-09-08-21-33-59.chain'
console.error: services.settings: 
  main/doh-providers local data was corrupted
console.warn: services.settings: main/doh-providers Signature verified failed. Retry from scratch
console.error: services.settings: 
  main/doh-providers Signature failed again InvalidSignatureError: Invalid content signature (main/doh-providers) using 'remote-settings.content-signature.mozilla.org-2025-09-08-21-33-59.chain'
console.error: services.settings: 
  Message: InvalidSignatureError: Invalid content signature (main/doh-providers) using 'remote-settings.content-signature.mozilla.org-2025-09-08-21-33-59.chain'
  Stack:
    InvalidSignatureError@resource://services-settings/RemoteSettingsClient.sys.mjs:165:5
_validateCollectionSignature@resource://services-settings/RemoteSettingsClient.sys.mjs:1021:13

console.error: services.settings: 
  main/pioneer-study-addons-v1 Signature failed  InvalidSignatureError: Invalid content signature (main/pioneer-study-addons-v1) using 'remote-settings.content-signature.mozilla.org-2025-09-08-21-33-59.chain'
console.error: services.settings: 
  main/pioneer-study-addons-v1 local data was corrupted
console.warn: services.settings: main/pioneer-study-addons-v1 Signature verified failed. Retry from scratch
console.error: services.settings: 
  main/pioneer-study-addons-v1 Signature failed again InvalidSignatureError: Invalid content signature (main/pioneer-study-addons-v1) using 'remote-settings.content-signature.mozilla.org-2025-09-08-21-33-59.chain'
console.error: services.settings: 
  Message: InvalidSignatureError: Invalid content signature (main/pioneer-study-addons-v1) using 'remote-settings.content-signature.mozilla.org-2025-09-08-21-33-59.chain'
  Stack:
    InvalidSignatureError@resource://services-settings/RemoteSettingsClient.sys.mjs:165:5
_validateCollectionSignature@resource://services-settings/RemoteSettingsClient.sys.mjs:1021:13

console.warn: services.settings: main/hijack-blocklists Signature verified failed. Retry from scratch
console.error: services.settings: 
  main/hijack-blocklists Signature failed again InvalidSignatureError: Invalid content signature (main/hijack-blocklists) using 'remote-settings.content-signature.mozilla.org-2025-09-08-21-33-59.chain'
console.error: services.settings: 
  Message: InvalidSignatureError: Invalid content signature (main/hijack-blocklists) using 'remote-settings.content-signature.mozilla.org-2025-09-08-21-33-59.chain'
  Stack:
    InvalidSignatureError@resource://services-settings/RemoteSettingsClient.sys.mjs:165:5
_validateCollectionSignature@resource://services-settings/RemoteSettingsClient.sys.mjs:1021:13

console.warn: services.settings: main/anti-tracking-url-decoration Signature verified failed. Retry from scratch
console.error: services.settings: 
  main/anti-tracking-url-decoration Signature failed again InvalidSignatureError: Invalid content signature (main/anti-tracking-url-decoration) using 'remote-settings.content-signature.mozilla.org-2025-09-08-21-33-59.chain'
console.error: services.settings: 
  Message: InvalidSignatureError: Invalid content signature (main/anti-tracking-url-decoration) using 'remote-settings.content-signature.mozilla.org-2025-09-08-21-33-59.chain'
  Stack:
    InvalidSignatureError@resource://services-settings/RemoteSettingsClient.sys.mjs:165:5
_validateCollectionSignature@resource://services-settings/RemoteSettingsClient.sys.mjs:1021:13

console.error: (new InvalidSignatureError("Invalid content signature (blocklists/addons-bloomfilters) using 'remote-settings.content-signature.mozilla.org-2025-09-08-21-33-59.chain'", "resource://services-settings/RemoteSettingsClient.sys.mjs", 165))
JavaScript warning: https://j7zb1jp8bi-496ff2e9c6d22116-0-colab.googleusercontent.com/outputframe.html?vrz=colab_20250729-060053_RC00_788359736, line 239: Using //@ to indicate sourceURL pragmas is deprecated. Use //# instead
JavaScript warning: https://ervcwpdjpcw-496ff2e9c6d22116-0-colab.googleusercontent.com/outputframe.html?vrz=colab_20250729-060053_RC00_788359736, line 239: Using //@ to indicate sourceURL pragmas is deprecated. Use //# instead
JavaScript warning: https://www.google.com/js/bg/0qnx2Gb82MY1wqpIt-pJ8z32LEcFDaWHqPgsrVnGetI.js, line 903: unreachable code after return statement
JavaScript warning: https://www.google.com/js/bg/0qnx2Gb82MY1wqpIt-pJ8z32LEcFDaWHqPgsrVnGetI.js, line 903: unreachable code after return statement
JavaScript warning: https://www.google.com/js/bg/0qnx2Gb82MY1wqpIt-pJ8z32LEcFDaWHqPgsrVnGetI.js, line 903: unreachable code after return statement
JavaScript warning: https://www.google.com/js/bg/0qnx2Gb82MY1wqpIt-pJ8z32LEcFDaWHqPgsrVnGetI.js, line 903: unreachable code after return statement
JavaScript warning: https://www.google.com/js/bg/0qnx2Gb82MY1wqpIt-pJ8z32LEcFDaWHqPgsrVnGetI.js, line 903: unreachable code after return statement
JavaScript warning: https://www.google.com/js/bg/0qnx2Gb82MY1wqpIt-pJ8z32LEcFDaWHqPgsrVnGetI.js, line 903: unreachable code after return statement
JavaScript warning: https://www.google.com/js/bg/0qnx2Gb82MY1wqpIt-pJ8z32LEcFDaWHqPgsrVnGetI.js, line 903: unreachable code after return statement
JavaScript warning: https://www.google.com/js/bg/0qnx2Gb82MY1wqpIt-pJ8z32LEcFDaWHqPgsrVnGetI.js line 2 > eval, line 903: unreachable code after return statement
JavaScript warning: https://www.google.com/js/bg/0qnx2Gb82MY1wqpIt-pJ8z32LEcFDaWHqPgsrVnGetI.js line 2 > eval, line 903: unreachable code after return statement
JavaScript warning: https://www.google.com/js/bg/0qnx2Gb82MY1wqpIt-pJ8z32LEcFDaWHqPgsrVnGetI.js line 2 > eval, line 903: unreachable code after return statement
JavaScript warning: https://www.google.com/js/bg/0qnx2Gb82MY1wqpIt-pJ8z32LEcFDaWHqPgsrVnGetI.js line 2 > eval, line 903: unreachable code after return statement
JavaScript warning: https://www.google.com/js/bg/0qnx2Gb82MY1wqpIt-pJ8z32LEcFDaWHqPgsrVnGetI.js line 2 > eval line 903 > eval, line 1: unreachable code after return statement
JavaScript warning: https://www.google.com/js/bg/0qnx2Gb82MY1wqpIt-pJ8z32LEcFDaWHqPgsrVnGetI.js line 2 > eval line 903 > eval line 1 > eval, line 1: unreachable code after return statement
JavaScript warning: https://www.google.com/js/bg/0qnx2Gb82MY1wqpIt-pJ8z32LEcFDaWHqPgsrVnGetI.js line 2 > eval line 903 > eval, line 1: unreachable code after return statement
JavaScript warning: https://www.google.com/js/bg/0qnx2Gb82MY1wqpIt-pJ8z32LEcFDaWHqPgsrVnGetI.js line 2 > eval line 903 > eval line 1 > eval, line 1: unreachable code after return statement
JavaScript warning: https://www.google.com/js/bg/0qnx2Gb82MY1wqpIt-pJ8z32LEcFDaWHqPgsrVnGetI.js line 2 > eval line 903 > eval, line 1: unreachable code after return statement
JavaScript warning: https://www.google.com/js/bg/0qnx2Gb82MY1wqpIt-pJ8z32LEcFDaWHqPgsrVnGetI.js line 2 > eval line 903 > eval line 1 > eval, line 1: unreachable code after return statement
JavaScript warning: https://www.google.com/js/bg/0qnx2Gb82MY1wqpIt-pJ8z32LEcFDaWHqPgsrVnGetI.js line 2 > eval, line 903: unreachable code after return statement
JavaScript warning: https://www.google.com/js/bg/0qnx2Gb82MY1wqpIt-pJ8z32LEcFDaWHqPgsrVnGetI.js line 2 > eval, line 903: unreachable code after return statement
JavaScript warning: https://www.google.com/js/bg/0qnx2Gb82MY1wqpIt-pJ8z32LEcFDaWHqPgsrVnGetI.js line 2 > eval, line 903: unreachable code after return statement
JavaScript warning: https://www.google.com/js/bg/0qnx2Gb82MY1wqpIt-pJ8z32LEcFDaWHqPgsrVnGetI.js line 2 > eval line 903 > eval line 1 > eval, line 1: unreachable code after return statement
JavaScript warning: https://www.google.com/js/bg/0qnx2Gb82MY1wqpIt-pJ8z32LEcFDaWHqPgsrVnGetI.js line 2 > eval line 903 > eval line 1 > eval, line 1: unreachable code after return statement
JavaScript warning: https://www.google.com/js/bg/0qnx2Gb82MY1wqpIt-pJ8z32LEcFDaWHqPgsrVnGetI.js line 2 > eval line 903 > eval line 1 > eval, line 1: unreachable code after return statement
JavaScript warning: https://www.google.com/js/bg/0qnx2Gb82MY1wqpIt-pJ8z32LEcFDaWHqPgsrVnGetI.js line 2 > eval line 903 > eval line 1 > eval line 1 > eval, line 1: unreachable code after return statement
JavaScript warning: https://www.google.com/js/bg/0qnx2Gb82MY1wqpIt-pJ8z32LEcFDaWHqPgsrVnGetI.js line 2 > eval line 903 > eval line 1 > eval line 1 > eval, line 1: unreachable code after return statement
JavaScript warning: https://www.google.com/js/bg/0qnx2Gb82MY1wqpIt-pJ8z32LEcFDaWHqPgsrVnGetI.js line 2 > eval line 903 > eval line 1 > eval line 1 > eval, line 1: unreachable code after return statement
console.warn: "Listener for event 'frame' did not return a promise."
JavaScript error: , line 0: NotFoundError: No such JSProcessActor 'DevToolsProcess'
JavaScript error: , line 0: NotFoundError: No such JSProcessActor 'DevToolsProcess'
JavaScript error: , line 0: NotFoundError: No such JSProcessActor 'DevToolsProcess'
JavaScript error: , line 0: NotFoundError: No such JSProcessActor 'DevToolsProcess'
JavaScript error: , line 0: NotFoundError: No such JSProcessActor 'DevToolsProcess'
JavaScript error: , line 0: NotFoundError: No such JSProcessActor 'DevToolsProcess'
JavaScript error: , line 0: NotFoundError: No such JSProcessActor 'DevToolsProcess'
JavaScript error: , line 0: NotFoundError: No such JSProcessActor 'DevToolsProcess'
JavaScript error: , line 0: NotFoundError: No such JSProcessActor 'DevToolsProcess'
JavaScript error: , line 0: NotFoundError: No such JSProcessActor 'DevToolsProcess'
JavaScript error: , line 0: NotFoundError: No such JSProcessActor 'DevToolsProcess'
JavaScript error: , line 0: NotFoundError: No such JSProcessActor 'DevToolsProcess'
JavaScript error: , line 0: NotFoundError: No such JSProcessActor 'DevToolsProcess'
JavaScript error: , line 0: NotFoundError: No such JSProcessActor 'DevToolsProcess'
JavaScript error: , line 0: NotFoundError: No such JSProcessActor 'DevToolsProcess'
JavaScript error: , line 0: NotFoundError: No such JSProcessActor 'DevToolsProcess'
JavaScript error: , line 0: NotFoundError: No such JSProcessActor 'DevToolsProcess'
JavaScript error: , line 0: NotFoundError: No such JSProcessActor 'DevToolsProcess'
JavaScript error: , line 0: NotFoundError: No such JSProcessActor 'DevToolsProcess'
JavaScript error: , line 0: NotFoundError: No such JSProcessActor 'DevToolsProcess'
JavaScript error: , line 0: NotFoundError: No such JSProcessActor 'DevToolsProcess'
JavaScript warning: https://www.googletagmanager.com/gtag/js?id=G-S3V05QCXK5&cx=c&_slc=1, line 404: Script terminated by timeout at:
Tp@https://www.googletagmanager.com/gtag/js?id=G-S3V05QCXK5&cx=c&_slc=1:404:376
Vq@https://www.googletagmanager.com/gtag/js?id=G-S3V05QCXK5&cx=c&_slc=1:419:494
FO/<@https://www.googletagmanager.com/gtag/js?id=G-S3V05QCXK5&cx=c&_slc=1:782:164
k.ao/<@https://www.googletagmanager.com/gtag/js?id=G-S3V05QCXK5&cx=c&_slc=1:717:126
k.ao/c/<@https://www.googletagmanager.com/gtag/js?id=G-S3V05QCXK5&cx=c&_slc=1:716:418

1753951263815	Marionette	INFO	Stopped listening on port 54099
Dynamically enable window occlusion 1
Exiting due to channel error.
1753951310698	geckodriver	INFO	Listening on 127.0.0.1:54270
1753951313736	mozrunner::runner	INFO	Running command: "C:\\Program Files\\Mozilla Firefox\\firefox.exe" "--marionette" "--remote-debugging-port" "54271" "--remote-allow-hosts" "localhost" "-no-remote" "-profile" "C:\\Users\\Atomix\\AppData\\Local\\Temp\\rust_mozprofilep2D3xl"
console.warn: services.settings: Ignoring preference override of remote settings server
console.warn: services.settings: Allow by setting MOZ_REMOTE_SETTINGS_DEVTOOLS=1 in the environment
Dynamically enable window occlusion 0
1753951313991	Marionette	INFO	Marionette enabled
1753951314111	Marionette	INFO	Listening on port 54278
WebDriver BiDi listening on ws://127.0.0.1:54271
Read port: 54278
1753951314261	RemoteAgent	WARN	TLS certificate errors will be ignored for this session
console.error: services.settings: 
  main/query-stripping Signature failed  InvalidSignatureError: Invalid content signature (main/query-stripping) using 'remote-settings.content-signature.mozilla.org-2025-09-08-21-33-59.chain'
console.error: services.settings: 
  main/query-stripping local data was corrupted
console.warn: services.settings: main/query-stripping Signature verified failed. Retry from scratch
console.error: services.settings: 
  main/query-stripping Signature failed again InvalidSignatureError: Invalid content signature (main/query-stripping) using 'remote-settings.content-signature.mozilla.org-2025-09-08-21-33-59.chain'
console.error: (new InvalidSignatureError("Invalid content signature (main/query-stripping) using 'remote-settings.content-signature.mozilla.org-2025-09-08-21-33-59.chain'", "resource://services-settings/RemoteSettingsClient.sys.mjs", 165))
console.error: services.settings: 
  main/fingerprinting-protection-overrides Signature failed  InvalidSignatureError: Invalid content signature (main/fingerprinting-protection-overrides) using 'remote-settings.content-signature.mozilla.org-2025-09-08-21-33-59.chain'
console.error: services.settings: 
  main/fingerprinting-protection-overrides local data was corrupted
console.warn: services.settings: main/fingerprinting-protection-overrides Signature verified failed. Retry from scratch
console.error: services.settings: 
  main/fingerprinting-protection-overrides Signature failed again InvalidSignatureError: Invalid content signature (main/fingerprinting-protection-overrides) using 'remote-settings.content-signature.mozilla.org-2025-09-08-21-33-59.chain'
console.error: (new InvalidSignatureError("Invalid content signature (main/fingerprinting-protection-overrides) using 'remote-settings.content-signature.mozilla.org-2025-09-08-21-33-59.chain'", "resource://services-settings/RemoteSettingsClient.sys.mjs", 165))
DevTools listening on ws://127.0.0.1:54271/devtools/browser/adc41a55-4fbd-44e0-bf69-592c9811f560
console.error: services.settings: 
  main/partitioning-exempt-urls Signature failed  InvalidSignatureError: Invalid content signature (main/partitioning-exempt-urls) using 'remote-settings.content-signature.mozilla.org-2025-09-08-21-33-59.chain'
console.error: services.settings: 
  main/partitioning-exempt-urls local data was corrupted
console.warn: services.settings: main/partitioning-exempt-urls Signature verified failed. Retry from scratch
console.error: services.settings: 
  main/partitioning-exempt-urls Signature failed again InvalidSignatureError: Invalid content signature (main/partitioning-exempt-urls) using 'remote-settings.content-signature.mozilla.org-2025-09-08-21-33-59.chain'
console.error: (new InvalidSignatureError("Invalid content signature (main/partitioning-exempt-urls) using 'remote-settings.content-signature.mozilla.org-2025-09-08-21-33-59.chain'", "resource://services-settings/RemoteSettingsClient.sys.mjs", 165))
JavaScript warning: https://3yek6phqzwg-496ff2e9c6d22116-0-colab.googleusercontent.com/outputframe.html?vrz=colab_20250729-060053_RC00_788359736, line 239: Using //@ to indicate sourceURL pragmas is deprecated. Use //# instead
JavaScript warning: https://8xfg633krht-496ff2e9c6d22116-0-colab.googleusercontent.com/outputframe.html?vrz=colab_20250729-060053_RC00_788359736, line 239: Using //@ to indicate sourceURL pragmas is deprecated. Use //# instead
JavaScript warning: https://3yek6phqzwg-496ff2e9c6d22116-0-colab.googleusercontent.com/outputframe.html?vrz=colab_20250729-060053_RC00_788359736, line 239: Using //@ to indicate sourceURL pragmas is deprecated. Use //# instead
JavaScript warning: https://3yek6phqzwg-496ff2e9c6d22116-0-colab.googleusercontent.com/outputframe.html?vrz=colab_20250729-060053_RC00_788359736 line 13 > eval, line 972: Using //@ to indicate sourceURL pragmas is deprecated. Use //# instead
JavaScript warning: https://www.google.com/js/bg/ewkwPWymqQfuUctaJ1I01ziIEjwrJG28Jgq1eVP0gew.js, line 7366: unreachable code after return statement
JavaScript warning: https://www.google.com/js/bg/ewkwPWymqQfuUctaJ1I01ziIEjwrJG28Jgq1eVP0gew.js, line 7366: unreachable code after return statement
JavaScript warning: https://www.google.com/js/bg/ewkwPWymqQfuUctaJ1I01ziIEjwrJG28Jgq1eVP0gew.js, line 7366: unreachable code after return statement
JavaScript warning: https://www.google.com/js/bg/ewkwPWymqQfuUctaJ1I01ziIEjwrJG28Jgq1eVP0gew.js line 2 > eval, line 7366: unreachable code after return statement
JavaScript warning: https://www.google.com/js/bg/ewkwPWymqQfuUctaJ1I01ziIEjwrJG28Jgq1eVP0gew.js line 2 > eval, line 7366: unreachable code after return statement
JavaScript warning: https://www.google.com/js/bg/ewkwPWymqQfuUctaJ1I01ziIEjwrJG28Jgq1eVP0gew.js line 2 > eval, line 7366: unreachable code after return statement
JavaScript warning: https://www.google.com/js/bg/ewkwPWymqQfuUctaJ1I01ziIEjwrJG28Jgq1eVP0gew.js line 2 > eval, line 1: unreachable code after return statement
JavaScript warning: https://www.google.com/js/bg/ewkwPWymqQfuUctaJ1I01ziIEjwrJG28Jgq1eVP0gew.js line 2 > eval line 7366 > eval, line 1: unreachable code after return statement
JavaScript warning: https://www.google.com/js/bg/ewkwPWymqQfuUctaJ1I01ziIEjwrJG28Jgq1eVP0gew.js line 2 > eval line 7366 > eval, line 1: unreachable code after return statement
JavaScript warning: https://www.google.com/js/bg/ewkwPWymqQfuUctaJ1I01ziIEjwrJG28Jgq1eVP0gew.js line 2 > eval line 7366 > eval line 1 > eval, line 1: unreachable code after return statement
JavaScript warning: https://www.google.com/js/bg/ewkwPWymqQfuUctaJ1I01ziIEjwrJG28Jgq1eVP0gew.js line 2 > eval line 7366 > eval line 1 > eval, line 1: unreachable code after return statement
JavaScript warning: https://www.google.com/js/bg/ewkwPWymqQfuUctaJ1I01ziIEjwrJG28Jgq1eVP0gew.js line 2 > eval line 7366 > eval line 1 > eval, line 1: unreachable code after return statement
JavaScript warning: https://www.google.com/js/bg/ewkwPWymqQfuUctaJ1I01ziIEjwrJG28Jgq1eVP0gew.js line 2 > eval line 7366 > eval line 1 > eval line 1 > eval, line 1: unreachable code after return statement
JavaScript warning: https://www.google.com/js/bg/ewkwPWymqQfuUctaJ1I01ziIEjwrJG28Jgq1eVP0gew.js line 2 > eval line 7366 > eval line 1 > eval line 1 > eval, line 1: unreachable code after return statement
JavaScript warning: https://hqotyc82bnl-496ff2e9c6d22116-0-colab.googleusercontent.com/outputframe.html?vrz=colab_20250729-060053_RC00_788359736, line 239: Using //@ to indicate sourceURL pragmas is deprecated. Use //# instead
JavaScript warning: https://loihhf4ah7f-496ff2e9c6d22116-0-colab.googleusercontent.com/outputframe.html?vrz=colab_20250729-060053_RC00_788359736, line 239: Using //@ to indicate sourceURL pragmas is deprecated. Use //# instead
JavaScript warning: https://www.google.com/js/bg/ewkwPWymqQfuUctaJ1I01ziIEjwrJG28Jgq1eVP0gew.js, line 3860: unreachable code after return statement
JavaScript warning: https://www.google.com/js/bg/ewkwPWymqQfuUctaJ1I01ziIEjwrJG28Jgq1eVP0gew.js, line 3860: unreachable code after return statement
JavaScript warning: https://www.google.com/js/bg/ewkwPWymqQfuUctaJ1I01ziIEjwrJG28Jgq1eVP0gew.js, line 3860: unreachable code after return statement
JavaScript warning: https://www.google.com/js/bg/ewkwPWymqQfuUctaJ1I01ziIEjwrJG28Jgq1eVP0gew.js line 2 > eval, line 3860: unreachable code after return statement
JavaScript warning: https://www.google.com/js/bg/ewkwPWymqQfuUctaJ1I01ziIEjwrJG28Jgq1eVP0gew.js line 2 > eval, line 3860: unreachable code after return statement
JavaScript warning: https://www.google.com/js/bg/ewkwPWymqQfuUctaJ1I01ziIEjwrJG28Jgq1eVP0gew.js line 2 > eval, line 3860: unreachable code after return statement
JavaScript warning: https://www.google.com/js/bg/ewkwPWymqQfuUctaJ1I01ziIEjwrJG28Jgq1eVP0gew.js line 2 > eval, line 1: unreachable code after return statement
JavaScript warning: https://www.google.com/js/bg/ewkwPWymqQfuUctaJ1I01ziIEjwrJG28Jgq1eVP0gew.js line 2 > eval line 3860 > eval, line 1: unreachable code after return statement
JavaScript warning: https://www.google.com/js/bg/ewkwPWymqQfuUctaJ1I01ziIEjwrJG28Jgq1eVP0gew.js line 2 > eval, line 1: unreachable code after return statement
JavaScript warning: https://www.google.com/js/bg/ewkwPWymqQfuUctaJ1I01ziIEjwrJG28Jgq1eVP0gew.js line 2 > eval line 3860 > eval, line 1: unreachable code after return statement
JavaScript warning: https://www.google.com/js/bg/ewkwPWymqQfuUctaJ1I01ziIEjwrJG28Jgq1eVP0gew.js line 2 > eval line 3860 > eval line 1 > eval, line 1: unreachable code after return statement
JavaScript warning: https://www.google.com/js/bg/ewkwPWymqQfuUctaJ1I01ziIEjwrJG28Jgq1eVP0gew.js line 2 > eval line 3860 > eval line 1 > eval, line 1: unreachable code after return statement
JavaScript warning: https://www.google.com/js/bg/ewkwPWymqQfuUctaJ1I01ziIEjwrJG28Jgq1eVP0gew.js line 2 > eval line 3860 > eval line 1 > eval line 1 > eval, line 1: unreachable code after return statement
JavaScript warning: https://www.google.com/js/bg/ewkwPWymqQfuUctaJ1I01ziIEjwrJG28Jgq1eVP0gew.js line 2 > eval line 3860 > eval line 1 > eval line 1 > eval, line 1: unreachable code after return statement
JavaScript warning: https://loihhf4ah7f-496ff2e9c6d22116-0-colab.googleusercontent.com/outputframe.html?vrz=colab_20250729-060053_RC00_788359736, line 239: Using //@ to indicate sourceURL pragmas is deprecated. Use //# instead
JavaScript warning: https://loihhf4ah7f-496ff2e9c6d22116-0-colab.googleusercontent.com/outputframe.html?vrz=colab_20250729-060053_RC00_788359736 line 13 > eval, line 972: Using //@ to indicate sourceURL pragmas is deprecated. Use //# instead
1753951344427	addons.xpi	ERROR	System addon update list error SyntaxError: XMLHttpRequest.open: 'http://%(server)s/dummy-system-addons.xml' is not a valid URL.
console.error: services.settings: 
  blocklists/addons-bloomfilters Signature failed  InvalidSignatureError: Invalid content signature (blocklists/addons-bloomfilters) using 'remote-settings.content-signature.mozilla.org-2025-09-08-21-33-59.chain'
console.error: services.settings: 
  blocklists/addons-bloomfilters local data was corrupted
console.warn: services.settings: blocklists/addons-bloomfilters Signature verified failed. Retry from scratch
console.error: services.settings: 
  blocklists/addons-bloomfilters Signature failed again InvalidSignatureError: Invalid content signature (blocklists/addons-bloomfilters) using 'remote-settings.content-signature.mozilla.org-2025-09-08-21-33-59.chain'
console.error: services.settings: 
  Message: InvalidSignatureError: Invalid content signature (blocklists/addons-bloomfilters) using 'remote-settings.content-signature.mozilla.org-2025-09-08-21-33-59.chain'
  Stack:
    InvalidSignatureError@resource://services-settings/RemoteSettingsClient.sys.mjs:165:5
_validateCollectionSignature@resource://services-settings/RemoteSettingsClient.sys.mjs:1021:13

console.error: services.settings: 
  main/search-config-v2 Signature failed  InvalidSignatureError: Invalid content signature (main/search-config-v2) using 'remote-settings.content-signature.mozilla.org-2025-09-08-21-33-59.chain'
console.error: services.settings: 
  main/search-config-v2 local data was corrupted
console.warn: services.settings: main/search-config-v2 Signature verified failed. Retry from scratch
console.error: services.settings: 
  main/search-config-v2 Signature failed again InvalidSignatureError: Invalid content signature (main/search-config-v2) using 'remote-settings.content-signature.mozilla.org-2025-09-08-21-33-59.chain'
console.error: services.settings: 
  Message: InvalidSignatureError: Invalid content signature (main/search-config-v2) using 'remote-settings.content-signature.mozilla.org-2025-09-08-21-33-59.chain'
  Stack:
    InvalidSignatureError@resource://services-settings/RemoteSettingsClient.sys.mjs:165:5
_validateCollectionSignature@resource://services-settings/RemoteSettingsClient.sys.mjs:1021:13

console.error: services.settings: 
  main/search-telemetry-v2 Signature failed  InvalidSignatureError: Invalid content signature (main/search-telemetry-v2) using 'remote-settings.content-signature.mozilla.org-2025-09-08-21-33-59.chain'
console.error: services.settings: 
  main/search-telemetry-v2 local data was corrupted
console.warn: services.settings: main/search-telemetry-v2 Signature verified failed. Retry from scratch
console.error: services.settings: 
  main/search-telemetry-v2 Signature failed again InvalidSignatureError: Invalid content signature (main/search-telemetry-v2) using 'remote-settings.content-signature.mozilla.org-2025-09-08-21-33-59.chain'
console.error: services.settings: 
  Message: InvalidSignatureError: Invalid content signature (main/search-telemetry-v2) using 'remote-settings.content-signature.mozilla.org-2025-09-08-21-33-59.chain'
  Stack:
    InvalidSignatureError@resource://services-settings/RemoteSettingsClient.sys.mjs:165:5
_validateCollectionSignature@resource://services-settings/RemoteSettingsClient.sys.mjs:1021:13

console.error: services.settings: 
  main/translations-models Signature failed  InvalidSignatureError: Invalid content signature (main/translations-models) using 'remote-settings.content-signature.mozilla.org-2025-09-08-21-33-59.chain'
console.error: services.settings: 
  main/translations-models local data was corrupted
console.warn: services.settings: main/translations-models Signature verified failed. Retry from scratch
console.error: services.settings: 
  main/translations-models Signature failed again InvalidSignatureError: Invalid content signature (main/translations-models) using 'remote-settings.content-signature.mozilla.org-2025-09-08-21-33-59.chain'
console.error: services.settings: 
  Message: InvalidSignatureError: Invalid content signature (main/translations-models) using 'remote-settings.content-signature.mozilla.org-2025-09-08-21-33-59.chain'
  Stack:
    InvalidSignatureError@resource://services-settings/RemoteSettingsClient.sys.mjs:165:5
_validateCollectionSignature@resource://services-settings/RemoteSettingsClient.sys.mjs:1021:13

console.error: services.settings: 
  main/devtools-compatibility-browsers Signature failed  InvalidSignatureError: Invalid content signature (main/devtools-compatibility-browsers) using 'remote-settings.content-signature.mozilla.org-2025-09-08-21-33-59.chain'
console.error: services.settings: 
  main/devtools-compatibility-browsers local data was corrupted
console.warn: services.settings: main/devtools-compatibility-browsers Signature verified failed. Retry from scratch
console.error: services.settings: 
  main/devtools-compatibility-browsers Signature failed again InvalidSignatureError: Invalid content signature (main/devtools-compatibility-browsers) using 'remote-settings.content-signature.mozilla.org-2025-09-08-21-33-59.chain'
console.error: services.settings: 
  Message: InvalidSignatureError: Invalid content signature (main/devtools-compatibility-browsers) using 'remote-settings.content-signature.mozilla.org-2025-09-08-21-33-59.chain'
  Stack:
    InvalidSignatureError@resource://services-settings/RemoteSettingsClient.sys.mjs:165:5
_validateCollectionSignature@resource://services-settings/RemoteSettingsClient.sys.mjs:1021:13

console.error: services.settings: 
  main/doh-config Signature failed  InvalidSignatureError: Invalid content signature (main/doh-config) using 'remote-settings.content-signature.mozilla.org-2025-09-08-21-33-59.chain'
console.error: services.settings: 
  main/doh-config local data was corrupted
console.warn: services.settings: main/doh-config Signature verified failed. Retry from scratch
console.error: services.settings: 
  main/doh-config Signature failed again InvalidSignatureError: Invalid content signature (main/doh-config) using 'remote-settings.content-signature.mozilla.org-2025-09-08-21-33-59.chain'
console.error: services.settings: 
  Message: InvalidSignatureError: Invalid content signature (main/doh-config) using 'remote-settings.content-signature.mozilla.org-2025-09-08-21-33-59.chain'
  Stack:
    InvalidSignatureError@resource://services-settings/RemoteSettingsClient.sys.mjs:165:5
_validateCollectionSignature@resource://services-settings/RemoteSettingsClient.sys.mjs:1021:13

console.error: services.settings: 
  main/fingerprinting-protection-overrides Signature failed  InvalidSignatureError: Invalid content signature (main/fingerprinting-protection-overrides) using 'remote-settings.content-signature.mozilla.org-2025-09-08-21-33-59.chain'
console.error: services.settings: 
  main/fingerprinting-protection-overrides local data was corrupted
console.warn: services.settings: main/fingerprinting-protection-overrides Signature verified failed. Retry from scratch
console.error: services.settings: 
  main/fingerprinting-protection-overrides Signature failed again InvalidSignatureError: Invalid content signature (main/fingerprinting-protection-overrides) using 'remote-settings.content-signature.mozilla.org-2025-09-08-21-33-59.chain'
console.error: services.settings: 
  Message: InvalidSignatureError: Invalid content signature (main/fingerprinting-protection-overrides) using 'remote-settings.content-signature.mozilla.org-2025-09-08-21-33-59.chain'
  Stack:
    InvalidSignatureError@resource://services-settings/RemoteSettingsClient.sys.mjs:165:5
_validateCollectionSignature@resource://services-settings/RemoteSettingsClient.sys.mjs:1021:13

console.error: services.settings: 
  main/translations-wasm Signature failed  InvalidSignatureError: Invalid content signature (main/translations-wasm) using 'remote-settings.content-signature.mozilla.org-2025-09-08-21-33-59.chain'
console.error: services.settings: 
  main/translations-wasm local data was corrupted
console.warn: services.settings: main/translations-wasm Signature verified failed. Retry from scratch
console.error: services.settings: 
  main/translations-wasm Signature failed again InvalidSignatureError: Invalid content signature (main/translations-wasm) using 'remote-settings.content-signature.mozilla.org-2025-09-08-21-33-59.chain'
console.error: services.settings: 
  Message: InvalidSignatureError: Invalid content signature (main/translations-wasm) using 'remote-settings.content-signature.mozilla.org-2025-09-08-21-33-59.chain'
  Stack:
    InvalidSignatureError@resource://services-settings/RemoteSettingsClient.sys.mjs:165:5
_validateCollectionSignature@resource://services-settings/RemoteSettingsClient.sys.mjs:1021:13

console.error: services.settings: 
  main/partitioning-exempt-urls Signature failed  InvalidSignatureError: Invalid content signature (main/partitioning-exempt-urls) using 'remote-settings.content-signature.mozilla.org-2025-09-08-21-33-59.chain'
console.error: services.settings: 
  main/partitioning-exempt-urls local data was corrupted
console.warn: services.settings: main/partitioning-exempt-urls Signature verified failed. Retry from scratch
console.error: services.settings: 
  main/partitioning-exempt-urls Signature failed again InvalidSignatureError: Invalid content signature (main/partitioning-exempt-urls) using 'remote-settings.content-signature.mozilla.org-2025-09-08-21-33-59.chain'
console.error: services.settings: 
  Message: InvalidSignatureError: Invalid content signature (main/partitioning-exempt-urls) using 'remote-settings.content-signature.mozilla.org-2025-09-08-21-33-59.chain'
  Stack:
    InvalidSignatureError@resource://services-settings/RemoteSettingsClient.sys.mjs:165:5
_validateCollectionSignature@resource://services-settings/RemoteSettingsClient.sys.mjs:1021:13

console.error: services.settings: 
  blocklists/gfx Signature failed  InvalidSignatureError: Invalid content signature (blocklists/gfx) using 'remote-settings.content-signature.mozilla.org-2025-09-08-21-33-59.chain'
console.error: services.settings: 
  blocklists/gfx local data was corrupted
console.warn: services.settings: blocklists/gfx Signature verified failed. Retry from scratch
console.error: services.settings: 
  blocklists/gfx Signature failed again InvalidSignatureError: Invalid content signature (blocklists/gfx) using 'remote-settings.content-signature.mozilla.org-2025-09-08-21-33-59.chain'
console.error: services.settings: 
  Message: InvalidSignatureError: Invalid content signature (blocklists/gfx) using 'remote-settings.content-signature.mozilla.org-2025-09-08-21-33-59.chain'
  Stack:
    InvalidSignatureError@resource://services-settings/RemoteSettingsClient.sys.mjs:165:5
_validateCollectionSignature@resource://services-settings/RemoteSettingsClient.sys.mjs:1021:13

console.error: services.settings: 
  main/search-config-icons Signature failed  InvalidSignatureError: Invalid content signature (main/search-config-icons) using 'remote-settings.content-signature.mozilla.org-2025-09-08-21-33-59.chain'
console.error: services.settings: 
  main/search-config-icons local data was corrupted
console.warn: services.settings: main/search-config-icons Signature verified failed. Retry from scratch
console.error: services.settings: 
  main/search-config-icons Signature failed again InvalidSignatureError: Invalid content signature (main/search-config-icons) using 'remote-settings.content-signature.mozilla.org-2025-09-08-21-33-59.chain'
console.error: services.settings: 
  Message: InvalidSignatureError: Invalid content signature (main/search-config-icons) using 'remote-settings.content-signature.mozilla.org-2025-09-08-21-33-59.chain'
  Stack:
    InvalidSignatureError@resource://services-settings/RemoteSettingsClient.sys.mjs:165:5
_validateCollectionSignature@resource://services-settings/RemoteSettingsClient.sys.mjs:1021:13

console.error: services.settings: 
  main/search-default-override-allowlist Signature failed  InvalidSignatureError: Invalid content signature (main/search-default-override-allowlist) using 'remote-settings.content-signature.mozilla.org-2025-09-08-21-33-59.chain'
console.error: services.settings: 
  main/search-default-override-allowlist local data was corrupted
console.warn: services.settings: main/search-default-override-allowlist Signature verified failed. Retry from scratch
console.error: services.settings: 
  main/search-default-override-allowlist Signature failed again InvalidSignatureError: Invalid content signature (main/search-default-override-allowlist) using 'remote-settings.content-signature.mozilla.org-2025-09-08-21-33-59.chain'
console.error: services.settings: 
  Message: InvalidSignatureError: Invalid content signature (main/search-default-override-allowlist) using 'remote-settings.content-signature.mozilla.org-2025-09-08-21-33-59.chain'
  Stack:
    InvalidSignatureError@resource://services-settings/RemoteSettingsClient.sys.mjs:165:5
_validateCollectionSignature@resource://services-settings/RemoteSettingsClient.sys.mjs:1021:13

console.warn: LoginRecipes: "Falling back to a synchronous message for: https://accounts.google.com."
console.error: services.settings: 
  main/top-sites Signature failed  InvalidSignatureError: Invalid content signature (main/top-sites) using 'remote-settings.content-signature.mozilla.org-2025-09-08-21-33-59.chain'
console.error: services.settings: 
  main/top-sites local data was corrupted
console.warn: services.settings: main/top-sites Signature verified failed. Retry from scratch
console.error: services.settings: 
  main/top-sites Signature failed again InvalidSignatureError: Invalid content signature (main/top-sites) using 'remote-settings.content-signature.mozilla.org-2025-09-08-21-33-59.chain'
console.error: services.settings: 
  Message: InvalidSignatureError: Invalid content signature (main/top-sites) using 'remote-settings.content-signature.mozilla.org-2025-09-08-21-33-59.chain'
  Stack:
    InvalidSignatureError@resource://services-settings/RemoteSettingsClient.sys.mjs:165:5
_validateCollectionSignature@resource://services-settings/RemoteSettingsClient.sys.mjs:1021:13

console.error: services.settings: 
  main/password-rules Signature failed  InvalidSignatureError: Invalid content signature (main/password-rules) using 'remote-settings.content-signature.mozilla.org-2025-09-08-21-33-59.chain'
console.error: services.settings: 
  main/password-rules local data was corrupted
console.warn: services.settings: main/password-rules Signature verified failed. Retry from scratch
JavaScript warning: https://accounts.google.com/v3/signin/identifier?authuser=0&continue=https%3A%2F%2Fcolab.research.google.com%2Fdrive%2F1SYoYLAALYgvNVwPRAYxsJBKK_6aTHjNc&hl=en&ifkv=AdBytiN7L0DcXWWop12yH4mzbW0KvTW5f1rB1Lt87Vw2Lw3Ozfm0KJMj7oBuVoR4mvt6BT5wkLHg7g&flowName=GlifWebSignIn&flowEntry=ServiceLogin&dsh=S50625258%3A1753951343622839 line 1275 > injectedScript, line 46: unreachable code after return statement
JavaScript warning: https://accounts.google.com/v3/signin/identifier?authuser=0&continue=https%3A%2F%2Fcolab.research.google.com%2Fdrive%2F1SYoYLAALYgvNVwPRAYxsJBKK_6aTHjNc&hl=en&ifkv=AdBytiN7L0DcXWWop12yH4mzbW0KvTW5f1rB1Lt87Vw2Lw3Ozfm0KJMj7oBuVoR4mvt6BT5wkLHg7g&flowName=GlifWebSignIn&flowEntry=ServiceLogin&dsh=S50625258%3A1753951343622839 line 1275 > injectedScript, line 46: unreachable code after return statement
JavaScript warning: https://accounts.google.com/v3/signin/identifier?authuser=0&continue=https%3A%2F%2Fcolab.research.google.com%2Fdrive%2F1SYoYLAALYgvNVwPRAYxsJBKK_6aTHjNc&hl=en&ifkv=AdBytiN7L0DcXWWop12yH4mzbW0KvTW5f1rB1Lt87Vw2Lw3Ozfm0KJMj7oBuVoR4mvt6BT5wkLHg7g&flowName=GlifWebSignIn&flowEntry=ServiceLogin&dsh=S50625258%3A1753951343622839 line 1275 > injectedScript, line 46: unreachable code after return statement
JavaScript warning: https://accounts.google.com/v3/signin/identifier?authuser=0&continue=https%3A%2F%2Fcolab.research.google.com%2Fdrive%2F1SYoYLAALYgvNVwPRAYxsJBKK_6aTHjNc&hl=en&ifkv=AdBytiN7L0DcXWWop12yH4mzbW0KvTW5f1rB1Lt87Vw2Lw3Ozfm0KJMj7oBuVoR4mvt6BT5wkLHg7g&flowName=GlifWebSignIn&flowEntry=ServiceLogin&dsh=S50625258%3A1753951343622839 line 1275 > injectedScript line 2 > eval, line 46: unreachable code after return statement
JavaScript warning: https://accounts.google.com/v3/signin/identifier?authuser=0&continue=https%3A%2F%2Fcolab.research.google.com%2Fdrive%2F1SYoYLAALYgvNVwPRAYxsJBKK_6aTHjNc&hl=en&ifkv=AdBytiN7L0DcXWWop12yH4mzbW0KvTW5f1rB1Lt87Vw2Lw3Ozfm0KJMj7oBuVoR4mvt6BT5wkLHg7g&flowName=GlifWebSignIn&flowEntry=ServiceLogin&dsh=S50625258%3A1753951343622839 line 1275 > injectedScript line 2 > eval, line 46: unreachable code after return statement
JavaScript warning: https://accounts.google.com/v3/signin/identifier?authuser=0&continue=https%3A%2F%2Fcolab.research.google.com%2Fdrive%2F1SYoYLAALYgvNVwPRAYxsJBKK_6aTHjNc&hl=en&ifkv=AdBytiN7L0DcXWWop12yH4mzbW0KvTW5f1rB1Lt87Vw2Lw3Ozfm0KJMj7oBuVoR4mvt6BT5wkLHg7g&flowName=GlifWebSignIn&flowEntry=ServiceLogin&dsh=S50625258%3A1753951343622839 line 1275 > injectedScript line 2 > eval, line 46: unreachable code after return statement
JavaScript warning: https://accounts.google.com/v3/signin/identifier?authuser=0&continue=https%3A%2F%2Fcolab.research.google.com%2Fdrive%2F1SYoYLAALYgvNVwPRAYxsJBKK_6aTHjNc&hl=en&ifkv=AdBytiN7L0DcXWWop12yH4mzbW0KvTW5f1rB1Lt87Vw2Lw3Ozfm0KJMj7oBuVoR4mvt6BT5wkLHg7g&flowName=GlifWebSignIn&flowEntry=ServiceLogin&dsh=S50625258%3A1753951343622839 line 1275 > injectedScript line 2 > eval, line 1: unreachable code after return statement
JavaScript warning: https://accounts.google.com/v3/signin/identifier?authuser=0&continue=https%3A%2F%2Fcolab.research.google.com%2Fdrive%2F1SYoYLAALYgvNVwPRAYxsJBKK_6aTHjNc&hl=en&ifkv=AdBytiN7L0DcXWWop12yH4mzbW0KvTW5f1rB1Lt87Vw2Lw3Ozfm0KJMj7oBuVoR4mvt6BT5wkLHg7g&flowName=GlifWebSignIn&flowEntry=ServiceLogin&dsh=S50625258%3A1753951343622839 line 1275 > injectedScript line 2 > eval line 46 > eval, line 1: unreachable code after return statement
JavaScript warning: https://accounts.google.com/v3/signin/identifier?authuser=0&continue=https%3A%2F%2Fcolab.research.google.com%2Fdrive%2F1SYoYLAALYgvNVwPRAYxsJBKK_6aTHjNc&hl=en&ifkv=AdBytiN7L0DcXWWop12yH4mzbW0KvTW5f1rB1Lt87Vw2Lw3Ozfm0KJMj7oBuVoR4mvt6BT5wkLHg7g&flowName=GlifWebSignIn&flowEntry=ServiceLogin&dsh=S50625258%3A1753951343622839 line 1275 > injectedScript line 2 > eval line 46 > eval, line 1: unreachable code after return statement
JavaScript warning: https://accounts.google.com/v3/signin/identifier?authuser=0&continue=https%3A%2F%2Fcolab.research.google.com%2Fdrive%2F1SYoYLAALYgvNVwPRAYxsJBKK_6aTHjNc&hl=en&ifkv=AdBytiN7L0DcXWWop12yH4mzbW0KvTW5f1rB1Lt87Vw2Lw3Ozfm0KJMj7oBuVoR4mvt6BT5wkLHg7g&flowName=GlifWebSignIn&flowEntry=ServiceLogin&dsh=S50625258%3A1753951343622839 line 1275 > injectedScript line 2 > eval line 46 > eval line 1 > eval, line 1: unreachable code after return statement
JavaScript warning: https://accounts.google.com/v3/signin/identifier?authuser=0&continue=https%3A%2F%2Fcolab.research.google.com%2Fdrive%2F1SYoYLAALYgvNVwPRAYxsJBKK_6aTHjNc&hl=en&ifkv=AdBytiN7L0DcXWWop12yH4mzbW0KvTW5f1rB1Lt87Vw2Lw3Ozfm0KJMj7oBuVoR4mvt6BT5wkLHg7g&flowName=GlifWebSignIn&flowEntry=ServiceLogin&dsh=S50625258%3A1753951343622839 line 1275 > injectedScript line 2 > eval line 46 > eval line 1 > eval, line 1: unreachable code after return statement
JavaScript warning: https://accounts.google.com/v3/signin/identifier?authuser=0&continue=https%3A%2F%2Fcolab.research.google.com%2Fdrive%2F1SYoYLAALYgvNVwPRAYxsJBKK_6aTHjNc&hl=en&ifkv=AdBytiN7L0DcXWWop12yH4mzbW0KvTW5f1rB1Lt87Vw2Lw3Ozfm0KJMj7oBuVoR4mvt6BT5wkLHg7g&flowName=GlifWebSignIn&flowEntry=ServiceLogin&dsh=S50625258%3A1753951343622839 line 1275 > injectedScript line 2 > eval line 46 > eval line 1 > eval, line 1: unreachable code after return statement
JavaScript warning: https://accounts.google.com/v3/signin/identifier?authuser=0&continue=https%3A%2F%2Fcolab.research.google.com%2Fdrive%2F1SYoYLAALYgvNVwPRAYxsJBKK_6aTHjNc&hl=en&ifkv=AdBytiN7L0DcXWWop12yH4mzbW0KvTW5f1rB1Lt87Vw2Lw3Ozfm0KJMj7oBuVoR4mvt6BT5wkLHg7g&flowName=GlifWebSignIn&flowEntry=ServiceLogin&dsh=S50625258%3A1753951343622839 line 1275 > injectedScript line 2 > eval line 46 > eval line 1 > eval line 1 > eval, line 1: unreachable code after return statement
JavaScript warning: https://accounts.google.com/v3/signin/identifier?authuser=0&continue=https%3A%2F%2Fcolab.research.google.com%2Fdrive%2F1SYoYLAALYgvNVwPRAYxsJBKK_6aTHjNc&hl=en&ifkv=AdBytiN7L0DcXWWop12yH4mzbW0KvTW5f1rB1Lt87Vw2Lw3Ozfm0KJMj7oBuVoR4mvt6BT5wkLHg7g&flowName=GlifWebSignIn&flowEntry=ServiceLogin&dsh=S50625258%3A1753951343622839 line 1275 > injectedScript line 2 > eval line 46 > eval line 1 > eval line 1 > eval, line 1: unreachable code after return statement
JavaScript warning: https://accounts.google.com/v3/signin/identifier?authuser=0&continue=https%3A%2F%2Fcolab.research.google.com%2Fdrive%2F1SYoYLAALYgvNVwPRAYxsJBKK_6aTHjNc&hl=en&ifkv=AdBytiN7L0DcXWWop12yH4mzbW0KvTW5f1rB1Lt87Vw2Lw3Ozfm0KJMj7oBuVoR4mvt6BT5wkLHg7g&flowName=GlifWebSignIn&flowEntry=ServiceLogin&dsh=S50625258%3A1753951343622839 line 1275 > injectedScript, line 6641: unreachable code after return statement
JavaScript warning: https://accounts.google.com/v3/signin/identifier?authuser=0&continue=https%3A%2F%2Fcolab.research.google.com%2Fdrive%2F1SYoYLAALYgvNVwPRAYxsJBKK_6aTHjNc&hl=en&ifkv=AdBytiN7L0DcXWWop12yH4mzbW0KvTW5f1rB1Lt87Vw2Lw3Ozfm0KJMj7oBuVoR4mvt6BT5wkLHg7g&flowName=GlifWebSignIn&flowEntry=ServiceLogin&dsh=S50625258%3A1753951343622839 line 1275 > injectedScript, line 6641: unreachable code after return statement
JavaScript warning: https://accounts.google.com/v3/signin/identifier?authuser=0&continue=https%3A%2F%2Fcolab.research.google.com%2Fdrive%2F1SYoYLAALYgvNVwPRAYxsJBKK_6aTHjNc&hl=en&ifkv=AdBytiN7L0DcXWWop12yH4mzbW0KvTW5f1rB1Lt87Vw2Lw3Ozfm0KJMj7oBuVoR4mvt6BT5wkLHg7g&flowName=GlifWebSignIn&flowEntry=ServiceLogin&dsh=S50625258%3A1753951343622839 line 1275 > injectedScript, line 6641: unreachable code after return statement
JavaScript warning: https://accounts.google.com/v3/signin/identifier?authuser=0&continue=https%3A%2F%2Fcolab.research.google.com%2Fdrive%2F1SYoYLAALYgvNVwPRAYxsJBKK_6aTHjNc&hl=en&ifkv=AdBytiN7L0DcXWWop12yH4mzbW0KvTW5f1rB1Lt87Vw2Lw3Ozfm0KJMj7oBuVoR4mvt6BT5wkLHg7g&flowName=GlifWebSignIn&flowEntry=ServiceLogin&dsh=S50625258%3A1753951343622839 line 1275 > injectedScript line 2 > eval, line 6641: unreachable code after return statement
JavaScript warning: https://accounts.google.com/v3/signin/identifier?authuser=0&continue=https%3A%2F%2Fcolab.research.google.com%2Fdrive%2F1SYoYLAALYgvNVwPRAYxsJBKK_6aTHjNc&hl=en&ifkv=AdBytiN7L0DcXWWop12yH4mzbW0KvTW5f1rB1Lt87Vw2Lw3Ozfm0KJMj7oBuVoR4mvt6BT5wkLHg7g&flowName=GlifWebSignIn&flowEntry=ServiceLogin&dsh=S50625258%3A1753951343622839 line 1275 > injectedScript line 2 > eval, line 6641: unreachable code after return statement
JavaScript warning: https://accounts.google.com/v3/signin/identifier?authuser=0&continue=https%3A%2F%2Fcolab.research.google.com%2Fdrive%2F1SYoYLAALYgvNVwPRAYxsJBKK_6aTHjNc&hl=en&ifkv=AdBytiN7L0DcXWWop12yH4mzbW0KvTW5f1rB1Lt87Vw2Lw3Ozfm0KJMj7oBuVoR4mvt6BT5wkLHg7g&flowName=GlifWebSignIn&flowEntry=ServiceLogin&dsh=S50625258%3A1753951343622839 line 1275 > injectedScript line 2 > eval, line 6641: unreachable code after return statement
console.error: services.settings: 
  main/password-rules Signature failed again InvalidSignatureError: Invalid content signature (main/password-rules) using 'remote-settings.content-signature.mozilla.org-2025-09-08-21-33-59.chain'
JavaScript warning: https://accounts.google.com/v3/signin/identifier?authuser=0&continue=https%3A%2F%2Fcolab.research.google.com%2Fdrive%2F1SYoYLAALYgvNVwPRAYxsJBKK_6aTHjNc&hl=en&ifkv=AdBytiN7L0DcXWWop12yH4mzbW0KvTW5f1rB1Lt87Vw2Lw3Ozfm0KJMj7oBuVoR4mvt6BT5wkLHg7g&flowName=GlifWebSignIn&flowEntry=ServiceLogin&dsh=S50625258%3A1753951343622839 line 1275 > injectedScript line 2 > eval, line 1: unreachable code after return statement
JavaScript warning: https://accounts.google.com/v3/signin/identifier?authuser=0&continue=https%3A%2F%2Fcolab.research.google.com%2Fdrive%2F1SYoYLAALYgvNVwPRAYxsJBKK_6aTHjNc&hl=en&ifkv=AdBytiN7L0DcXWWop12yH4mzbW0KvTW5f1rB1Lt87Vw2Lw3Ozfm0KJMj7oBuVoR4mvt6BT5wkLHg7g&flowName=GlifWebSignIn&flowEntry=ServiceLogin&dsh=S50625258%3A1753951343622839 line 1275 > injectedScript line 2 > eval line 6641 > eval, line 1: unreachable code after return statement
JavaScript warning: https://accounts.google.com/v3/signin/identifier?authuser=0&continue=https%3A%2F%2Fcolab.research.google.com%2Fdrive%2F1SYoYLAALYgvNVwPRAYxsJBKK_6aTHjNc&hl=en&ifkv=AdBytiN7L0DcXWWop12yH4mzbW0KvTW5f1rB1Lt87Vw2Lw3Ozfm0KJMj7oBuVoR4mvt6BT5wkLHg7g&flowName=GlifWebSignIn&flowEntry=ServiceLogin&dsh=S50625258%3A1753951343622839 line 1275 > injectedScript line 2 > eval line 6641 > eval, line 1: unreachable code after return statement
JavaScript warning: https://accounts.google.com/v3/signin/identifier?authuser=0&continue=https%3A%2F%2Fcolab.research.google.com%2Fdrive%2F1SYoYLAALYgvNVwPRAYxsJBKK_6aTHjNc&hl=en&ifkv=AdBytiN7L0DcXWWop12yH4mzbW0KvTW5f1rB1Lt87Vw2Lw3Ozfm0KJMj7oBuVoR4mvt6BT5wkLHg7g&flowName=GlifWebSignIn&flowEntry=ServiceLogin&dsh=S50625258%3A1753951343622839 line 1275 > injectedScript line 2 > eval line 6641 > eval line 1 > eval, line 1: unreachable code after return statement
JavaScript warning: https://accounts.google.com/v3/signin/identifier?authuser=0&continue=https%3A%2F%2Fcolab.research.google.com%2Fdrive%2F1SYoYLAALYgvNVwPRAYxsJBKK_6aTHjNc&hl=en&ifkv=AdBytiN7L0DcXWWop12yH4mzbW0KvTW5f1rB1Lt87Vw2Lw3Ozfm0KJMj7oBuVoR4mvt6BT5wkLHg7g&flowName=GlifWebSignIn&flowEntry=ServiceLogin&dsh=S50625258%3A1753951343622839 line 1275 > injectedScript line 2 > eval line 6641 > eval line 1 > eval, line 1: unreachable code after return statement
JavaScript warning: https://accounts.google.com/v3/signin/identifier?authuser=0&continue=https%3A%2F%2Fcolab.research.google.com%2Fdrive%2F1SYoYLAALYgvNVwPRAYxsJBKK_6aTHjNc&hl=en&ifkv=AdBytiN7L0DcXWWop12yH4mzbW0KvTW5f1rB1Lt87Vw2Lw3Ozfm0KJMj7oBuVoR4mvt6BT5wkLHg7g&flowName=GlifWebSignIn&flowEntry=ServiceLogin&dsh=S50625258%3A1753951343622839 line 1275 > injectedScript line 2 > eval line 6641 > eval line 1 > eval, line 1: unreachable code after return statement
JavaScript warning: https://accounts.google.com/v3/signin/identifier?authuser=0&continue=https%3A%2F%2Fcolab.research.google.com%2Fdrive%2F1SYoYLAALYgvNVwPRAYxsJBKK_6aTHjNc&hl=en&ifkv=AdBytiN7L0DcXWWop12yH4mzbW0KvTW5f1rB1Lt87Vw2Lw3Ozfm0KJMj7oBuVoR4mvt6BT5wkLHg7g&flowName=GlifWebSignIn&flowEntry=ServiceLogin&dsh=S50625258%3A1753951343622839 line 1275 > injectedScript line 2 > eval line 6641 > eval line 1 > eval line 1 > eval, line 1: unreachable code after return statement
JavaScript warning: https://accounts.google.com/v3/signin/identifier?authuser=0&continue=https%3A%2F%2Fcolab.research.google.com%2Fdrive%2F1SYoYLAALYgvNVwPRAYxsJBKK_6aTHjNc&hl=en&ifkv=AdBytiN7L0DcXWWop12yH4mzbW0KvTW5f1rB1Lt87Vw2Lw3Ozfm0KJMj7oBuVoR4mvt6BT5wkLHg7g&flowName=GlifWebSignIn&flowEntry=ServiceLogin&dsh=S50625258%3A1753951343622839 line 1275 > injectedScript line 2 > eval line 6641 > eval line 1 > eval line 1 > eval, line 1: unreachable code after return statement
console.error: services.settings: 
  Message: InvalidSignatureError: Invalid content signature (main/password-rules) using 'remote-settings.content-signature.mozilla.org-2025-09-08-21-33-59.chain'
  Stack:
    InvalidSignatureError@resource://services-settings/RemoteSettingsClient.sys.mjs:165:5
_validateCollectionSignature@resource://services-settings/RemoteSettingsClient.sys.mjs:1021:13

console.error: services.settings: 
  main/url-classifier-skip-urls Signature failed  InvalidSignatureError: Invalid content signature (main/url-classifier-skip-urls) using 'remote-settings.content-signature.mozilla.org-2025-09-08-21-33-59.chain'
console.error: services.settings: 
  main/url-classifier-skip-urls local data was corrupted
console.warn: services.settings: main/url-classifier-skip-urls Signature verified failed. Retry from scratch
console.error: services.settings: 
  main/url-classifier-skip-urls Signature failed again InvalidSignatureError: Invalid content signature (main/url-classifier-skip-urls) using 'remote-settings.content-signature.mozilla.org-2025-09-08-21-33-59.chain'
console.error: services.settings: 
  Message: InvalidSignatureError: Invalid content signature (main/url-classifier-skip-urls) using 'remote-settings.content-signature.mozilla.org-2025-09-08-21-33-59.chain'
  Stack:
    InvalidSignatureError@resource://services-settings/RemoteSettingsClient.sys.mjs:165:5
_validateCollectionSignature@resource://services-settings/RemoteSettingsClient.sys.mjs:1021:13

console.error: services.settings: 
  main/websites-with-shared-credential-backends Signature failed  InvalidSignatureError: Invalid content signature (main/websites-with-shared-credential-backends) using 'remote-settings.content-signature.mozilla.org-2025-09-08-21-33-59.chain'
console.error: services.settings: 
  main/websites-with-shared-credential-backends local data was corrupted
console.warn: services.settings: main/websites-with-shared-credential-backends Signature verified failed. Retry from scratch
console.error: services.settings: 
  main/websites-with-shared-credential-backends Signature failed again InvalidSignatureError: Invalid content signature (main/websites-with-shared-credential-backends) using 'remote-settings.content-signature.mozilla.org-2025-09-08-21-33-59.chain'
console.error: services.settings: 
  Message: InvalidSignatureError: Invalid content signature (main/websites-with-shared-credential-backends) using 'remote-settings.content-signature.mozilla.org-2025-09-08-21-33-59.chain'
  Stack:
    InvalidSignatureError@resource://services-settings/RemoteSettingsClient.sys.mjs:165:5
_validateCollectionSignature@resource://services-settings/RemoteSettingsClient.sys.mjs:1021:13

console.error: services.settings: 
  main/normandy-recipes-capabilities Signature failed  InvalidSignatureError: Invalid content signature (main/normandy-recipes-capabilities) using 'remote-settings.content-signature.mozilla.org-2025-09-08-21-33-59.chain'
console.error: services.settings: 
  main/normandy-recipes-capabilities local data was corrupted
console.warn: services.settings: main/normandy-recipes-capabilities Signature verified failed. Retry from scratch
console.error: services.settings: 
  main/normandy-recipes-capabilities Signature failed again InvalidSignatureError: Invalid content signature (main/normandy-recipes-capabilities) using 'remote-settings.content-signature.mozilla.org-2025-09-08-21-33-59.chain'
console.error: services.settings: 
  Message: InvalidSignatureError: Invalid content signature (main/normandy-recipes-capabilities) using 'remote-settings.content-signature.mozilla.org-2025-09-08-21-33-59.chain'
  Stack:
    InvalidSignatureError@resource://services-settings/RemoteSettingsClient.sys.mjs:165:5
_validateCollectionSignature@resource://services-settings/RemoteSettingsClient.sys.mjs:1021:13

console.error: services.settings: 
  main/cookie-banner-rules-list Signature failed  InvalidSignatureError: Invalid content signature (main/cookie-banner-rules-list) using 'remote-settings.content-signature.mozilla.org-2025-09-08-21-33-59.chain'
console.error: services.settings: 
  main/cookie-banner-rules-list local data was corrupted
console.warn: services.settings: main/cookie-banner-rules-list Signature verified failed. Retry from scratch
console.error: services.settings: 
  main/cookie-banner-rules-list Signature failed again InvalidSignatureError: Invalid content signature (main/cookie-banner-rules-list) using 'remote-settings.content-signature.mozilla.org-2025-09-08-21-33-59.chain'
console.error: services.settings: 
  Message: InvalidSignatureError: Invalid content signature (main/cookie-banner-rules-list) using 'remote-settings.content-signature.mozilla.org-2025-09-08-21-33-59.chain'
  Stack:
    InvalidSignatureError@resource://services-settings/RemoteSettingsClient.sys.mjs:165:5
_validateCollectionSignature@resource://services-settings/RemoteSettingsClient.sys.mjs:1021:13

console.warn: services.settings: main/search-config Signature verified failed. Retry from scratch
console.error: services.settings: 
  main/search-config Signature failed again InvalidSignatureError: Invalid content signature (main/search-config) using 'remote-settings.content-signature.mozilla.org-2025-09-08-21-33-59.chain'
console.error: services.settings: 
  Message: InvalidSignatureError: Invalid content signature (main/search-config) using 'remote-settings.content-signature.mozilla.org-2025-09-08-21-33-59.chain'
  Stack:
    InvalidSignatureError@resource://services-settings/RemoteSettingsClient.sys.mjs:165:5
_validateCollectionSignature@resource://services-settings/RemoteSettingsClient.sys.mjs:1021:13

console.warn: services.settings: main/search-config-overrides Signature verified failed. Retry from scratch
console.error: services.settings: 
  main/search-config-overrides Signature failed again InvalidSignatureError: Invalid content signature (main/search-config-overrides) using 'remote-settings.content-signature.mozilla.org-2025-09-08-21-33-59.chain'
console.error: services.settings: 
  Message: InvalidSignatureError: Invalid content signature (main/search-config-overrides) using 'remote-settings.content-signature.mozilla.org-2025-09-08-21-33-59.chain'
  Stack:
    InvalidSignatureError@resource://services-settings/RemoteSettingsClient.sys.mjs:165:5
_validateCollectionSignature@resource://services-settings/RemoteSettingsClient.sys.mjs:1021:13

console.error: services.settings: 
  main/query-stripping Signature failed  InvalidSignatureError: Invalid content signature (main/query-stripping) using 'remote-settings.content-signature.mozilla.org-2025-09-08-21-33-59.chain'
console.error: services.settings: 
  main/query-stripping local data was corrupted
console.warn: services.settings: main/query-stripping Signature verified failed. Retry from scratch
console.error: services.settings: 
  main/query-stripping Signature failed again InvalidSignatureError: Invalid content signature (main/query-stripping) using 'remote-settings.content-signature.mozilla.org-2025-09-08-21-33-59.chain'
console.error: services.settings: 
  Message: InvalidSignatureError: Invalid content signature (main/query-stripping) using 'remote-settings.content-signature.mozilla.org-2025-09-08-21-33-59.chain'
  Stack:
    InvalidSignatureError@resource://services-settings/RemoteSettingsClient.sys.mjs:165:5
_validateCollectionSignature@resource://services-settings/RemoteSettingsClient.sys.mjs:1021:13

console.error: services.settings: 
  main/addons-manager-settings Signature failed  InvalidSignatureError: Invalid content signature (main/addons-manager-settings) using 'remote-settings.content-signature.mozilla.org-2025-09-08-21-33-59.chain'
console.error: services.settings: 
  main/addons-manager-settings local data was corrupted
console.warn: services.settings: main/addons-manager-settings Signature verified failed. Retry from scratch
console.error: services.settings: 
  main/addons-manager-settings Signature failed again InvalidSignatureError: Invalid content signature (main/addons-manager-settings) using 'remote-settings.content-signature.mozilla.org-2025-09-08-21-33-59.chain'
console.error: services.settings: 
  Message: InvalidSignatureError: Invalid content signature (main/addons-manager-settings) using 'remote-settings.content-signature.mozilla.org-2025-09-08-21-33-59.chain'
  Stack:
    InvalidSignatureError@resource://services-settings/RemoteSettingsClient.sys.mjs:165:5
_validateCollectionSignature@resource://services-settings/RemoteSettingsClient.sys.mjs:1021:13

console.error: services.settings: 
  main/doh-providers Signature failed  InvalidSignatureError: Invalid content signature (main/doh-providers) using 'remote-settings.content-signature.mozilla.org-2025-09-08-21-33-59.chain'
console.error: services.settings: 
  main/doh-providers local data was corrupted
console.warn: services.settings: main/doh-providers Signature verified failed. Retry from scratch
console.error: services.settings: 
  main/doh-providers Signature failed again InvalidSignatureError: Invalid content signature (main/doh-providers) using 'remote-settings.content-signature.mozilla.org-2025-09-08-21-33-59.chain'
console.error: services.settings: 
  Message: InvalidSignatureError: Invalid content signature (main/doh-providers) using 'remote-settings.content-signature.mozilla.org-2025-09-08-21-33-59.chain'
  Stack:
    InvalidSignatureError@resource://services-settings/RemoteSettingsClient.sys.mjs:165:5
_validateCollectionSignature@resource://services-settings/RemoteSettingsClient.sys.mjs:1021:13

console.error: services.settings: 
  main/pioneer-study-addons-v1 Signature failed  InvalidSignatureError: Invalid content signature (main/pioneer-study-addons-v1) using 'remote-settings.content-signature.mozilla.org-2025-09-08-21-33-59.chain'
console.error: services.settings: 
  main/pioneer-study-addons-v1 local data was corrupted
console.warn: services.settings: main/pioneer-study-addons-v1 Signature verified failed. Retry from scratch
console.error: services.settings: 
  main/pioneer-study-addons-v1 Signature failed again InvalidSignatureError: Invalid content signature (main/pioneer-study-addons-v1) using 'remote-settings.content-signature.mozilla.org-2025-09-08-21-33-59.chain'
console.error: services.settings: 
  Message: InvalidSignatureError: Invalid content signature (main/pioneer-study-addons-v1) using 'remote-settings.content-signature.mozilla.org-2025-09-08-21-33-59.chain'
  Stack:
    InvalidSignatureError@resource://services-settings/RemoteSettingsClient.sys.mjs:165:5
_validateCollectionSignature@resource://services-settings/RemoteSettingsClient.sys.mjs:1021:13

console.warn: services.settings: main/hijack-blocklists Signature verified failed. Retry from scratch
console.error: services.settings: 
  main/hijack-blocklists Signature failed again InvalidSignatureError: Invalid content signature (main/hijack-blocklists) using 'remote-settings.content-signature.mozilla.org-2025-09-08-21-33-59.chain'
console.error: services.settings: 
  Message: InvalidSignatureError: Invalid content signature (main/hijack-blocklists) using 'remote-settings.content-signature.mozilla.org-2025-09-08-21-33-59.chain'
  Stack:
    InvalidSignatureError@resource://services-settings/RemoteSettingsClient.sys.mjs:165:5
_validateCollectionSignature@resource://services-settings/RemoteSettingsClient.sys.mjs:1021:13

console.warn: services.settings: main/anti-tracking-url-decoration Signature verified failed. Retry from scratch
console.error: services.settings: 
  main/anti-tracking-url-decoration Signature failed again InvalidSignatureError: Invalid content signature (main/anti-tracking-url-decoration) using 'remote-settings.content-signature.mozilla.org-2025-09-08-21-33-59.chain'
console.error: services.settings: 
  Message: InvalidSignatureError: Invalid content signature (main/anti-tracking-url-decoration) using 'remote-settings.content-signature.mozilla.org-2025-09-08-21-33-59.chain'
  Stack:
    InvalidSignatureError@resource://services-settings/RemoteSettingsClient.sys.mjs:165:5
_validateCollectionSignature@resource://services-settings/RemoteSettingsClient.sys.mjs:1021:13

console.error: (new InvalidSignatureError("Invalid content signature (blocklists/addons-bloomfilters) using 'remote-settings.content-signature.mozilla.org-2025-09-08-21-33-59.chain'", "resource://services-settings/RemoteSettingsClient.sys.mjs", 165))
1753951490001	Marionette	INFO	Stopped listening on port 54278
Dynamically enable window occlusion 1
1753951561127	geckodriver	INFO	Listening on 127.0.0.1:54394
1753951564168	mozrunner::runner	INFO	Running command: "C:\\Program Files\\Mozilla Firefox\\firefox.exe" "--marionette" "--remote-debugging-port" "54395" "--remote-allow-hosts" "localhost" "-no-remote" "-profile" "C:\\Users\\Atomix\\AppData\\Local\\Temp\\rust_mozprofilezs33Xq"
console.warn: services.settings: Ignoring preference override of remote settings server
console.warn: services.settings: Allow by setting MOZ_REMOTE_SETTINGS_DEVTOOLS=1 in the environment
Dynamically enable window occlusion 0
1753951564424	Marionette	INFO	Marionette enabled
1753951564520	Marionette	INFO	Listening on port 54402
WebDriver BiDi listening on ws://127.0.0.1:54395
Read port: 54402
1753951564696	RemoteAgent	WARN	TLS certificate errors will be ignored for this session
console.error: services.settings: 
  main/fingerprinting-protection-overrides Signature failed  InvalidSignatureError: Invalid content signature (main/fingerprinting-protection-overrides) using 'remote-settings.content-signature.mozilla.org-2025-09-08-21-33-59.chain'
console.error: services.settings: 
  main/query-stripping Signature failed  InvalidSignatureError: Invalid content signature (main/query-stripping) using 'remote-settings.content-signature.mozilla.org-2025-09-08-21-33-59.chain'
console.error: services.settings: 
  main/fingerprinting-protection-overrides local data was corrupted
console.warn: services.settings: main/fingerprinting-protection-overrides Signature verified failed. Retry from scratch
console.error: services.settings: 
  main/query-stripping local data was corrupted
console.warn: services.settings: main/query-stripping Signature verified failed. Retry from scratch
console.error: services.settings: 
  main/fingerprinting-protection-overrides Signature failed again InvalidSignatureError: Invalid content signature (main/fingerprinting-protection-overrides) using 'remote-settings.content-signature.mozilla.org-2025-09-08-21-33-59.chain'
console.error: services.settings: 
  main/query-stripping Signature failed again InvalidSignatureError: Invalid content signature (main/query-stripping) using 'remote-settings.content-signature.mozilla.org-2025-09-08-21-33-59.chain'
console.error: (new InvalidSignatureError("Invalid content signature (main/fingerprinting-protection-overrides) using 'remote-settings.content-signature.mozilla.org-2025-09-08-21-33-59.chain'", "resource://services-settings/RemoteSettingsClient.sys.mjs", 165))
console.error: (new InvalidSignatureError("Invalid content signature (main/query-stripping) using 'remote-settings.content-signature.mozilla.org-2025-09-08-21-33-59.chain'", "resource://services-settings/RemoteSettingsClient.sys.mjs", 165))
DevTools listening on ws://127.0.0.1:54395/devtools/browser/aa0cd61c-2c19-4bee-87f8-ad5d22c0318a
console.error: services.settings: 
  main/partitioning-exempt-urls Signature failed  InvalidSignatureError: Invalid content signature (main/partitioning-exempt-urls) using 'remote-settings.content-signature.mozilla.org-2025-09-08-21-33-59.chain'
console.error: services.settings: 
  main/partitioning-exempt-urls local data was corrupted
console.warn: services.settings: main/partitioning-exempt-urls Signature verified failed. Retry from scratch
console.error: services.settings: 
  main/partitioning-exempt-urls Signature failed again InvalidSignatureError: Invalid content signature (main/partitioning-exempt-urls) using 'remote-settings.content-signature.mozilla.org-2025-09-08-21-33-59.chain'
console.error: (new InvalidSignatureError("Invalid content signature (main/partitioning-exempt-urls) using 'remote-settings.content-signature.mozilla.org-2025-09-08-21-33-59.chain'", "resource://services-settings/RemoteSettingsClient.sys.mjs", 165))
JavaScript warning: https://8ycrn9wisc6-496ff2e9c6d22116-0-colab.googleusercontent.com/outputframe.html?vrz=colab_20250729-060053_RC00_788359736, line 239: Using //@ to indicate sourceURL pragmas is deprecated. Use //# instead
JavaScript warning: https://d3wp5zxo8lk-496ff2e9c6d22116-0-colab.googleusercontent.com/outputframe.html?vrz=colab_20250729-060053_RC00_788359736, line 239: Using //@ to indicate sourceURL pragmas is deprecated. Use //# instead
JavaScript warning: https://www.google.com/js/bg/ewkwPWymqQfuUctaJ1I01ziIEjwrJG28Jgq1eVP0gew.js, line 6726: unreachable code after return statement
JavaScript warning: https://www.google.com/js/bg/ewkwPWymqQfuUctaJ1I01ziIEjwrJG28Jgq1eVP0gew.js, line 6726: unreachable code after return statement
JavaScript warning: https://www.google.com/js/bg/ewkwPWymqQfuUctaJ1I01ziIEjwrJG28Jgq1eVP0gew.js, line 6726: unreachable code after return statement
JavaScript warning: https://www.google.com/js/bg/ewkwPWymqQfuUctaJ1I01ziIEjwrJG28Jgq1eVP0gew.js line 2 > eval, line 6726: unreachable code after return statement
JavaScript warning: https://www.google.com/js/bg/ewkwPWymqQfuUctaJ1I01ziIEjwrJG28Jgq1eVP0gew.js line 2 > eval, line 6726: unreachable code after return statement
JavaScript warning: https://www.google.com/js/bg/ewkwPWymqQfuUctaJ1I01ziIEjwrJG28Jgq1eVP0gew.js line 2 > eval, line 6726: unreachable code after return statement
JavaScript warning: https://www.google.com/js/bg/ewkwPWymqQfuUctaJ1I01ziIEjwrJG28Jgq1eVP0gew.js line 2 > eval, line 1: unreachable code after return statement
JavaScript warning: https://www.google.com/js/bg/ewkwPWymqQfuUctaJ1I01ziIEjwrJG28Jgq1eVP0gew.js line 2 > eval line 6726 > eval, line 1: unreachable code after return statement
JavaScript warning: https://www.google.com/js/bg/ewkwPWymqQfuUctaJ1I01ziIEjwrJG28Jgq1eVP0gew.js line 2 > eval, line 1: unreachable code after return statement
JavaScript warning: https://www.google.com/js/bg/ewkwPWymqQfuUctaJ1I01ziIEjwrJG28Jgq1eVP0gew.js line 2 > eval line 6726 > eval, line 1: unreachable code after return statement
JavaScript warning: https://www.google.com/js/bg/ewkwPWymqQfuUctaJ1I01ziIEjwrJG28Jgq1eVP0gew.js line 2 > eval line 6726 > eval line 1 > eval, line 1: unreachable code after return statement
JavaScript warning: https://www.google.com/js/bg/ewkwPWymqQfuUctaJ1I01ziIEjwrJG28Jgq1eVP0gew.js line 2 > eval line 6726 > eval line 1 > eval, line 1: unreachable code after return statement
JavaScript warning: https://www.google.com/js/bg/ewkwPWymqQfuUctaJ1I01ziIEjwrJG28Jgq1eVP0gew.js line 2 > eval line 6726 > eval line 1 > eval line 1 > eval, line 1: unreachable code after return statement
JavaScript warning: https://www.google.com/js/bg/ewkwPWymqQfuUctaJ1I01ziIEjwrJG28Jgq1eVP0gew.js line 2 > eval line 6726 > eval line 1 > eval line 1 > eval, line 1: unreachable code after return statement
JavaScript warning: https://8ycrn9wisc6-496ff2e9c6d22116-0-colab.googleusercontent.com/outputframe.html?vrz=colab_20250729-060053_RC00_788359736, line 239: Using //@ to indicate sourceURL pragmas is deprecated. Use //# instead
JavaScript warning: https://8ycrn9wisc6-496ff2e9c6d22116-0-colab.googleusercontent.com/outputframe.html?vrz=colab_20250729-060053_RC00_788359736 line 13 > eval, line 972: Using //@ to indicate sourceURL pragmas is deprecated. Use //# instead
JavaScript warning: https://rwtnv7faubl-496ff2e9c6d22116-0-colab.googleusercontent.com/outputframe.html?vrz=colab_20250729-060053_RC00_788359736, line 239: Using //@ to indicate sourceURL pragmas is deprecated. Use //# instead
JavaScript warning: https://9v5fsudkiwi-496ff2e9c6d22116-0-colab.googleusercontent.com/outputframe.html?vrz=colab_20250729-060053_RC00_788359736, line 239: Using //@ to indicate sourceURL pragmas is deprecated. Use //# instead
JavaScript warning: https://9v5fsudkiwi-496ff2e9c6d22116-0-colab.googleusercontent.com/outputframe.html?vrz=colab_20250729-060053_RC00_788359736, line 239: Using //@ to indicate sourceURL pragmas is deprecated. Use //# instead
JavaScript warning: https://www.google.com/js/bg/0qnx2Gb82MY1wqpIt-pJ8z32LEcFDaWHqPgsrVnGetI.js, line 4320: unreachable code after return statement
JavaScript warning: https://www.google.com/js/bg/0qnx2Gb82MY1wqpIt-pJ8z32LEcFDaWHqPgsrVnGetI.js, line 4320: unreachable code after return statement
JavaScript warning: https://www.google.com/js/bg/0qnx2Gb82MY1wqpIt-pJ8z32LEcFDaWHqPgsrVnGetI.js, line 4320: unreachable code after return statement
JavaScript warning: https://www.google.com/js/bg/0qnx2Gb82MY1wqpIt-pJ8z32LEcFDaWHqPgsrVnGetI.js, line 4320: unreachable code after return statement
JavaScript warning: https://www.google.com/js/bg/0qnx2Gb82MY1wqpIt-pJ8z32LEcFDaWHqPgsrVnGetI.js, line 4320: unreachable code after return statement
JavaScript warning: https://www.google.com/js/bg/0qnx2Gb82MY1wqpIt-pJ8z32LEcFDaWHqPgsrVnGetI.js, line 4320: unreachable code after return statement
JavaScript warning: https://www.google.com/js/bg/0qnx2Gb82MY1wqpIt-pJ8z32LEcFDaWHqPgsrVnGetI.js, line 4320: unreachable code after return statement
JavaScript warning: https://www.google.com/js/bg/0qnx2Gb82MY1wqpIt-pJ8z32LEcFDaWHqPgsrVnGetI.js line 2 > eval, line 4320: unreachable code after return statement
JavaScript warning: https://www.google.com/js/bg/0qnx2Gb82MY1wqpIt-pJ8z32LEcFDaWHqPgsrVnGetI.js line 2 > eval, line 4320: unreachable code after return statement
JavaScript warning: https://www.google.com/js/bg/0qnx2Gb82MY1wqpIt-pJ8z32LEcFDaWHqPgsrVnGetI.js line 2 > eval, line 4320: unreachable code after return statement
JavaScript warning: https://www.google.com/js/bg/0qnx2Gb82MY1wqpIt-pJ8z32LEcFDaWHqPgsrVnGetI.js line 2 > eval, line 4320: unreachable code after return statement
JavaScript warning: https://www.google.com/js/bg/0qnx2Gb82MY1wqpIt-pJ8z32LEcFDaWHqPgsrVnGetI.js line 2 > eval line 4320 > eval, line 1: unreachable code after return statement
JavaScript warning: https://www.google.com/js/bg/0qnx2Gb82MY1wqpIt-pJ8z32LEcFDaWHqPgsrVnGetI.js line 2 > eval line 4320 > eval line 1 > eval, line 1: unreachable code after return statement
JavaScript warning: https://www.google.com/js/bg/0qnx2Gb82MY1wqpIt-pJ8z32LEcFDaWHqPgsrVnGetI.js line 2 > eval line 4320 > eval, line 1: unreachable code after return statement
JavaScript warning: https://www.google.com/js/bg/0qnx2Gb82MY1wqpIt-pJ8z32LEcFDaWHqPgsrVnGetI.js line 2 > eval line 4320 > eval line 1 > eval, line 1: unreachable code after return statement
JavaScript warning: https://www.google.com/js/bg/0qnx2Gb82MY1wqpIt-pJ8z32LEcFDaWHqPgsrVnGetI.js line 2 > eval line 4320 > eval, line 1: unreachable code after return statement
JavaScript warning: https://www.google.com/js/bg/0qnx2Gb82MY1wqpIt-pJ8z32LEcFDaWHqPgsrVnGetI.js line 2 > eval line 4320 > eval line 1 > eval, line 1: unreachable code after return statement
JavaScript warning: https://www.google.com/js/bg/0qnx2Gb82MY1wqpIt-pJ8z32LEcFDaWHqPgsrVnGetI.js line 2 > eval, line 4320: unreachable code after return statement
JavaScript warning: https://www.google.com/js/bg/0qnx2Gb82MY1wqpIt-pJ8z32LEcFDaWHqPgsrVnGetI.js line 2 > eval, line 4320: unreachable code after return statement
JavaScript warning: https://www.google.com/js/bg/0qnx2Gb82MY1wqpIt-pJ8z32LEcFDaWHqPgsrVnGetI.js line 2 > eval, line 4320: unreachable code after return statement
JavaScript warning: https://www.google.com/js/bg/0qnx2Gb82MY1wqpIt-pJ8z32LEcFDaWHqPgsrVnGetI.js line 2 > eval line 4320 > eval line 1 > eval, line 1: unreachable code after return statement
JavaScript warning: https://www.google.com/js/bg/0qnx2Gb82MY1wqpIt-pJ8z32LEcFDaWHqPgsrVnGetI.js line 2 > eval line 4320 > eval line 1 > eval, line 1: unreachable code after return statement
JavaScript warning: https://www.google.com/js/bg/0qnx2Gb82MY1wqpIt-pJ8z32LEcFDaWHqPgsrVnGetI.js line 2 > eval line 4320 > eval line 1 > eval, line 1: unreachable code after return statement
JavaScript warning: https://www.google.com/js/bg/0qnx2Gb82MY1wqpIt-pJ8z32LEcFDaWHqPgsrVnGetI.js line 2 > eval line 4320 > eval line 1 > eval line 1 > eval, line 1: unreachable code after return statement
JavaScript warning: https://www.google.com/js/bg/0qnx2Gb82MY1wqpIt-pJ8z32LEcFDaWHqPgsrVnGetI.js line 2 > eval line 4320 > eval line 1 > eval line 1 > eval, line 1: unreachable code after return statement
JavaScript warning: https://www.google.com/js/bg/0qnx2Gb82MY1wqpIt-pJ8z32LEcFDaWHqPgsrVnGetI.js line 2 > eval line 4320 > eval line 1 > eval line 1 > eval, line 1: unreachable code after return statement
1753951594551	addons.xpi	ERROR	System addon update list error SyntaxError: XMLHttpRequest.open: 'http://%(server)s/dummy-system-addons.xml' is not a valid URL.
console.error: services.settings: 
  security-state/cert-revocations Signature failed  InvalidSignatureError: Invalid content signature (security-state/cert-revocations) using 'onecrl.content-signature.mozilla.org-2025-09-11-10-18-46.chain'
console.error: services.settings: 
  security-state/cert-revocations local data was corrupted
console.warn: services.settings: security-state/cert-revocations Signature verified failed. Retry from scratch
console.error: services.settings: 
  security-state/cert-revocations Signature failed again InvalidSignatureError: Invalid content signature (security-state/cert-revocations) using 'onecrl.content-signature.mozilla.org-2025-09-11-10-18-46.chain'
console.error: services.settings: 
  Message: InvalidSignatureError: Invalid content signature (security-state/cert-revocations) using 'onecrl.content-signature.mozilla.org-2025-09-11-10-18-46.chain'
  Stack:
    InvalidSignatureError@resource://services-settings/RemoteSettingsClient.sys.mjs:165:5
_validateCollectionSignature@resource://services-settings/RemoteSettingsClient.sys.mjs:1021:13

console.error: services.settings: 
  blocklists/addons-bloomfilters Signature failed  InvalidSignatureError: Invalid content signature (blocklists/addons-bloomfilters) using 'remote-settings.content-signature.mozilla.org-2025-09-08-21-33-59.chain'
console.error: services.settings: 
  blocklists/addons-bloomfilters local data was corrupted
console.warn: services.settings: blocklists/addons-bloomfilters Signature verified failed. Retry from scratch
console.error: services.settings: 
  blocklists/addons-bloomfilters Signature failed again InvalidSignatureError: Invalid content signature (blocklists/addons-bloomfilters) using 'remote-settings.content-signature.mozilla.org-2025-09-08-21-33-59.chain'
console.error: services.settings: 
  Message: InvalidSignatureError: Invalid content signature (blocklists/addons-bloomfilters) using 'remote-settings.content-signature.mozilla.org-2025-09-08-21-33-59.chain'
  Stack:
    InvalidSignatureError@resource://services-settings/RemoteSettingsClient.sys.mjs:165:5
_validateCollectionSignature@resource://services-settings/RemoteSettingsClient.sys.mjs:1021:13

JavaScript warning: https://9v5fsudkiwi-496ff2e9c6d22116-0-colab.googleusercontent.com/outputframe.html?vrz=colab_20250729-060053_RC00_788359736 line 13 > eval, line 972: Using //@ to indicate sourceURL pragmas is deprecated. Use //# instead
console.error: services.settings: 
  security-state/intermediates Signature failed  InvalidSignatureError: Invalid content signature (security-state/intermediates) using 'onecrl.content-signature.mozilla.org-2025-09-11-10-18-46.chain'
console.error: services.settings: 
  security-state/intermediates local data was corrupted
console.warn: services.settings: security-state/intermediates Signature verified failed. Retry from scratch
console.error: services.settings: 
  security-state/intermediates Signature failed again InvalidSignatureError: Invalid content signature (security-state/intermediates) using 'onecrl.content-signature.mozilla.org-2025-09-11-10-18-46.chain'
console.error: services.settings: 
  Message: InvalidSignatureError: Invalid content signature (security-state/intermediates) using 'onecrl.content-signature.mozilla.org-2025-09-11-10-18-46.chain'
  Stack:
    InvalidSignatureError@resource://services-settings/RemoteSettingsClient.sys.mjs:165:5
_validateCollectionSignature@resource://services-settings/RemoteSettingsClient.sys.mjs:1021:13

console.error: services.settings: 
  main/search-config-v2 Signature failed  InvalidSignatureError: Invalid content signature (main/search-config-v2) using 'remote-settings.content-signature.mozilla.org-2025-09-08-21-33-59.chain'
console.error: services.settings: 
  main/search-config-v2 local data was corrupted
console.warn: services.settings: main/search-config-v2 Signature verified failed. Retry from scratch
console.error: services.settings: 
  main/search-config-v2 Signature failed again InvalidSignatureError: Invalid content signature (main/search-config-v2) using 'remote-settings.content-signature.mozilla.org-2025-09-08-21-33-59.chain'
console.error: services.settings: 
  Message: InvalidSignatureError: Invalid content signature (main/search-config-v2) using 'remote-settings.content-signature.mozilla.org-2025-09-08-21-33-59.chain'
  Stack:
    InvalidSignatureError@resource://services-settings/RemoteSettingsClient.sys.mjs:165:5
_validateCollectionSignature@resource://services-settings/RemoteSettingsClient.sys.mjs:1021:13

console.error: services.settings: 
  main/search-telemetry-v2 Signature failed  InvalidSignatureError: Invalid content signature (main/search-telemetry-v2) using 'remote-settings.content-signature.mozilla.org-2025-09-08-21-33-59.chain'
console.error: services.settings: 
  main/search-telemetry-v2 local data was corrupted
console.warn: services.settings: main/search-telemetry-v2 Signature verified failed. Retry from scratch
console.error: services.settings: 
  main/search-telemetry-v2 Signature failed again InvalidSignatureError: Invalid content signature (main/search-telemetry-v2) using 'remote-settings.content-signature.mozilla.org-2025-09-08-21-33-59.chain'
console.error: services.settings: 
  Message: InvalidSignatureError: Invalid content signature (main/search-telemetry-v2) using 'remote-settings.content-signature.mozilla.org-2025-09-08-21-33-59.chain'
  Stack:
    InvalidSignatureError@resource://services-settings/RemoteSettingsClient.sys.mjs:165:5
_validateCollectionSignature@resource://services-settings/RemoteSettingsClient.sys.mjs:1021:13

console.error: services.settings: 
  main/translations-models Signature failed  InvalidSignatureError: Invalid content signature (main/translations-models) using 'remote-settings.content-signature.mozilla.org-2025-09-08-21-33-59.chain'
console.error: services.settings: 
  main/translations-models local data was corrupted
console.warn: services.settings: main/translations-models Signature verified failed. Retry from scratch
console.error: services.settings: 
  main/translations-models Signature failed again InvalidSignatureError: Invalid content signature (main/translations-models) using 'remote-settings.content-signature.mozilla.org-2025-09-08-21-33-59.chain'
console.error: services.settings: 
  Message: InvalidSignatureError: Invalid content signature (main/translations-models) using 'remote-settings.content-signature.mozilla.org-2025-09-08-21-33-59.chain'
  Stack:
    InvalidSignatureError@resource://services-settings/RemoteSettingsClient.sys.mjs:165:5
_validateCollectionSignature@resource://services-settings/RemoteSettingsClient.sys.mjs:1021:13

console.error: services.settings: 
  security-state/onecrl Signature failed  InvalidSignatureError: Invalid content signature (security-state/onecrl) using 'onecrl.content-signature.mozilla.org-2025-09-11-10-18-46.chain'
console.error: services.settings: 
  security-state/onecrl local data was corrupted
console.warn: services.settings: security-state/onecrl Signature verified failed. Retry from scratch
console.error: services.settings: 
  security-state/onecrl Signature failed again InvalidSignatureError: Invalid content signature (security-state/onecrl) using 'onecrl.content-signature.mozilla.org-2025-09-11-10-18-46.chain'
console.error: services.settings: 
  Message: InvalidSignatureError: Invalid content signature (security-state/onecrl) using 'onecrl.content-signature.mozilla.org-2025-09-11-10-18-46.chain'
  Stack:
    InvalidSignatureError@resource://services-settings/RemoteSettingsClient.sys.mjs:165:5
_validateCollectionSignature@resource://services-settings/RemoteSettingsClient.sys.mjs:1021:13

console.error: services.settings: 
  main/devtools-compatibility-browsers Signature failed  InvalidSignatureError: Invalid content signature (main/devtools-compatibility-browsers) using 'remote-settings.content-signature.mozilla.org-2025-09-08-21-33-59.chain'
console.error: services.settings: 
  main/devtools-compatibility-browsers local data was corrupted
console.warn: services.settings: main/devtools-compatibility-browsers Signature verified failed. Retry from scratch
console.error: services.settings: 
  main/devtools-compatibility-browsers Signature failed again InvalidSignatureError: Invalid content signature (main/devtools-compatibility-browsers) using 'remote-settings.content-signature.mozilla.org-2025-09-08-21-33-59.chain'
console.error: services.settings: 
  Message: InvalidSignatureError: Invalid content signature (main/devtools-compatibility-browsers) using 'remote-settings.content-signature.mozilla.org-2025-09-08-21-33-59.chain'
  Stack:
    InvalidSignatureError@resource://services-settings/RemoteSettingsClient.sys.mjs:165:5
_validateCollectionSignature@resource://services-settings/RemoteSettingsClient.sys.mjs:1021:13

console.error: services.settings: 
  main/doh-config Signature failed  InvalidSignatureError: Invalid content signature (main/doh-config) using 'remote-settings.content-signature.mozilla.org-2025-09-08-21-33-59.chain'
console.error: services.settings: 
  main/doh-config local data was corrupted
console.warn: services.settings: main/doh-config Signature verified failed. Retry from scratch
console.error: services.settings: 
  main/doh-config Signature failed again InvalidSignatureError: Invalid content signature (main/doh-config) using 'remote-settings.content-signature.mozilla.org-2025-09-08-21-33-59.chain'
console.error: services.settings: 
  Message: InvalidSignatureError: Invalid content signature (main/doh-config) using 'remote-settings.content-signature.mozilla.org-2025-09-08-21-33-59.chain'
  Stack:
    InvalidSignatureError@resource://services-settings/RemoteSettingsClient.sys.mjs:165:5
_validateCollectionSignature@resource://services-settings/RemoteSettingsClient.sys.mjs:1021:13

console.error: services.settings: 
  main/fingerprinting-protection-overrides Signature failed  InvalidSignatureError: Invalid content signature (main/fingerprinting-protection-overrides) using 'remote-settings.content-signature.mozilla.org-2025-09-08-21-33-59.chain'
console.error: services.settings: 
  main/fingerprinting-protection-overrides local data was corrupted
console.warn: services.settings: main/fingerprinting-protection-overrides Signature verified failed. Retry from scratch
console.error: services.settings: 
  main/fingerprinting-protection-overrides Signature failed again InvalidSignatureError: Invalid content signature (main/fingerprinting-protection-overrides) using 'remote-settings.content-signature.mozilla.org-2025-09-08-21-33-59.chain'
console.error: services.settings: 
  Message: InvalidSignatureError: Invalid content signature (main/fingerprinting-protection-overrides) using 'remote-settings.content-signature.mozilla.org-2025-09-08-21-33-59.chain'
  Stack:
    InvalidSignatureError@resource://services-settings/RemoteSettingsClient.sys.mjs:165:5
_validateCollectionSignature@resource://services-settings/RemoteSettingsClient.sys.mjs:1021:13

console.error: services.settings: 
  main/translations-wasm Signature failed  InvalidSignatureError: Invalid content signature (main/translations-wasm) using 'remote-settings.content-signature.mozilla.org-2025-09-08-21-33-59.chain'
console.error: services.settings: 
  main/translations-wasm local data was corrupted
console.warn: services.settings: main/translations-wasm Signature verified failed. Retry from scratch
console.error: services.settings: 
  main/translations-wasm Signature failed again InvalidSignatureError: Invalid content signature (main/translations-wasm) using 'remote-settings.content-signature.mozilla.org-2025-09-08-21-33-59.chain'
console.error: services.settings: 
  Message: InvalidSignatureError: Invalid content signature (main/translations-wasm) using 'remote-settings.content-signature.mozilla.org-2025-09-08-21-33-59.chain'
  Stack:
    InvalidSignatureError@resource://services-settings/RemoteSettingsClient.sys.mjs:165:5
_validateCollectionSignature@resource://services-settings/RemoteSettingsClient.sys.mjs:1021:13

console.error: services.settings: 
  main/partitioning-exempt-urls Signature failed  InvalidSignatureError: Invalid content signature (main/partitioning-exempt-urls) using 'remote-settings.content-signature.mozilla.org-2025-09-08-21-33-59.chain'
console.error: services.settings: 
  main/partitioning-exempt-urls local data was corrupted
console.warn: services.settings: main/partitioning-exempt-urls Signature verified failed. Retry from scratch
console.error: services.settings: 
  main/partitioning-exempt-urls Signature failed again InvalidSignatureError: Invalid content signature (main/partitioning-exempt-urls) using 'remote-settings.content-signature.mozilla.org-2025-09-08-21-33-59.chain'
console.error: services.settings: 
  Message: InvalidSignatureError: Invalid content signature (main/partitioning-exempt-urls) using 'remote-settings.content-signature.mozilla.org-2025-09-08-21-33-59.chain'
  Stack:
    InvalidSignatureError@resource://services-settings/RemoteSettingsClient.sys.mjs:165:5
_validateCollectionSignature@resource://services-settings/RemoteSettingsClient.sys.mjs:1021:13

console.error: services.settings: 
  blocklists/gfx Signature failed  InvalidSignatureError: Invalid content signature (blocklists/gfx) using 'remote-settings.content-signature.mozilla.org-2025-09-08-21-33-59.chain'
console.error: services.settings: 
  blocklists/gfx local data was corrupted
console.warn: services.settings: blocklists/gfx Signature verified failed. Retry from scratch
console.error: services.settings: 
  blocklists/gfx Signature failed again InvalidSignatureError: Invalid content signature (blocklists/gfx) using 'remote-settings.content-signature.mozilla.org-2025-09-08-21-33-59.chain'
console.error: services.settings: 
  Message: InvalidSignatureError: Invalid content signature (blocklists/gfx) using 'remote-settings.content-signature.mozilla.org-2025-09-08-21-33-59.chain'
  Stack:
    InvalidSignatureError@resource://services-settings/RemoteSettingsClient.sys.mjs:165:5
_validateCollectionSignature@resource://services-settings/RemoteSettingsClient.sys.mjs:1021:13

console.error: services.settings: 
  main/search-config-icons Signature failed  InvalidSignatureError: Invalid content signature (main/search-config-icons) using 'remote-settings.content-signature.mozilla.org-2025-09-08-21-33-59.chain'
console.error: services.settings: 
  main/search-config-icons local data was corrupted
console.warn: services.settings: main/search-config-icons Signature verified failed. Retry from scratch
console.error: services.settings: 
  main/search-config-icons Signature failed again InvalidSignatureError: Invalid content signature (main/search-config-icons) using 'remote-settings.content-signature.mozilla.org-2025-09-08-21-33-59.chain'
console.error: services.settings: 
  Message: InvalidSignatureError: Invalid content signature (main/search-config-icons) using 'remote-settings.content-signature.mozilla.org-2025-09-08-21-33-59.chain'
  Stack:
    InvalidSignatureError@resource://services-settings/RemoteSettingsClient.sys.mjs:165:5
_validateCollectionSignature@resource://services-settings/RemoteSettingsClient.sys.mjs:1021:13

console.error: services.settings: 
  main/search-default-override-allowlist Signature failed  InvalidSignatureError: Invalid content signature (main/search-default-override-allowlist) using 'remote-settings.content-signature.mozilla.org-2025-09-08-21-33-59.chain'
console.error: services.settings: 
  main/search-default-override-allowlist local data was corrupted
console.warn: services.settings: main/search-default-override-allowlist Signature verified failed. Retry from scratch
console.error: services.settings: 
  main/search-default-override-allowlist Signature failed again InvalidSignatureError: Invalid content signature (main/search-default-override-allowlist) using 'remote-settings.content-signature.mozilla.org-2025-09-08-21-33-59.chain'
console.error: services.settings: 
  Message: InvalidSignatureError: Invalid content signature (main/search-default-override-allowlist) using 'remote-settings.content-signature.mozilla.org-2025-09-08-21-33-59.chain'
  Stack:
    InvalidSignatureError@resource://services-settings/RemoteSettingsClient.sys.mjs:165:5
_validateCollectionSignature@resource://services-settings/RemoteSettingsClient.sys.mjs:1021:13

console.error: services.settings: 
  main/top-sites Signature failed  InvalidSignatureError: Invalid content signature (main/top-sites) using 'remote-settings.content-signature.mozilla.org-2025-09-08-21-33-59.chain'
console.error: services.settings: 
  main/top-sites local data was corrupted
console.warn: services.settings: main/top-sites Signature verified failed. Retry from scratch
console.error: services.settings: 
  main/top-sites Signature failed again InvalidSignatureError: Invalid content signature (main/top-sites) using 'remote-settings.content-signature.mozilla.org-2025-09-08-21-33-59.chain'
console.error: services.settings: 
  Message: InvalidSignatureError: Invalid content signature (main/top-sites) using 'remote-settings.content-signature.mozilla.org-2025-09-08-21-33-59.chain'
  Stack:
    InvalidSignatureError@resource://services-settings/RemoteSettingsClient.sys.mjs:165:5
_validateCollectionSignature@resource://services-settings/RemoteSettingsClient.sys.mjs:1021:13

console.error: services.settings: 
  main/password-rules Signature failed  InvalidSignatureError: Invalid content signature (main/password-rules) using 'remote-settings.content-signature.mozilla.org-2025-09-08-21-33-59.chain'
console.error: services.settings: 
  main/password-rules local data was corrupted
console.warn: services.settings: main/password-rules Signature verified failed. Retry from scratch
console.error: services.settings: 
  main/password-rules Signature failed again InvalidSignatureError: Invalid content signature (main/password-rules) using 'remote-settings.content-signature.mozilla.org-2025-09-08-21-33-59.chain'
console.error: services.settings: 
  Message: InvalidSignatureError: Invalid content signature (main/password-rules) using 'remote-settings.content-signature.mozilla.org-2025-09-08-21-33-59.chain'
  Stack:
    InvalidSignatureError@resource://services-settings/RemoteSettingsClient.sys.mjs:165:5
_validateCollectionSignature@resource://services-settings/RemoteSettingsClient.sys.mjs:1021:13

console.error: services.settings: 
  main/url-classifier-skip-urls Signature failed  InvalidSignatureError: Invalid content signature (main/url-classifier-skip-urls) using 'remote-settings.content-signature.mozilla.org-2025-09-08-21-33-59.chain'
console.error: services.settings: 
  main/url-classifier-skip-urls local data was corrupted
console.warn: services.settings: main/url-classifier-skip-urls Signature verified failed. Retry from scratch
console.error: services.settings: 
  main/url-classifier-skip-urls Signature failed again InvalidSignatureError: Invalid content signature (main/url-classifier-skip-urls) using 'remote-settings.content-signature.mozilla.org-2025-09-08-21-33-59.chain'
console.error: services.settings: 
  Message: InvalidSignatureError: Invalid content signature (main/url-classifier-skip-urls) using 'remote-settings.content-signature.mozilla.org-2025-09-08-21-33-59.chain'
  Stack:
    InvalidSignatureError@resource://services-settings/RemoteSettingsClient.sys.mjs:165:5
_validateCollectionSignature@resource://services-settings/RemoteSettingsClient.sys.mjs:1021:13

console.error: services.settings: 
  main/websites-with-shared-credential-backends Signature failed  InvalidSignatureError: Invalid content signature (main/websites-with-shared-credential-backends) using 'remote-settings.content-signature.mozilla.org-2025-09-08-21-33-59.chain'
console.error: services.settings: 
  main/websites-with-shared-credential-backends local data was corrupted
console.warn: services.settings: main/websites-with-shared-credential-backends Signature verified failed. Retry from scratch
console.error: services.settings: 
  main/websites-with-shared-credential-backends Signature failed again InvalidSignatureError: Invalid content signature (main/websites-with-shared-credential-backends) using 'remote-settings.content-signature.mozilla.org-2025-09-08-21-33-59.chain'
console.error: services.settings: 
  Message: InvalidSignatureError: Invalid content signature (main/websites-with-shared-credential-backends) using 'remote-settings.content-signature.mozilla.org-2025-09-08-21-33-59.chain'
  Stack:
    InvalidSignatureError@resource://services-settings/RemoteSettingsClient.sys.mjs:165:5
_validateCollectionSignature@resource://services-settings/RemoteSettingsClient.sys.mjs:1021:13

console.error: services.settings: 
  main/normandy-recipes-capabilities Signature failed  InvalidSignatureError: Invalid content signature (main/normandy-recipes-capabilities) using 'remote-settings.content-signature.mozilla.org-2025-09-08-21-33-59.chain'
console.error: services.settings: 
  main/normandy-recipes-capabilities local data was corrupted
console.warn: services.settings: main/normandy-recipes-capabilities Signature verified failed. Retry from scratch
console.error: services.settings: 
  main/normandy-recipes-capabilities Signature failed again InvalidSignatureError: Invalid content signature (main/normandy-recipes-capabilities) using 'remote-settings.content-signature.mozilla.org-2025-09-08-21-33-59.chain'
console.error: services.settings: 
  Message: InvalidSignatureError: Invalid content signature (main/normandy-recipes-capabilities) using 'remote-settings.content-signature.mozilla.org-2025-09-08-21-33-59.chain'
  Stack:
    InvalidSignatureError@resource://services-settings/RemoteSettingsClient.sys.mjs:165:5
_validateCollectionSignature@resource://services-settings/RemoteSettingsClient.sys.mjs:1021:13

console.error: services.settings: 
  main/cookie-banner-rules-list Signature failed  InvalidSignatureError: Invalid content signature (main/cookie-banner-rules-list) using 'remote-settings.content-signature.mozilla.org-2025-09-08-21-33-59.chain'
console.error: services.settings: 
  main/cookie-banner-rules-list local data was corrupted
console.warn: services.settings: main/cookie-banner-rules-list Signature verified failed. Retry from scratch
console.error: services.settings: 
  main/cookie-banner-rules-list Signature failed again InvalidSignatureError: Invalid content signature (main/cookie-banner-rules-list) using 'remote-settings.content-signature.mozilla.org-2025-09-08-21-33-59.chain'
console.error: services.settings: 
  Message: InvalidSignatureError: Invalid content signature (main/cookie-banner-rules-list) using 'remote-settings.content-signature.mozilla.org-2025-09-08-21-33-59.chain'
  Stack:
    InvalidSignatureError@resource://services-settings/RemoteSettingsClient.sys.mjs:165:5
_validateCollectionSignature@resource://services-settings/RemoteSettingsClient.sys.mjs:1021:13

console.warn: services.settings: main/search-config Signature verified failed. Retry from scratch
console.error: services.settings: 
  main/search-config Signature failed again InvalidSignatureError: Invalid content signature (main/search-config) using 'remote-settings.content-signature.mozilla.org-2025-09-08-21-33-59.chain'
console.error: services.settings: 
  Message: InvalidSignatureError: Invalid content signature (main/search-config) using 'remote-settings.content-signature.mozilla.org-2025-09-08-21-33-59.chain'
  Stack:
    InvalidSignatureError@resource://services-settings/RemoteSettingsClient.sys.mjs:165:5
_validateCollectionSignature@resource://services-settings/RemoteSettingsClient.sys.mjs:1021:13

console.warn: services.settings: main/search-config-overrides Signature verified failed. Retry from scratch
console.error: services.settings: 
  main/search-config-overrides Signature failed again InvalidSignatureError: Invalid content signature (main/search-config-overrides) using 'remote-settings.content-signature.mozilla.org-2025-09-08-21-33-59.chain'
console.error: services.settings: 
  Message: InvalidSignatureError: Invalid content signature (main/search-config-overrides) using 'remote-settings.content-signature.mozilla.org-2025-09-08-21-33-59.chain'
  Stack:
    InvalidSignatureError@resource://services-settings/RemoteSettingsClient.sys.mjs:165:5
_validateCollectionSignature@resource://services-settings/RemoteSettingsClient.sys.mjs:1021:13

console.error: services.settings: 
  main/query-stripping Signature failed  InvalidSignatureError: Invalid content signature (main/query-stripping) using 'remote-settings.content-signature.mozilla.org-2025-09-08-21-33-59.chain'
console.error: services.settings: 
  main/query-stripping local data was corrupted
console.warn: services.settings: main/query-stripping Signature verified failed. Retry from scratch
console.error: services.settings: 
  main/query-stripping Signature failed again InvalidSignatureError: Invalid content signature (main/query-stripping) using 'remote-settings.content-signature.mozilla.org-2025-09-08-21-33-59.chain'
console.error: services.settings: 
  Message: InvalidSignatureError: Invalid content signature (main/query-stripping) using 'remote-settings.content-signature.mozilla.org-2025-09-08-21-33-59.chain'
  Stack:
    InvalidSignatureError@resource://services-settings/RemoteSettingsClient.sys.mjs:165:5
_validateCollectionSignature@resource://services-settings/RemoteSettingsClient.sys.mjs:1021:13

console.error: services.settings: 
  main/addons-manager-settings Signature failed  InvalidSignatureError: Invalid content signature (main/addons-manager-settings) using 'remote-settings.content-signature.mozilla.org-2025-09-08-21-33-59.chain'
console.error: services.settings: 
  main/addons-manager-settings local data was corrupted
console.warn: services.settings: main/addons-manager-settings Signature verified failed. Retry from scratch
console.error: services.settings: 
  main/addons-manager-settings Signature failed again InvalidSignatureError: Invalid content signature (main/addons-manager-settings) using 'remote-settings.content-signature.mozilla.org-2025-09-08-21-33-59.chain'
console.error: services.settings: 
  Message: InvalidSignatureError: Invalid content signature (main/addons-manager-settings) using 'remote-settings.content-signature.mozilla.org-2025-09-08-21-33-59.chain'
  Stack:
    InvalidSignatureError@resource://services-settings/RemoteSettingsClient.sys.mjs:165:5
_validateCollectionSignature@resource://services-settings/RemoteSettingsClient.sys.mjs:1021:13

console.error: services.settings: 
  main/fxmonitor-breaches Signature failed  InvalidSignatureError: Invalid content signature (main/fxmonitor-breaches) using 'remote-settings.content-signature.mozilla.org-2025-09-08-21-33-59.chain'
console.error: services.settings: 
  main/fxmonitor-breaches local data was corrupted
console.warn: services.settings: main/fxmonitor-breaches Signature verified failed. Retry from scratch
console.error: services.settings: 
  main/fxmonitor-breaches Signature failed again InvalidSignatureError: Invalid content signature (main/fxmonitor-breaches) using 'remote-settings.content-signature.mozilla.org-2025-09-08-21-33-59.chain'
console.error: services.settings: 
  Message: InvalidSignatureError: Invalid content signature (main/fxmonitor-breaches) using 'remote-settings.content-signature.mozilla.org-2025-09-08-21-33-59.chain'
  Stack:
    InvalidSignatureError@resource://services-settings/RemoteSettingsClient.sys.mjs:165:5
_validateCollectionSignature@resource://services-settings/RemoteSettingsClient.sys.mjs:1021:13

console.error: services.settings: 
  main/doh-providers Signature failed  InvalidSignatureError: Invalid content signature (main/doh-providers) using 'remote-settings.content-signature.mozilla.org-2025-09-08-21-33-59.chain'
console.error: services.settings: 
  main/doh-providers local data was corrupted
console.warn: services.settings: main/doh-providers Signature verified failed. Retry from scratch
console.error: services.settings: 
  main/doh-providers Signature failed again InvalidSignatureError: Invalid content signature (main/doh-providers) using 'remote-settings.content-signature.mozilla.org-2025-09-08-21-33-59.chain'
console.error: services.settings: 
  Message: InvalidSignatureError: Invalid content signature (main/doh-providers) using 'remote-settings.content-signature.mozilla.org-2025-09-08-21-33-59.chain'
  Stack:
    InvalidSignatureError@resource://services-settings/RemoteSettingsClient.sys.mjs:165:5
_validateCollectionSignature@resource://services-settings/RemoteSettingsClient.sys.mjs:1021:13

console.error: services.settings: 
  main/pioneer-study-addons-v1 Signature failed  InvalidSignatureError: Invalid content signature (main/pioneer-study-addons-v1) using 'remote-settings.content-signature.mozilla.org-2025-09-08-21-33-59.chain'
console.error: services.settings: 
  main/pioneer-study-addons-v1 local data was corrupted
console.warn: services.settings: main/pioneer-study-addons-v1 Signature verified failed. Retry from scratch
console.error: services.settings: 
  main/pioneer-study-addons-v1 Signature failed again InvalidSignatureError: Invalid content signature (main/pioneer-study-addons-v1) using 'remote-settings.content-signature.mozilla.org-2025-09-08-21-33-59.chain'
console.error: services.settings: 
  Message: InvalidSignatureError: Invalid content signature (main/pioneer-study-addons-v1) using 'remote-settings.content-signature.mozilla.org-2025-09-08-21-33-59.chain'
  Stack:
    InvalidSignatureError@resource://services-settings/RemoteSettingsClient.sys.mjs:165:5
_validateCollectionSignature@resource://services-settings/RemoteSettingsClient.sys.mjs:1021:13

console.warn: services.settings: main/hijack-blocklists Signature verified failed. Retry from scratch
console.error: services.settings: 
  main/hijack-blocklists Signature failed again InvalidSignatureError: Invalid content signature (main/hijack-blocklists) using 'remote-settings.content-signature.mozilla.org-2025-09-08-21-33-59.chain'
console.error: services.settings: 
  Message: InvalidSignatureError: Invalid content signature (main/hijack-blocklists) using 'remote-settings.content-signature.mozilla.org-2025-09-08-21-33-59.chain'
  Stack:
    InvalidSignatureError@resource://services-settings/RemoteSettingsClient.sys.mjs:165:5
_validateCollectionSignature@resource://services-settings/RemoteSettingsClient.sys.mjs:1021:13

console.error: services.settings: 
  main/public-suffix-list Signature failed  InvalidSignatureError: Invalid content signature (main/public-suffix-list) using 'remote-settings.content-signature.mozilla.org-2025-09-08-21-33-59.chain'
console.error: services.settings: 
  main/public-suffix-list local data was corrupted
console.warn: services.settings: main/public-suffix-list Signature verified failed. Retry from scratch
console.error: services.settings: 
  main/public-suffix-list Signature failed again InvalidSignatureError: Invalid content signature (main/public-suffix-list) using 'remote-settings.content-signature.mozilla.org-2025-09-08-21-33-59.chain'
console.error: services.settings: 
  Message: InvalidSignatureError: Invalid content signature (main/public-suffix-list) using 'remote-settings.content-signature.mozilla.org-2025-09-08-21-33-59.chain'
  Stack:
    InvalidSignatureError@resource://services-settings/RemoteSettingsClient.sys.mjs:165:5
_validateCollectionSignature@resource://services-settings/RemoteSettingsClient.sys.mjs:1021:13

console.warn: services.settings: main/anti-tracking-url-decoration Signature verified failed. Retry from scratch
console.error: services.settings: 
  main/anti-tracking-url-decoration Signature failed again InvalidSignatureError: Invalid content signature (main/anti-tracking-url-decoration) using 'remote-settings.content-signature.mozilla.org-2025-09-08-21-33-59.chain'
console.error: services.settings: 
  Message: InvalidSignatureError: Invalid content signature (main/anti-tracking-url-decoration) using 'remote-settings.content-signature.mozilla.org-2025-09-08-21-33-59.chain'
  Stack:
    InvalidSignatureError@resource://services-settings/RemoteSettingsClient.sys.mjs:165:5
_validateCollectionSignature@resource://services-settings/RemoteSettingsClient.sys.mjs:1021:13

console.error: (new InvalidSignatureError("Invalid content signature (security-state/cert-revocations) using 'onecrl.content-signature.mozilla.org-2025-09-11-10-18-46.chain'", "resource://services-settings/RemoteSettingsClient.sys.mjs", 165))
JavaScript warning: https://9ejqirs6wt4-496ff2e9c6d22116-0-colab.googleusercontent.com/outputframe.html?vrz=colab_20250729-060053_RC00_788359736, line 239: Using //@ to indicate sourceURL pragmas is deprecated. Use //# instead
JavaScript warning: https://vqkghi4ovno-496ff2e9c6d22116-0-colab.googleusercontent.com/outputframe.html?vrz=colab_20250729-060053_RC00_788359736, line 239: Using //@ to indicate sourceURL pragmas is deprecated. Use //# instead
JavaScript warning: https://www.google.com/js/bg/ewkwPWymqQfuUctaJ1I01ziIEjwrJG28Jgq1eVP0gew.js, line 4176: unreachable code after return statement
JavaScript warning: https://www.google.com/js/bg/ewkwPWymqQfuUctaJ1I01ziIEjwrJG28Jgq1eVP0gew.js, line 4176: unreachable code after return statement
JavaScript warning: https://www.google.com/js/bg/ewkwPWymqQfuUctaJ1I01ziIEjwrJG28Jgq1eVP0gew.js, line 4176: unreachable code after return statement
JavaScript warning: https://www.google.com/js/bg/ewkwPWymqQfuUctaJ1I01ziIEjwrJG28Jgq1eVP0gew.js line 2 > eval, line 4176: unreachable code after return statement
JavaScript warning: https://www.google.com/js/bg/ewkwPWymqQfuUctaJ1I01ziIEjwrJG28Jgq1eVP0gew.js line 2 > eval, line 4176: unreachable code after return statement
JavaScript warning: https://www.google.com/js/bg/ewkwPWymqQfuUctaJ1I01ziIEjwrJG28Jgq1eVP0gew.js line 2 > eval, line 4176: unreachable code after return statement
JavaScript warning: https://www.google.com/js/bg/ewkwPWymqQfuUctaJ1I01ziIEjwrJG28Jgq1eVP0gew.js line 2 > eval, line 1: unreachable code after return statement
JavaScript warning: https://www.google.com/js/bg/ewkwPWymqQfuUctaJ1I01ziIEjwrJG28Jgq1eVP0gew.js line 2 > eval line 4176 > eval, line 1: unreachable code after return statement
JavaScript warning: https://www.google.com/js/bg/ewkwPWymqQfuUctaJ1I01ziIEjwrJG28Jgq1eVP0gew.js line 2 > eval line 4176 > eval, line 1: unreachable code after return statement
JavaScript warning: https://www.google.com/js/bg/ewkwPWymqQfuUctaJ1I01ziIEjwrJG28Jgq1eVP0gew.js line 2 > eval line 4176 > eval line 1 > eval, line 1: unreachable code after return statement
JavaScript warning: https://www.google.com/js/bg/ewkwPWymqQfuUctaJ1I01ziIEjwrJG28Jgq1eVP0gew.js line 2 > eval line 4176 > eval line 1 > eval, line 1: unreachable code after return statement
JavaScript warning: https://www.google.com/js/bg/ewkwPWymqQfuUctaJ1I01ziIEjwrJG28Jgq1eVP0gew.js line 2 > eval line 4176 > eval line 1 > eval, line 1: unreachable code after return statement
JavaScript warning: https://www.google.com/js/bg/ewkwPWymqQfuUctaJ1I01ziIEjwrJG28Jgq1eVP0gew.js line 2 > eval line 4176 > eval line 1 > eval line 1 > eval, line 1: unreachable code after return statement
JavaScript warning: https://www.google.com/js/bg/ewkwPWymqQfuUctaJ1I01ziIEjwrJG28Jgq1eVP0gew.js line 2 > eval line 4176 > eval line 1 > eval line 1 > eval, line 1: unreachable code after return statement
JavaScript warning: https://www.googletagmanager.com/gtag/js?id=G-S3V05QCXK5&cx=c&_slc=1, line 419: Script terminated by timeout at:
br.prototype.flush@https://www.googletagmanager.com/gtag/js?id=G-S3V05QCXK5&cx=c&_slc=1:419:62
FO/<@https://www.googletagmanager.com/gtag/js?id=G-S3V05QCXK5&cx=c&_slc=1:776:119
k.ao/<@https://www.googletagmanager.com/gtag/js?id=G-S3V05QCXK5&cx=c&_slc=1:711:126
k.ao/c/<@https://www.googletagmanager.com/gtag/js?id=G-S3V05QCXK5&cx=c&_slc=1:710:418

1753955122500	Marionette	INFO	Stopped listening on port 54402
Dynamically enable window occlusion 1
